# Max2Obj Version 4.0 Mar 10th, 2001
#
mtllib ./model.mtl
g
# object Material__2 to come ...
#
v  -0.116654 8.194803 -0.714534
v  0.037489 8.144719 -0.714534
v  0.132755 8.275841 -0.714534
v  -0.047719 8.144719 -0.714534
v  0.106424 8.194803 -0.714534
v  0.106424 8.356878 -0.714534
v  0.037489 8.406962 -0.714534
v  0.262118 7.952465 0.035419
v  0.262118 8.042412 -0.291378
v  0.086588 8.042413 -0.291378
v  0.086588 7.952466 0.035419
v  0.086588 8.095115 -0.281946
v  0.086588 8.005169 0.044850
v  0.262118 8.095114 -0.281946
v  0.262118 8.005168 0.044850
v  0.227182 8.451824 -1.220100
v  0.227182 8.451824 -1.465192
v  0.120718 8.451824 -1.465192
v  0.120718 8.451824 -1.220100
v  -0.047719 8.144719 -0.527838
v  0.037489 8.144719 -0.527838
v  -0.116654 8.194803 -0.527838
v  -0.142985 8.275841 -0.714534
v  -0.142985 8.275841 -0.527838
v  -0.116654 8.356878 -0.714534
v  -0.116654 8.356878 -0.527838
v  -0.047719 8.406962 -0.714534
v  -0.047719 8.406962 -0.527838
v  0.037489 8.406962 -0.527838
v  0.106424 8.356878 -0.527838
v  0.132755 8.275841 -0.527838
v  0.314623 7.959758 -2.153589
v  0.314623 7.746911 -2.153589
v  0.314623 8.314796 -1.798549
v  0.314623 7.746911 -1.433891
v  0.314623 8.314798 -1.433891
v  -0.094475 7.746911 -1.433891
v  -0.094475 8.314798 -1.433891
v  -0.094475 8.314797 -1.798549
v  -0.225209 8.301615 -0.710722
v  -0.225209 8.301615 -1.536774
v  -0.069338 8.457485 -1.536775
v  -0.069338 8.457485 -0.710722
v  0.445357 8.301613 -1.536775
v  0.445357 8.301613 -0.710722
v  0.289486 8.457485 -0.710722
v  0.289486 8.457485 -1.536774
v  0.445357 8.072298 -0.710722
v  0.445357 8.072299 -1.536774
v  -0.225209 8.072300 -1.536774
v  -0.225209 8.072300 -0.710722
v  0.120718 8.498384 -1.465192
v  0.120718 8.498384 -1.220100
v  0.227182 8.498384 -1.465192
v  0.227182 8.498384 -1.220100
v  -0.094475 7.959758 -2.153589
v  -0.094475 7.746911 -2.153589
v  0.025389 8.369722 -0.615332
v  0.025389 8.369722 -0.527838
v  0.074745 8.333862 -0.527838
v  0.074745 8.333862 -0.615332
v  0.093598 8.275841 -0.527838
v  0.093598 8.275841 -0.615332
v  0.106424 8.194803 -0.527838
v  0.074745 8.217819 -0.527838
v  0.025389 8.181959 -0.527838
v  -0.035619 8.181959 -0.527838
v  -0.084975 8.217819 -0.527838
v  -0.103828 8.275841 -0.527838
v  -0.084975 8.333862 -0.527838
v  -0.035619 8.369722 -0.527838
v  0.059191 8.322562 -0.615332
v  0.019448 8.351438 -0.615332
v  0.074372 8.275841 -0.615332
v  0.074745 8.217819 -0.615332
v  0.025389 8.181959 -0.615332
v  -0.035619 8.181959 -0.615332
v  -0.084975 8.217819 -0.615332
v  -0.103828 8.275841 -0.615332
v  -0.084975 8.333862 -0.615332
v  -0.035619 8.369722 -0.615332
v  0.169827 8.325535 -0.607838
v  0.169827 8.325535 -0.714534
v  0.195564 8.387669 -0.714534
v  0.195564 8.387669 -0.607838
v  0.257697 8.413404 -0.714534
v  0.257697 8.413404 -0.607838
v  0.319830 8.387669 -0.714534
v  0.319830 8.387669 -0.607838
v  0.345566 8.325535 -0.714534
v  0.345566 8.325535 -0.607838
v  0.257697 8.237665 -0.714534
v  0.195564 8.263402 -0.714534
v  0.319830 8.263402 -0.714534
v  0.257697 8.237665 -0.607838
v  0.319830 8.263402 -0.607838
v  0.195564 8.263402 -0.607838
v  -0.459526 5.955166 -2.609951
v  -0.459526 6.533685 -3.015577
v  -0.459526 6.533685 -0.818691
v  0.679674 6.533685 -0.818691
v  0.679674 5.955167 -0.818691
v  -0.459526 5.955166 -0.818691
v  -0.143593 6.695701 2.066247
v  -0.215338 6.623892 2.058252
v  0.435486 6.623892 2.058252
v  0.363740 6.695701 2.066247
v  -0.215338 6.236291 2.015097
v  0.435486 6.236291 2.015097
v  -0.216149 5.788120 1.851987
v  0.436298 5.788120 1.851986
v  -0.123470 5.695273 1.818196
v  0.343618 5.695273 1.818196
v  -0.215338 6.623892 2.310808
v  -0.215338 6.236291 2.267653
v  -0.143593 6.695701 2.318804
v  0.363740 6.695701 2.318804
v  0.435486 6.623892 2.310808
v  -0.221011 6.444273 -2.883145
v  -0.221011 6.374706 -2.997202
v  0.441160 6.374706 -2.997202
v  0.441160 6.444273 -2.883145
v  -0.359563 5.326842 -2.103243
v  -0.359563 5.257275 -2.217300
v  -0.359564 6.260874 -2.917753
v  -0.359564 6.330441 -2.803697
v  -0.264388 5.231667 -2.034800
v  -0.264388 5.162100 -2.148857
v  0.484537 5.231666 -2.034801
v  0.484537 5.162099 -2.148857
v  0.579712 5.257275 -2.217300
v  0.579712 6.260874 -2.917754
v  0.679674 5.955166 -2.609951
v  0.679674 6.533685 -3.015577
v  0.436298 5.788120 2.104543
v  0.343618 5.695273 2.070752
v  -0.123470 5.695273 2.070752
v  -0.459526 5.249709 -2.123349
v  -0.344092 5.134275 -2.003044
v  0.679674 5.249709 -2.123349
v  0.564241 5.134275 -2.003044
v  0.679674 5.249709 -0.244650
v  -0.459525 5.249709 -0.244650
v  -0.344092 5.134275 -0.124345
v  0.564242 5.134275 -0.124345
v  0.435486 6.236291 2.267653
v  -0.216149 5.788120 2.104543
v  1.013199 6.844420 0.157019
v  1.013471 7.081233 -0.558107
v  -0.793324 7.081234 -0.558106
v  1.013471 7.792927 -0.456933
v  1.013471 7.793270 -1.844479
v  1.013471 7.081192 -1.844479
v  -0.793324 7.081193 -1.844479
v  -0.793324 7.793271 -1.844479
v  -0.793324 7.792929 -0.456933
v  0.696115 8.079258 -0.401819
v  0.696115 8.079256 -1.845677
v  -0.475968 8.079258 -1.845676
v  -0.475968 8.079258 -0.401819
v  1.013199 7.501134 0.503877
v  -0.793051 7.501134 0.503877
v  -0.793051 6.844420 0.157020
v  0.696115 7.788025 0.656303
v  -0.475968 7.788026 0.656303
v  0.487400 7.165859 2.063361
v  0.487400 7.282090 1.666837
v  0.691730 7.004036 1.568867
v  -0.471407 6.894541 2.035408
v  -0.471583 7.004037 1.568868
v  -0.267252 7.165859 2.063361
v  -0.267252 7.282091 1.666837
v  0.579712 6.330441 -2.803697
v  0.579712 5.326841 -2.103244
v  -0.471407 6.581438 1.608629
v  0.691555 6.581438 1.608628
v  0.691730 6.860275 1.120712
v  -0.471583 6.860275 1.120712
v  0.691555 6.894542 2.035408
v  0.817445 6.577553 1.613046
v  0.817445 6.021233 1.555452
v  -0.597297 6.021233 1.555453
v  -0.597297 6.577553 1.613047
v  0.817446 5.458813 1.670784
v  0.674092 5.283328 1.706770
v  -0.453944 5.283327 1.706770
v  -0.597297 5.458813 1.670785
v  -0.595176 7.294942 0.728106
v  -0.347566 7.518976 0.847136
v  0.567713 7.518976 0.847135
v  -0.595176 7.138439 0.644956
v  0.815323 7.138439 0.644955
v  0.815323 7.294942 0.728106
v  -0.347566 7.770681 -0.065960
v  0.567713 7.770681 -0.065960
v  -0.347566 7.766066 -2.268767
v  0.567711 7.766067 -2.268767
v  0.674092 4.913123 1.378493
v  -0.453944 4.913123 1.378493
v  0.674092 4.913122 0.060230
v  -0.453944 4.913123 0.060231
v  -0.597297 5.056477 -0.089173
v  -0.597298 5.932566 -0.802060
v  0.817446 5.932566 -0.802060
v  0.817446 5.056476 -0.089173
v  -0.597169 5.056477 1.314015
v  -0.595389 7.523072 -0.099463
v  -0.596976 5.941497 -2.270341
v  -0.595435 7.518456 -2.271274
v  0.494680 5.716710 1.948798
v  0.494680 5.716710 1.825265
v  0.493724 6.245089 2.017565
v  -0.273575 6.245089 2.017567
v  -0.273575 6.245089 2.141100
v  -0.273575 6.702056 2.191978
v  -0.273575 6.702056 2.068445
v  0.493724 6.702055 2.068444
v  0.493724 6.702055 2.191977
v  0.493724 6.245089 2.141098
v  -0.188990 6.786716 2.077870
v  -0.188990 6.786716 2.201403
v  0.409137 6.786716 2.201403
v  0.409137 6.786716 2.077870
v  -0.165266 5.607247 1.785427
v  -0.165266 5.607247 1.908960
v  -0.274531 5.716710 1.948798
v  -0.274531 5.716710 1.825266
v  0.385414 5.607247 1.908960
v  0.385414 5.607247 1.785427
v  -0.393411 6.249182 2.141639
v  -0.393410 5.557219 1.889802
v  -0.393411 5.557218 1.583095
v  -0.393411 6.847626 2.208270
v  -0.393411 7.205853 0.674486
v  -0.393411 7.138439 0.639409
v  0.503664 7.384707 -3.609760
v  -0.498023 6.994794 -3.610955
v  -0.496698 7.196402 -3.611664
v  0.815580 7.518456 -2.271274
v  0.716842 7.196401 -3.611664
v  0.718170 6.994795 -3.610955
v  0.817122 5.941497 -2.270341
v  -0.283518 7.384706 -3.609760
v  0.369173 8.005169 0.044850
v  0.369173 8.095115 -0.281946
v  0.544703 8.095114 -0.281946
v  0.544703 8.005168 0.044850
v  0.544703 7.952465 0.035419
v  0.369173 7.952466 0.035418
v  0.544703 8.042412 -0.291378
v  0.369173 8.042413 -0.291378
v  0.815536 7.523071 -0.099464
v  0.817317 5.056476 1.314014
v  -0.005115 8.275841 -0.527866
v  0.037992 8.244522 -0.548534
v  0.011350 8.225166 -0.548534
v  -0.021580 8.225166 -0.548534
v  -0.048222 8.244522 -0.548534
v  -0.058398 8.275841 -0.548534
v  -0.048222 8.307159 -0.548534
v  -0.021580 8.326516 -0.548534
v  0.011350 8.326516 -0.548534
v  0.037992 8.307159 -0.548534
v  0.048168 8.275841 -0.548534
v  0.066726 8.275841 -0.583103
v  0.053006 8.233614 -0.583103
v  0.017085 8.207516 -0.583103
v  -0.027315 8.207516 -0.583103
v  -0.063236 8.233614 -0.583103
v  -0.076956 8.275841 -0.583103
v  -0.063236 8.318069 -0.583103
v  -0.027315 8.344166 -0.583103
v  -0.250511 5.413865 1.837630
v  0.501728 6.958497 2.220614
v  0.501727 7.307281 0.727261
v  0.612500 7.205853 0.674486
v  0.612501 6.847626 2.208269
v  -0.281580 7.307281 0.727261
v  -0.281580 6.958497 2.220614
v  0.613754 5.557219 1.889802
v  0.612501 6.249182 2.141639
v  0.613887 5.557219 1.583095
v  0.612500 7.138439 0.639409
v  0.470659 5.413865 1.668649
v  -0.250511 5.413865 1.668650
v  0.470659 5.413865 1.837629
v  0.017085 8.344166 -0.583103
v  0.053006 8.318069 -0.583103
v  0.059191 8.229120 -0.615332
v  0.019448 8.200245 -0.615332
v  -0.029678 8.200245 -0.615332
v  -0.069421 8.229120 -0.615332
v  -0.084602 8.275841 -0.615332
v  -0.069421 8.322562 -0.615332
v  -0.029678 8.351438 -0.615332
v  -0.017578 4.826311 0.743632
v  -0.032789 4.915260 0.738319
v  -0.032789 4.915260 0.840493
v  0.052787 4.915290 0.652742
v  0.059097 4.826337 0.666958
v  0.167252 4.826375 0.666958
v  0.173499 4.915332 0.652742
v  0.052787 4.915290 0.926071
v  0.259076 4.915362 0.840493
v  0.173499 4.915332 0.926071
v  0.259076 4.915362 0.738319
v  0.243927 4.826402 0.743632
v  -0.017578 4.826311 0.835179
v  0.059097 4.826337 0.911854
v  0.167252 4.826375 0.911854
v  0.243927 4.826402 0.835179
v  0.145923 4.612370 0.715422
v  0.154763 4.645776 0.695380
v  0.071713 4.645747 0.695380
v  0.192250 4.612387 0.761749
v  0.213640 4.645796 0.754257
v  0.213566 4.859260 0.754257
v  0.213640 4.645796 0.824555
v  0.213566 4.859260 0.824555
v  0.154763 4.645776 0.883432
v  0.154689 4.859240 0.883432
v  0.071713 4.645747 0.883432
v  0.071638 4.859210 0.883432
v  0.012835 4.645726 0.824555
v  0.012760 4.859190 0.824555
v  0.012835 4.645726 0.754257
v  0.012760 4.859190 0.754257
v  0.154689 4.859240 0.695380
v  0.071638 4.859210 0.695380
v  0.145923 4.612370 0.863390
v  0.192250 4.612387 0.817062
v  0.034248 4.612331 0.817062
v  0.080576 4.612348 0.863390
v  0.080576 4.612348 0.715422
v  0.034248 4.612331 0.761749
v  3.450128 5.219285 -0.343482
v  3.450128 5.353436 -0.019617
v  2.630225 5.353436 -0.019617
v  2.630225 5.219286 -0.343482
v  3.450127 4.895420 -0.477632
v  2.630225 4.895421 -0.477632
v  3.450128 4.571554 -0.343482
v  2.630225 4.571555 -0.343482
v  3.450128 4.437405 -0.019617
v  2.630225 4.437405 -0.019617
v  3.450128 4.571555 0.304249
v  2.630225 4.571555 0.304249
v  3.450127 4.895421 0.438399
v  2.630225 4.895421 0.438399
v  2.630225 5.219286 0.304249
v  3.450128 5.219286 0.304249
v  2.645136 4.895421 0.328399
v  2.645136 5.141505 0.226467
v  2.645136 4.649336 0.226467
v  2.645136 5.141505 -0.265701
v  2.645136 5.243436 -0.019617
v  2.645136 4.649336 -0.265701
v  2.645136 4.895421 -0.367632
v  2.645136 4.547405 -0.019617
v  2.125235 4.649336 0.226468
v  2.125235 4.547405 -0.019616
v  2.125234 4.895420 0.328399
v  2.125234 4.895421 -0.367632
v  2.125235 4.649336 -0.265700
v  2.125235 5.243435 -0.019616
v  2.125235 5.141505 -0.265701
v  2.125235 5.141504 0.226468
v  1.048535 7.982875 -2.504302
v  0.925146 7.858330 -2.504302
v  0.925005 7.858191 -0.657898
v  0.932931 8.097414 -2.504302
v  0.809542 7.972870 -2.504302
v  0.933794 8.098278 -0.657899
v  0.809401 7.972730 -0.657898
v  1.137530 8.303909 -1.299961
v  2.027884 9.201777 -1.439884
v  1.932279 9.105194 -1.299961
v  2.028063 9.201941 -0.940822
v  1.932278 9.105194 -0.941276
v  1.137530 8.303907 -0.942887
v  2.143668 9.087402 -0.940822
v  2.047883 8.990654 -0.941275
v  1.049398 7.983738 -0.657899
v  1.253134 8.189369 -0.942887
v  2.143488 9.087236 -1.439884
v  2.047883 8.990654 -1.299961
v  1.253134 8.189369 -1.299961
v  1.637304 4.788019 2.792939
v  1.637303 5.150202 3.027293
v  1.637304 5.341948 1.269638
v  1.637304 4.937155 3.016641
v  1.637304 5.341948 2.334883
v  1.637303 5.597605 1.077894
v  1.637303 5.586954 0.555924
v  1.637303 5.917181 -1.915446
v  1.637303 5.618910 -1.308255
v  1.637303 6.492411 -0.019309
v  1.637303 6.492411 -1.936751
v  1.637304 5.629564 -1.702397
v  1.637304 4.788019 -0.775633
v  1.637304 4.894545 0.460052
v  1.637304 4.788019 0.332222
v  1.294374 5.597605 1.077894
v  1.294374 5.341948 1.269638
v  1.294374 5.586954 0.555924
v  1.294374 5.341947 2.334884
v  1.294373 4.788019 1.994005
v  1.637303 4.788019 1.994005
v  1.637304 4.905195 1.855523
v  1.294374 4.905195 1.855523
v  1.294374 4.788019 2.792939
v  1.294374 4.937155 3.016641
v  1.294374 5.150202 3.027293
v  1.294374 4.894545 0.460052
v  1.294374 4.788019 0.332222
v  1.294374 4.788019 -0.775633
v  1.566868 5.173515 2.838991
v  1.364811 5.173514 2.838991
v  1.364811 5.530585 2.571187
v  1.566867 5.530585 2.571186
v  1.364810 5.530585 0.901354
v  1.364811 5.173515 1.169158
v  1.566867 5.173515 1.169158
v  1.566867 5.530585 0.901353
v  0.673391 5.542165 -0.090187
v  0.666791 5.757265 -0.211981
v  2.372403 5.753786 -0.211982
v  2.372403 5.747767 -1.278948
v  0.669273 5.751782 -1.278948
v  2.241796 5.543417 -0.090187
v  2.241796 5.537398 -1.171719
v  0.675873 5.536683 -1.171719
v  2.307765 5.506594 -1.171718
v  2.533458 5.605108 -1.278948
v  2.533458 4.904166 -0.806770
v  2.307764 4.904166 -0.806770
v  2.307765 4.510064 -0.649189
v  2.533459 4.510064 -0.649189
v  2.307765 5.512613 -0.068712
v  2.533458 5.611127 -0.122028
v  2.307765 4.514986 -0.400051
v  2.533459 4.514986 -0.400051
v  2.307765 4.895421 -0.557632
v  2.307765 5.275855 -0.400051
v  2.307765 5.433436 -0.030270
v  2.533459 5.433436 -0.019617
v  2.533458 4.895421 0.518399
v  2.533459 5.275855 0.360818
v  2.533459 4.514986 0.360818
v  2.533459 5.275855 -0.400051
v  2.533458 4.895421 -0.557632
v  2.533459 4.357405 -0.019617
v  2.307765 4.514986 0.360818
v  2.307765 4.357405 -0.019617
v  2.307764 4.895420 0.518399
v  2.901520 5.611127 -0.090896
v  2.901520 5.605108 -1.278949
v  2.901520 5.275855 -0.400051
v  2.901520 5.433436 -0.019617
v  2.901520 4.510064 -0.649189
v  2.901520 4.514986 -0.400051
v  2.901520 4.895421 -0.557632
v  2.901519 4.904166 -0.806770
v  2.740464 5.753786 -0.211982
v  2.740464 5.747767 -1.278948
v  1.640636 7.841955 -3.403713
v  1.640636 7.921972 -3.403713
v  1.640637 7.921615 -3.118433
v  1.640636 7.841597 -3.118433
v  1.772660 7.841955 -3.403713
v  1.772660 7.921972 -3.403713
v  1.772660 7.921614 -3.118433
v  1.226658 8.215603 -1.015599
v  1.164006 8.277676 -1.015599
v  1.226657 8.215603 -1.301661
v  1.164006 8.277677 -1.301661
v  1.958755 9.078960 -1.015599
v  2.021406 9.016886 -1.015599
v  2.021406 9.016886 -1.301661
v  1.958755 9.078960 -1.301661
v  2.307765 5.275855 0.360818
v  1.232406 7.841954 -3.403713
v  1.232406 7.841597 -3.118433
v  1.364430 7.841597 -3.118433
v  1.772660 7.841597 -3.118433
v  1.232406 7.921614 -3.118433
v  1.232406 7.921971 -3.403713
v  1.364430 7.921972 -3.403713
v  1.364430 7.921614 -3.118433
v  1.364430 7.841955 -3.403713
v  -2.401804 5.353436 -0.019616
v  -2.401804 4.895420 -0.477631
v  -2.401804 4.895421 0.438399
v  -2.401804 4.571554 -0.343482
v  -2.401804 4.437405 -0.019616
v  -2.401804 4.571555 0.304250
v  -3.221706 4.437405 -0.019616
v  -3.221706 4.571555 -0.343482
v  -3.221706 4.571555 0.304250
v  -3.221706 4.895421 -0.477631
v  -3.221706 5.219286 -0.343482
v  -3.221706 5.353436 -0.019616
v  -3.221706 5.219286 0.304250
v  -3.221707 4.895421 0.438399
v  -1.799642 9.201941 -0.940822
v  -1.915247 9.087402 -0.940822
v  -1.799463 9.201777 -1.439884
v  -1.915067 9.087236 -1.439884
v  -0.704511 8.097414 -2.504302
v  -0.820115 7.982876 -2.504302
v  -1.819461 8.990654 -0.941275
v  -1.819462 8.990654 -1.299961
v  -1.024713 8.189369 -0.942887
v  -0.820977 7.983739 -0.657898
v  -1.024713 8.189369 -1.299961
v  -2.416715 5.141505 0.226468
v  -2.416715 4.895421 0.328399
v  -2.416715 4.649336 0.226468
v  -2.401804 5.219286 0.304250
v  -2.401804 5.219285 -0.343482
v  -0.705373 8.098278 -0.657898
v  -0.580980 7.972730 -0.657898
v  -0.998236 8.215602 -1.015599
v  -1.792985 9.016886 -1.015599
v  -0.935585 8.277676 -1.015599
v  -1.730334 9.078960 -1.015599
v  -1.792985 9.016886 -1.301661
v  -0.998237 8.215602 -1.301661
v  -0.935585 8.277676 -1.301661
v  -1.730334 9.078960 -1.301661
v  -0.909109 8.303908 -1.299961
v  -1.703858 9.105194 -1.299961
v  -1.703857 9.105194 -0.941275
v  -0.909109 8.303908 -0.942887
v  -0.581122 7.972870 -2.504302
v  -0.696726 7.858330 -2.504302
v  -0.696584 7.858191 -0.657898
v  -1.408882 5.586954 0.555924
v  -1.065952 5.586954 0.555924
v  -1.408882 5.597605 1.077894
v  -1.065952 5.341948 1.269638
v  -1.408882 5.341948 1.269639
v  -1.065952 5.597605 1.077894
v  -1.408883 4.788019 0.332223
v  -1.408883 4.788019 -0.775633
v  -1.408882 4.894545 0.460052
v  -1.408883 5.618910 -1.308255
v  -1.408883 5.629564 -1.702396
v  -1.408883 5.917181 -1.915445
v  -1.408883 6.492411 -1.936751
v  -1.408882 6.492411 -0.019308
v  -1.408882 5.341948 2.334884
v  -1.408882 5.150201 3.027294
v  -1.408882 4.937154 3.016641
v  -1.408882 4.788019 2.792940
v  -1.408882 4.788019 1.994006
v  -1.408882 4.905195 1.855524
v  -1.136389 5.173515 2.838991
v  -1.338446 5.173515 2.838991
v  -1.136389 5.530585 2.571187
v  -1.065953 4.788019 -0.775633
v  -1.065953 4.788019 0.332223
v  -1.065952 4.894545 0.460052
v  -1.065952 4.905195 1.855524
v  -1.065952 4.937155 3.016641
v  -1.065952 5.150202 3.027293
v  -1.065952 5.341948 2.334884
v  -1.065952 4.788019 2.792940
v  -1.065952 4.788019 1.994006
v  -2.416715 4.895420 -0.367631
v  -2.416715 4.649336 -0.265700
v  -1.896813 4.895421 -0.367632
v  -1.896813 4.649336 -0.265700
v  -2.416715 4.547405 -0.019616
v  -1.896813 4.547405 -0.019616
v  -1.896813 4.649336 0.226468
v  -1.896813 4.895421 0.328399
v  -1.896813 5.141505 0.226468
v  -1.896813 5.243436 -0.019616
v  -1.896813 5.141505 -0.265700
v  -2.416715 5.141504 -0.265700
v  -2.416715 5.243436 -0.019616
v  -1.338445 5.530585 2.571187
v  -1.136389 5.530585 0.901354
v  -1.136389 5.173515 1.169158
v  -1.338446 5.173515 1.169158
v  -1.338446 5.530585 0.901353
v  -2.143982 5.753786 -0.211981
v  -2.305037 5.611126 -0.122027
v  -2.512043 5.753785 -0.211981
v  -2.512043 5.747767 -1.278948
v  -2.673099 5.605108 -1.278948
v  -2.143982 5.747767 -1.278948
v  -2.305037 5.605108 -1.278948
v  -2.673099 5.611127 -0.090895
v  -2.673098 5.275855 -0.400050
v  -2.673099 4.904166 -0.806770
v  -2.673099 4.895421 -0.557631
v  -2.673098 4.510064 -0.649189
v  -2.673098 4.514986 -0.400050
v  -2.673099 5.433436 -0.019616
v  -0.444970 5.542166 -0.090187
v  -0.438370 5.757265 -0.211981
v  -0.447452 5.536683 -1.171718
v  -0.440852 5.751782 -1.278948
v  0.821219 7.172501 -0.714492
v  1.071219 7.422497 -0.713097
v  1.955562 7.422497 -0.713097
v  0.821220 5.846431 -0.721893
v  2.035563 5.676434 -0.722843
v  0.991220 5.676434 -0.722842
v  -2.013375 5.543417 -0.090187
v  -2.013375 5.537398 -1.171718
v  -2.305037 5.275854 -0.400050
v  -2.305037 5.433435 -0.019616
v  -2.305037 4.895421 -0.557631
v  -2.305037 4.514986 -0.400050
v  -2.305037 4.510064 -0.649188
v  -2.305038 4.904166 -0.806769
v  1.071219 7.426672 -1.461073
v  0.821219 7.176676 -1.462468
v  0.821219 7.177993 -1.698545
v  0.821219 6.249762 -1.703725
v  0.821220 5.837945 -1.535203
v  0.821219 5.850605 -1.469870
v  0.991219 5.680608 -1.470818
v  2.205561 6.249762 -1.703726
v  2.205563 5.837944 -1.535203
v  2.035562 5.680609 -1.470819
v  2.205563 5.850605 -1.469870
v  2.205562 7.177994 -1.698545
v  2.205562 7.176676 -1.462468
v  1.955562 7.431503 -2.326634
v  2.205561 7.181507 -2.328029
v  1.955562 7.427989 -1.697150
v  1.071219 7.431503 -2.326634
v  1.071219 7.427990 -1.697149
v  0.821219 7.181506 -2.328029
v  0.821218 6.253275 -2.333209
v  2.205562 7.172501 -0.714493
v  2.205563 5.846431 -0.721894
v  1.955562 7.426672 -1.461074
v  -1.136010 7.921614 -3.118433
v  -1.136010 7.921972 -3.403713
v  -1.003986 7.921614 -3.118433
v  -1.003986 7.841955 -3.403713
v  -1.003986 7.921972 -3.403713
v  -1.136010 7.841955 -3.403713
v  -1.003986 7.841597 -3.118433
v  -1.136009 7.841597 -3.118433
v  -2.305038 4.895421 0.518399
v  -2.305037 5.275854 0.360818
v  -2.079344 4.895420 0.518399
v  -2.079343 5.275855 0.360818
v  -2.079343 5.433436 -0.030269
v  -2.305037 4.357405 -0.019616
v  -2.079343 4.514986 -0.400050
v  -2.079343 4.357405 -0.019616
v  -2.305037 4.514986 0.360818
v  -2.079343 4.514986 0.360818
v  -1.412216 7.921972 -3.403713
v  -1.412216 7.921614 -3.118433
v  -1.544240 7.921972 -3.403713
v  -1.544240 7.921614 -3.118433
v  -1.412216 7.841955 -3.403713
v  -1.544240 7.841955 -3.403713
v  -1.412216 7.841597 -3.118433
v  -1.544240 7.841597 -3.118433
v  -2.079344 4.895421 -0.557631
v  -2.079343 5.275855 -0.400050
v  -2.079344 4.904166 -0.806769
v  -2.079343 4.510064 -0.649188
v  -2.079344 5.512613 -0.068712
v  -2.079344 5.506594 -1.171718
v  -2.161284 6.414830 -0.908108
v  -2.161283 6.417509 -1.388016
v  -2.311283 6.565471 -1.022460
v  -2.311283 6.853552 -1.020852
v  -2.311283 6.855588 -1.385570
v  -2.161283 7.002906 -0.904825
v  -2.161283 7.005585 -1.384733
v  -2.311284 6.571502 -2.103204
v  -2.161284 6.421504 -2.104042
v  -2.311283 6.859584 -2.101596
v  -1.966506 6.421504 -2.104042
v  -1.966506 7.009582 -2.100760
v  -2.161284 7.009582 -2.100759
v  -2.311284 6.857320 -1.695959
v  -2.161283 7.007318 -1.695121
v  -2.311284 6.569238 -1.697566
v  -2.161283 6.419241 -1.698404
v  -1.966505 6.419241 -1.698403
v  -1.966506 7.007318 -1.695121
v  -1.655086 7.362255 -2.619010
v  -0.914854 7.362256 -2.619011
v  -0.989946 7.814224 -2.616489
v  -0.914854 7.738758 -2.616910
v  -0.914854 7.211421 -2.469851
v  -1.655086 7.211421 -2.469850
v  -2.311283 6.567506 -1.387178
v  -1.966506 7.002071 -0.755249
v  -1.966506 6.413995 -0.758531
v  -1.966505 6.417508 -1.388015
v  -1.966505 7.005586 -1.384733
v  -0.870433 7.647125 -1.705024
v  -0.868190 7.794996 -1.705024
v  -0.870433 7.643289 -3.530284
v  -0.868163 7.797290 -3.534204
v  -0.931983 7.862060 -3.535853
v  -0.931983 7.859764 -1.705024
v  -3.279862 6.750276 -1.705024
v  -3.279861 6.872569 -1.705024
v  -3.113434 6.750276 -1.705024
v  -3.113433 6.872569 -1.705024
v  -3.113434 6.649601 -1.805785
v  -3.113434 6.649784 -2.021080
v  -3.279862 6.649601 -1.805785
v  -2.624569 6.649963 -2.741168
v  -3.279862 6.649964 -2.232024
v  -2.624569 6.649817 -2.401615
v  -1.835612 7.441802 -1.705024
v  -1.835612 7.656584 -1.705024
v  -1.631152 7.647125 -1.705024
v  -1.631152 7.859763 -1.705024
v  -2.605553 6.817586 -2.416417
v  -2.605553 6.817756 -2.080141
v  -3.113434 6.816193 -2.021080
v  -3.113435 6.817752 -1.808080
v  -1.835613 7.584650 -2.412278
v  -1.835612 7.582874 -2.080412
v  -3.113435 6.721062 -1.808080
v  -2.605553 6.721066 -2.080141
v  -1.835612 7.486185 -2.080412
v  -1.631152 7.862060 -3.535854
v  -1.631153 7.643290 -3.533844
v  -2.624569 6.868734 -2.744630
v  -1.727141 7.426672 -1.461073
v  -1.977141 7.176676 -1.462468
v  -1.727141 7.427989 -1.697150
v  -0.842798 7.427989 -1.697149
v  -0.842798 7.426672 -1.461073
v  -0.592798 7.177993 -1.698545
v  -0.592799 7.176676 -1.462468
v  -0.592798 6.249762 -1.703725
v  -0.592799 5.837945 -1.535202
v  -0.592799 5.850605 -1.469869
v  -0.762799 5.680608 -1.470818
v  -1.977141 6.249762 -1.703725
v  -1.977141 5.837944 -1.535203
v  -1.807141 5.680609 -1.470818
v  -1.977141 5.850605 -1.469869
v  -1.977142 7.177994 -1.698545
v  -1.977142 7.181507 -2.328029
v  -1.727141 7.431503 -2.326634
v  -0.842799 7.431503 -2.326635
v  -0.842799 7.422497 -0.713097
v  -0.592799 7.172501 -0.714492
v  -1.727141 7.422497 -0.713096
v  -0.592799 5.846431 -0.721893
v  -0.762799 5.676434 -0.722842
v  -1.807142 5.676434 -0.722842
v  -1.977141 5.846431 -0.721893
v  -1.977142 7.172501 -0.714492
v  -0.914854 7.732298 -1.459367
v  -0.914853 7.205797 -1.462306
v  -1.579993 7.807764 -1.458946
v  -1.655086 7.205797 -1.462306
v  -1.655086 7.732298 -1.459367
v  -1.655087 7.738758 -2.616909
v  -1.579993 7.814225 -2.616488
v  -0.989947 7.807764 -1.458946
v  -0.592798 7.181506 -2.328029
v  -0.592798 6.253275 -2.333209
v  -1.977142 6.253275 -2.333210
v  -1.727141 7.200339 0.458968
v  -1.621666 7.251619 0.231542
v  -1.347741 7.200340 0.458968
v  -1.621666 7.329301 -0.112976
v  -1.727141 7.329301 -0.112976
v  -1.727141 7.421472 -0.521754
v  -0.842798 7.421472 -0.521754
v  -0.842799 7.091093 0.943479
v  -1.347741 7.122659 0.803486
v  -1.727141 7.091093 0.943479
v  -1.808796 7.395928 0.503069
v  -1.347741 7.411526 0.506586
v  -1.808821 7.318236 0.847585
v  -1.347741 7.333845 0.851104
v  -2.176677 6.966338 0.768448
v  -2.176642 7.044099 0.423947
v  -2.193630 6.608240 0.687945
v  -2.193630 6.685636 0.343363
v  -1.977141 6.962095 0.405457
v  -1.977141 7.013374 0.178031
v  -1.977141 6.839051 0.138877
v  -1.977141 6.685636 0.343363
v  -1.977141 6.884414 0.749975
v  -1.977141 6.841097 0.942084
v  -1.977141 6.608240 0.687945
v  -1.977141 6.297210 0.939048
v  -1.977141 5.839785 0.476487
v  -1.977141 5.845405 -0.530551
v  -1.977141 7.091056 -0.166487
v  -1.977141 6.916446 -0.205706
v  -1.977142 7.171475 -0.523150
v  -1.727141 7.251619 0.231542
v  -1.727141 7.122659 0.803486
v  -1.065952 6.492411 -0.019309
v  -1.065953 6.492411 -1.936751
v  -1.065953 5.917181 -1.915445
v  -1.065953 5.629564 -1.702396
v  -1.065953 5.618910 -1.308256
v  -1.835612 7.440858 -2.412278
v  -1.835612 7.487961 -2.412278
v  -2.605553 6.720897 -2.416417
v  -3.113433 6.870280 -2.021080
v  -3.279861 6.868733 -2.234546
v  -2.605553 6.889015 -2.416417
v  -3.113434 6.719502 -2.021080
v  -1.835612 7.657471 -2.412278
v  -0.592799 6.297210 0.939047
v  -0.592800 5.839785 0.476488
v  -0.762799 5.670735 0.305541
v  -1.807142 5.670736 0.305541
v  -0.592799 6.841097 0.942083
v  -0.592799 7.171475 -0.523150
v  -1.807142 5.675408 -0.531500
v  -0.762799 5.675407 -0.531500
v  -0.592799 5.845405 -0.530551
v  3.341855 6.649784 -2.021081
v  3.341855 6.649601 -1.805786
v  3.508283 6.649601 -1.805786
v  3.341855 6.750276 -1.705025
v  3.341854 6.872569 -1.705025
v  3.508282 6.872569 -1.705025
v  3.508283 6.750276 -1.705025
v  1.160403 7.862060 -3.535853
v  1.160404 7.859763 -1.705024
v  1.096611 7.794996 -1.705024
v  1.096583 7.797290 -3.534205
v  1.098853 7.643289 -3.530285
v  1.098854 7.647125 -1.705024
v  1.859573 7.643290 -3.533845
v  2.852990 6.649963 -2.741168
v  2.852990 6.868733 -2.744631
v  1.859573 7.862060 -3.535853
v  1.859573 7.647125 -1.705024
v  1.859573 7.859763 -1.705025
v  2.194926 6.413995 -0.758531
v  2.194926 6.417508 -1.388016
v  2.194926 7.005585 -1.384734
v  2.194926 7.002071 -0.755249
v  2.539705 6.569238 -1.697566
v  2.389704 6.419241 -1.698403
v  2.539705 6.857320 -1.695958
v  2.194926 7.007318 -1.695121
v  2.194926 6.419241 -1.698404
v  2.389704 7.007318 -1.695121
v  2.194926 7.009582 -2.100760
v  2.389704 7.009582 -2.100759
v  2.194926 6.421504 -2.104042
v  2.389704 6.421504 -2.104042
v  2.539705 6.571502 -2.103205
v  2.064033 7.440858 -2.412278
v  2.852990 6.649816 -2.401615
v  2.064033 7.441802 -1.705025
v  2.064033 7.582874 -2.080413
v  2.064033 7.486185 -2.080413
v  2.064033 7.656584 -1.705025
v  2.064033 7.487961 -2.412278
v  2.064033 7.657471 -2.412278
v  2.064033 7.584650 -2.412278
v  2.833974 6.889014 -2.416418
v  2.833974 6.817586 -2.416418
v  3.508283 6.649964 -2.232025
v  2.833974 6.817756 -2.080141
v  3.341855 6.816193 -2.021081
v  3.341856 6.817752 -1.808081
v  3.341856 6.721062 -1.808081
v  2.833974 6.721066 -2.080141
v  3.341855 6.719503 -2.021081
v  2.833974 6.720897 -2.416418
v  1.883507 7.362256 -2.619010
v  1.883507 7.211421 -2.469851
v  1.883507 7.738758 -2.616910
v  1.883507 7.205797 -1.462306
v  1.883507 7.732298 -1.459368
v  1.143274 7.205797 -1.462306
v  1.143274 7.211420 -2.469851
v  1.143274 7.738757 -2.616910
v  1.143275 7.732298 -1.459367
v  1.143274 7.362255 -2.619012
v  1.218368 7.807764 -1.458946
v  1.218367 7.814224 -2.616488
v  1.808414 7.807764 -1.458946
v  1.808414 7.814225 -2.616488
v  2.205562 6.253275 -2.333211
v  2.539704 6.859584 -2.101596
v  2.389704 7.002906 -0.904825
v  2.389704 7.005585 -1.384733
v  2.539705 6.855587 -1.385571
v  2.539704 6.853552 -1.020852
v  2.389704 6.417509 -1.388016
v  2.389704 6.414830 -0.908108
v  2.539704 6.565470 -1.022460
v  2.539705 6.567506 -1.387178
v  1.955562 7.122659 0.803486
v  2.037243 7.318237 0.847585
v  2.405098 6.966338 0.768447
v  2.205563 6.884414 0.749975
v  1.576162 7.122659 0.803486
v  1.576162 7.333845 0.851104
v  1.576162 7.200340 0.458968
v  1.576163 7.411526 0.506586
v  1.955562 7.200340 0.458968
v  2.037217 7.395928 0.503069
v  2.205563 6.962095 0.405457
v  2.405063 7.044100 0.423947
v  2.422051 6.685636 0.343362
v  2.422051 6.608240 0.687945
v  1.071220 7.091093 0.943478
v  1.955562 7.091093 0.943478
v  1.850088 7.329301 -0.112976
v  1.071219 7.421472 -0.521755
v  1.955562 7.421472 -0.521755
v  1.955562 7.329301 -0.112976
v  1.850087 7.251619 0.231542
v  1.955562 7.251619 0.231542
v  2.205563 6.841097 0.942083
v  2.205562 7.091056 -0.166488
v  2.205562 7.013374 0.178030
v  1.294374 5.618910 -1.308255
v  1.294374 6.492411 -0.019309
v  1.294374 5.629564 -1.702397
v  1.294374 5.917181 -1.915445
v  1.294373 6.492411 -1.936751
v  2.205562 6.608240 0.687945
v  2.205563 6.685636 0.343362
v  0.821220 6.297210 0.939047
v  0.821220 6.841097 0.942083
v  2.035563 5.675407 -0.531501
v  2.205563 5.845405 -0.530552
v  0.991220 5.675407 -0.531500
v  2.205562 7.171475 -0.523151
v  0.821220 7.171475 -0.523150
v  0.821220 5.845405 -0.530551
v  3.341854 6.870280 -2.021080
v  3.508282 6.868734 -2.234547
v  2.205563 6.916447 -0.205706
v  2.205563 6.839050 0.138876
v  2.205562 5.839785 0.476486
v  2.205562 6.297210 0.939047
v  0.821221 5.839785 0.476487
v  0.991220 5.670736 0.305541
v  2.035563 5.670736 0.305540
v  -1.282588 7.395721 -2.814672
v  -1.282588 7.208602 -3.114392
v  -1.149095 7.263897 -3.114083
v  -1.093800 7.397388 -3.113339
v  -1.149095 7.530879 -3.112594
v  -1.282588 7.586174 -3.112286
v  -1.416082 7.530879 -3.112595
v  -1.471376 7.397388 -3.113339
v  -1.416082 7.263897 -3.114083
v  -1.282588 7.155634 -3.114687
v  -1.453536 7.226442 -3.114293
v  -1.111640 7.226442 -3.114293
v  -1.040831 7.397388 -3.113339
v  -1.111640 7.568333 -3.112385
v  -1.282588 5.919337 -1.465313
v  -0.877389 6.087173 -1.464377
v  -1.282589 5.925795 -2.622210
v  -0.877389 6.093631 -2.621273
v  -0.709550 6.492367 -1.462115
v  -0.709550 6.498824 -2.619012
v  -0.877389 6.897560 -1.459854
v  -0.877389 6.904017 -2.616751
v  -1.282588 7.065396 -1.458917
v  -1.282588 7.071854 -2.615814
v  -1.687788 6.897560 -1.459854
v  -1.687788 6.904017 -2.616750
v  -1.855627 6.492367 -1.462115
v  -1.855627 6.498824 -2.619012
v  -1.687788 6.087174 -1.464376
v  -1.687788 6.093631 -2.621274
v  -0.961305 7.392386 -2.217135
v  -1.055407 7.619564 -2.215868
v  -0.961305 7.396786 -3.005497
v  -1.055406 7.623964 -3.004229
v  -1.055407 7.165208 -2.218403
v  -1.055406 7.169608 -3.006764
v  -1.282588 7.071108 -2.218928
v  -1.282588 7.075507 -3.007289
v  -1.509770 7.165208 -2.218402
v  -1.509770 7.169608 -3.006764
v  -1.603872 7.396786 -3.005496
v  -1.524346 7.397388 -3.113339
v  -1.509770 7.623964 -3.004229
v  -1.453536 7.568334 -3.112385
v  -1.282589 7.718064 -3.003704
v  -1.282588 7.639142 -3.111989
v  -0.994467 6.211757 -2.808667
v  -0.875123 6.499873 -2.807058
v  -0.994467 6.212832 -3.001390
v  -0.994467 6.789066 -2.998174
v  -0.875123 6.500949 -2.999782
v  -0.994467 6.787991 -2.805451
v  -1.282589 6.908408 -2.997507
v  -1.282589 6.907332 -2.804784
v  -1.570710 6.789066 -2.998175
v  -1.570710 6.787991 -2.805450
v  -1.690054 6.500949 -2.999782
v  -1.690054 6.499873 -2.807059
v  -1.570710 6.212832 -3.001390
v  -1.570710 6.211757 -2.808667
v  -1.282589 6.093490 -3.002056
v  -1.282589 6.092414 -2.809333
v  -1.639451 6.147521 -3.616025
v  -1.787268 6.504377 -3.614034
v  -1.639451 6.143904 -2.968056
v  -1.787268 6.500761 -2.966065
v  -1.639451 6.861235 -3.612042
v  -1.639451 6.857617 -2.964073
v  -1.282588 7.009049 -3.611216
v  -1.282589 7.005433 -2.963248
v  -0.925726 6.861234 -3.612041
v  -0.925726 6.857617 -2.964073
v  -0.777909 6.504377 -3.614033
v  -0.777909 6.500761 -2.966064
v  -0.925726 6.147520 -3.616025
v  -0.925726 6.143904 -2.968056
v  -1.282588 5.999705 -3.616849
v  -1.282589 5.996089 -2.968881
v  -1.551118 6.236797 -3.784933
v  -1.662347 6.505323 -3.783435
v  -1.551118 6.773849 -3.781936
v  -0.985185 7.364117 0.403158
v  -0.985185 7.158757 0.402012
v  -1.045184 7.433517 0.403546
v  -1.576637 7.158757 0.402012
v  -1.576637 7.364118 0.403159
v  -1.516637 7.433517 0.403546
v  -1.880297 7.075319 -0.715035
v  -1.880297 5.949796 -0.721316
v  -1.663810 7.291804 -0.713826
v  -1.710297 5.779799 -0.722265
v  -0.851525 5.779799 -0.722265
v  -0.681524 5.949796 -0.721316
v  -0.681524 7.075319 -0.715034
v  -0.898012 7.291804 -0.713826
v  -1.880297 5.948750 -0.533799
v  -1.880297 7.074273 -0.527517
v  -0.851525 5.778752 -0.534748
v  -1.710297 5.778752 -0.534747
v  -0.681524 7.074273 -0.527517
v  -0.681525 5.948750 -0.533799
v  -0.898012 7.290757 -0.526308
v  -1.663810 7.290758 -0.526309
v  -1.829239 6.724010 1.177731
v  -1.631193 6.922053 1.178837
v  -1.690532 6.630536 1.177210
v  -1.542584 6.778481 1.178036
v  -1.829239 5.985963 1.173612
v  -1.690532 6.079189 1.174132
v  -0.932584 5.785965 1.172496
v  -1.629239 5.785966 1.172496
v  -1.020698 5.929784 1.173299
v  -1.541125 5.929784 1.173298
v  -0.732583 6.724010 1.177732
v  -0.732584 5.985962 1.173612
v  -0.871291 6.630536 1.177210
v  -0.871291 6.079189 1.174133
v  -0.930630 6.922052 1.178837
v  -1.019239 6.778481 1.178035
v  -1.631192 6.927736 0.160616
v  -1.829239 6.729693 0.159510
v  -1.829239 5.991646 0.155390
v  -1.629239 5.791648 0.154274
v  -0.932583 5.791648 0.154275
v  -0.732584 5.991645 0.155391
v  -0.732584 6.729692 0.159510
v  -0.930629 6.927735 0.160615
v  -1.045184 7.868497 -0.335193
v  -1.516637 7.868497 -0.335192
v  -1.045184 7.762379 -1.459199
v  -1.516637 7.762378 -1.459199
v  -0.985184 7.803967 -0.335553
v  -0.985184 7.702081 -1.459536
v  -0.985185 7.275131 -0.338504
v  -0.985184 7.281402 -1.461884
v  -1.576637 7.702080 -1.459536
v  -1.576637 7.281401 -1.461884
v  -1.576637 7.803967 -0.335553
v  -1.576637 7.275131 -0.338504
v  -1.603872 7.392385 -2.217134
v  -1.509770 7.619564 -2.215867
v  -1.282588 7.713664 -2.215343
v  -1.605691 6.573937 1.074033
v  -1.488386 6.691239 1.074688
v  -1.605690 6.136786 1.071593
v  -1.074593 6.018325 1.070932
v  -1.487229 6.018325 1.070932
v  -0.956132 6.573937 1.074033
v  -0.956132 6.136785 1.071594
v  -1.073436 6.691240 1.074687
v  1.738979 7.165208 -2.218403
v  1.833081 7.392386 -2.217135
v  1.833081 7.396786 -3.005496
v  1.738979 7.169608 -3.006763
v  1.738979 7.619564 -2.215867
v  1.738979 7.623964 -3.004229
v  1.511798 7.713664 -2.215343
v  1.511798 7.718064 -3.003704
v  1.284616 7.619563 -2.215868
v  1.284616 7.623963 -3.004229
v  1.190514 7.392386 -2.217135
v  1.190514 7.396786 -3.005497
v  1.284617 7.165208 -2.218403
v  1.284616 7.169608 -3.006764
v  1.511798 7.071107 -2.218928
v  1.511798 7.075507 -3.007289
v  1.753555 7.397388 -3.113339
v  1.682745 7.226442 -3.114293
v  1.682746 7.568333 -3.112385
v  1.511798 7.639142 -3.111990
v  1.340849 7.568333 -3.112386
v  1.270040 7.397388 -3.113339
v  1.340849 7.226442 -3.114293
v  1.511798 7.155634 -3.114688
v  1.185342 6.573937 1.074032
v  1.717596 6.691240 1.074687
v  1.834901 6.136785 1.071592
v  1.303803 6.018325 1.070932
v  1.185342 6.136785 1.071593
v  1.716439 6.018325 1.070931
v  2.109508 5.949796 -0.721317
v  1.939507 5.779799 -0.722265
v  1.939507 5.778752 -0.534748
v  2.109508 5.948750 -0.533799
v  1.080734 5.779799 -0.722265
v  0.910734 5.949796 -0.721316
v  0.910735 5.948750 -0.533799
v  1.080735 5.778752 -0.534748
v  1.274394 7.868497 -0.335193
v  1.214395 7.803967 -0.335553
v  1.214394 7.702080 -1.459536
v  1.274394 7.762379 -1.459199
v  1.745847 7.762379 -1.459199
v  1.805847 7.702080 -1.459536
v  1.805847 7.803967 -0.335553
v  1.745847 7.868496 -0.335193
v  1.805847 7.364117 0.403158
v  1.745847 7.433517 0.403546
v  1.274394 7.433517 0.403546
v  1.214395 7.364118 0.403158
v  2.058449 6.729692 0.159509
v  1.860402 6.927735 0.160615
v  1.159839 6.927736 0.160615
v  1.858449 5.791648 0.154274
v  2.058449 5.991646 0.155390
v  0.961793 5.991645 0.155391
v  1.161793 5.791648 0.154274
v  0.961793 6.729692 0.159510
v  2.109508 7.074274 -0.527518
v  1.127222 7.290757 -0.526309
v  1.893019 7.290757 -0.526309
v  0.910734 7.074273 -0.527517
v  1.214395 7.158757 0.402011
v  1.805847 7.158757 0.402012
v  1.805847 7.275131 -0.338505
v  1.214395 7.275131 -0.338504
v  1.805847 7.281401 -1.461884
v  1.214394 7.281401 -1.461884
v  1.511798 7.071854 -2.615814
v  1.916997 6.904017 -2.616751
v  1.916998 6.897560 -1.459854
v  2.084837 6.492367 -1.462115
v  2.084836 6.498824 -2.619012
v  1.916998 6.087174 -1.464377
v  1.916997 6.093631 -2.621274
v  1.511798 5.919337 -1.465313
v  1.511798 5.925795 -2.622210
v  1.106598 6.897560 -1.459854
v  1.511798 7.065396 -1.458917
v  1.106598 6.087173 -1.464376
v  0.938759 6.492367 -1.462115
v  1.007118 6.500760 -2.966065
v  1.154935 6.857617 -2.964074
v  1.511798 7.005433 -2.963248
v  1.511798 5.996089 -2.968882
v  1.154935 6.143904 -2.968057
v  2.016478 6.500761 -2.966064
v  1.868660 6.143904 -2.968056
v  1.868660 6.857618 -2.964073
v  1.511798 6.092414 -2.809333
v  1.223677 6.211757 -2.808667
v  1.106598 6.093631 -2.621274
v  1.104332 6.499873 -2.807059
v  0.938759 6.498824 -2.619012
v  1.223676 6.787991 -2.805451
v  1.106598 6.904016 -2.616751
v  1.511798 6.907332 -2.804784
v  1.799919 6.787991 -2.805451
v  1.919264 6.499874 -2.807059
v  1.799919 6.211757 -2.808667
v  1.700586 7.397388 -3.113339
v  1.645291 7.263897 -3.114083
v  1.645291 7.530879 -3.112594
v  1.511798 7.586174 -3.112286
v  1.378304 7.530879 -3.112594
v  1.323009 7.397388 -3.113339
v  1.378304 7.263897 -3.114084
v  1.511798 7.208603 -3.114392
v  1.511798 7.395721 -2.814672
v  -1.970411 6.905221 -1.379121
v  -1.970411 6.518951 -1.381278
v  -2.196874 6.806698 -1.379671
v  -2.098348 6.518951 -1.381278
v  -2.196874 6.617476 -1.380728
v  -1.969890 6.813320 -2.068764
v  -1.932296 6.715715 -2.084277
v  -2.060651 6.853582 -2.032403
v  -1.969890 6.617943 -2.069854
v  -2.060651 6.577278 -2.033946
v  -2.151412 6.617540 -1.997585
v  -2.189006 6.715145 -1.982072
v  -2.151412 6.812917 -1.996495
v  2.058450 6.724010 1.177731
v  1.860403 6.922052 1.178837
v  2.058450 5.985963 1.173611
v  1.161794 5.785965 1.172496
v  1.858449 5.785966 1.172495
v  0.961793 6.724009 1.177732
v  0.961793 5.985962 1.173612
v  1.159840 6.922052 1.178836
v  -2.256534 6.774712 -2.369663
v  -2.203203 6.798607 -2.390763
v  -2.271497 6.790784 -2.363616
v  -2.134907 6.791088 -2.417997
v  -2.203203 6.821384 -2.390636
v  -2.149871 6.774949 -2.412129
v  -2.106618 6.717643 -2.429669
v  -2.127779 6.717596 -2.421244
v  -2.134907 6.644072 -2.418817
v  -2.149871 6.660144 -2.412770
v  -2.203203 6.613472 -2.391796
v  -2.203203 6.636250 -2.391670
v  -2.271497 6.643768 -2.364436
v  -2.256534 6.659907 -2.370304
v  -2.155696 6.716762 -2.271896
v  -2.278624 6.717260 -2.361188
v  -2.098348 6.905221 -1.379122
v  1.919742 6.079189 1.174132
v  1.919742 6.630536 1.177210
v  1.249908 5.929784 1.173298
v  1.770335 5.929784 1.173298
v  1.100501 6.630536 1.177210
v  1.100502 6.079189 1.174133
v  1.248449 6.778481 1.178035
v  1.771794 6.778481 1.178036
v  1.834901 6.573937 1.074032
v  1.302646 6.691240 1.074687
v  2.109508 7.075319 -0.715035
v  1.893020 7.291804 -0.713827
v  1.127222 7.291804 -0.713826
v  0.910734 7.075319 -0.715034
v  2.426084 6.617476 -1.380728
v  2.327559 6.518951 -1.381278
v  2.426084 6.806698 -1.379672
v  2.161505 6.715715 -2.084277
v  2.199099 6.813320 -2.068764
v  2.289860 6.853582 -2.032403
v  2.289860 6.577278 -2.033946
v  2.199099 6.617943 -2.069855
v  2.418216 6.715145 -1.982072
v  2.380621 6.617540 -1.997585
v  2.380621 6.812917 -1.996495
v  -2.299786 6.717214 -2.352763
v  -2.186049 6.579036 -2.348903
v  -2.276810 6.619298 -2.312543
v  -2.095288 6.619701 -2.384812
v  -2.057693 6.717473 -2.399234
v  -2.095288 6.815078 -2.383721
v  -2.186049 6.855340 -2.347361
v  -2.276810 6.814674 -2.311453
v  -2.314404 6.716902 -2.297030
v  2.379080 6.774949 -2.412129
v  2.432412 6.798607 -2.390764
v  2.432412 6.821384 -2.390636
v  2.364116 6.791088 -2.417997
v  2.335827 6.717643 -2.429670
v  2.356989 6.717596 -2.421244
v  2.364116 6.644072 -2.418817
v  2.379080 6.660144 -2.412770
v  2.432412 6.613472 -2.391797
v  2.432412 6.636250 -2.391670
v  2.500707 6.643768 -2.364436
v  2.485744 6.659907 -2.370304
v  2.507834 6.717260 -2.361189
v  2.384905 6.716762 -2.271896
v  2.485744 6.774712 -2.369663
v  1.799919 6.789066 -2.998174
v  1.511798 6.908408 -2.997508
v  1.223677 6.789065 -2.998174
v  1.799919 6.212832 -3.001390
v  1.919264 6.500949 -2.999782
v  1.223677 6.212831 -3.001390
v  1.511798 6.093490 -3.002056
v  1.104332 6.500949 -2.999782
v  2.199621 6.905221 -1.379122
v  2.327559 6.905221 -1.379122
v  2.199621 6.518951 -1.381278
v  -1.282588 6.502705 -3.314280
v  -1.282588 6.801871 -3.781779
v  -1.492283 6.715014 -3.782265
v  -1.579141 6.505323 -3.783435
v  -1.492283 6.295632 -3.784605
v  -1.282588 6.125570 -3.785554
v  -1.282588 6.208775 -3.785089
v  -1.014059 6.236797 -3.784933
v  -1.072894 6.295631 -3.784605
v  -0.902830 6.505323 -3.783435
v  -0.986035 6.505323 -3.783435
v  -1.014058 6.773849 -3.781935
v  -1.072893 6.715014 -3.782264
v  -1.282588 6.885076 -3.781315
v  -1.970412 6.906988 -1.695681
v  -1.970412 6.520718 -1.697837
v  -2.098349 6.906988 -1.695681
v  -2.196874 6.808465 -1.696231
v  -2.196874 6.619242 -1.697287
v  -2.098349 6.520718 -1.697837
v  1.868660 6.147521 -3.616025
v  1.511798 5.999705 -3.616850
v  1.891556 6.505323 -3.783435
v  1.780328 6.236797 -3.784933
v  2.016478 6.504377 -3.614034
v  1.780327 6.773849 -3.781936
v  1.868660 6.861235 -3.612042
v  1.511798 6.885076 -3.781315
v  1.511798 7.009049 -3.611217
v  1.243268 6.773849 -3.781936
v  1.154935 6.861234 -3.612042
v  1.132039 6.505322 -3.783435
v  1.007118 6.504377 -3.614034
v  1.243268 6.236797 -3.784934
v  1.154935 6.147520 -3.616026
v  1.511798 6.125570 -3.785554
v  1.808351 6.505323 -3.783435
v  1.721492 6.295632 -3.784605
v  1.721492 6.715014 -3.782264
v  1.511798 6.801871 -3.781780
v  1.302103 6.715014 -3.782265
v  1.215245 6.505323 -3.783435
v  1.302103 6.295631 -3.784605
v  1.511798 6.208775 -3.785090
v  2.324497 6.815078 -2.383722
v  2.415258 6.855340 -2.347361
v  2.286902 6.717473 -2.399235
v  2.324497 6.619701 -2.384812
v  2.415258 6.579036 -2.348903
v  2.506019 6.619298 -2.312543
v  2.543613 6.716902 -2.297030
v  2.528996 6.717214 -2.352763
v  2.506019 6.814674 -2.311453
v  2.500707 6.790784 -2.363616
v  1.511798 6.502705 -3.314281
v  2.327559 6.520718 -1.697837
v  2.426084 6.619242 -1.697287
v  2.426084 6.808465 -1.696231
v  2.199621 6.906988 -1.695681
v  2.199622 6.520718 -1.697838
v  2.327559 6.906988 -1.695681
# 1373 vertices

vt  0.843174 0.040535 0.000000
vt  0.818869 0.032638 0.000000
vt  0.803848 0.053313 0.000000
vt  0.832304 0.032638 0.000000
vt  0.808000 0.040535 0.000000
vt  0.808000 0.066090 0.000000
vt  0.818869 0.073987 0.000000
vt  0.028806 0.990851 0.000000
vt  0.028806 0.969460 0.000000
vt  0.040296 0.969460 0.000000
vt  0.040296 0.969460 0.000000
vt  0.040296 0.990851 0.000000
vt  0.028806 0.990851 0.000000
vt  0.333056 0.588939 0.000000
vt  0.341437 0.588931 0.000000
vt  0.341436 0.562450 0.000000
vt  0.341436 0.562450 0.000000
vt  0.333056 0.562545 0.000000
vt  0.333056 0.588939 0.000000
vt  0.355449 0.597373 0.000000
vt  0.355660 0.588930 0.000000
vt  0.341437 0.588931 0.000000
vt  0.341491 0.597374 0.000000
vt  0.364040 0.562545 0.000000
vt  0.355660 0.562450 0.000000
vt  0.355660 0.588930 0.000000
vt  0.355660 0.588930 0.000000
vt  0.364040 0.588938 0.000000
vt  0.364040 0.562545 0.000000
vt  0.341491 0.554606 0.000000
vt  0.341436 0.562450 0.000000
vt  0.355660 0.562450 0.000000
vt  0.355448 0.554606 0.000000
vt  0.355660 0.588930 0.000000
vt  0.355660 0.562450 0.000000
vt  0.341436 0.562450 0.000000
vt  0.341436 0.562450 0.000000
vt  0.341437 0.588931 0.000000
vt  0.355660 0.588930 0.000000
vt  0.041514 0.989952 0.000000
vt  0.041514 0.973909 0.000000
vt  0.048483 0.973909 0.000000
vt  0.048483 0.989952 0.000000
vt  0.892017 0.084035 0.000000
vt  0.892017 0.122448 0.000000
vt  0.906748 0.122448 0.000000
vt  0.876812 0.084035 0.000000
vt  0.876812 0.122448 0.000000
vt  0.860780 0.084035 0.000000
vt  0.860780 0.122448 0.000000
vt  0.844748 0.084035 0.000000
vt  0.844748 0.122448 0.000000
vt  0.829542 0.084035 0.000000
vt  0.829542 0.122448 0.000000
vt  0.814811 0.084035 0.000000
vt  0.814811 0.122448 0.000000
vt  0.799605 0.084035 0.000000
vt  0.799605 0.122448 0.000000
vt  0.954018 0.122448 0.000000
vt  0.954018 0.084035 0.000000
vt  0.937986 0.084035 0.000000
vt  0.937986 0.122448 0.000000
vt  0.832304 0.073987 0.000000
vt  0.843174 0.066090 0.000000
vt  0.847325 0.053313 0.000000
vt  0.381790 0.546332 0.000000
vt  0.356069 0.546332 0.000000
vt  0.424692 0.503428 0.000000
vt  0.356069 0.546332 0.000000
vt  0.356069 0.459364 0.000000
vt  0.424692 0.503428 0.000000
vt  0.356069 0.459364 0.000000
vt  0.424692 0.459363 0.000000
vt  0.424692 0.503428 0.000000
vt  0.027268 0.944031 0.000000
vt  0.027268 0.965347 0.000000
vt  0.014583 0.965347 0.000000
vt  0.014583 0.965347 0.000000
vt  0.014583 0.944031 0.000000
vt  0.027268 0.944031 0.000000
vt  0.424358 0.503896 0.000000
vt  0.424358 0.459372 0.000000
vt  0.473794 0.459372 0.000000
vt  0.473794 0.459372 0.000000
vt  0.473794 0.503896 0.000000
vt  0.424358 0.503896 0.000000
vt  0.397610 0.322432 0.000000
vt  0.397610 0.407237 0.000000
vt  0.375796 0.407237 0.000000
vt  0.375796 0.407237 0.000000
vt  0.375797 0.322432 0.000000
vt  0.397610 0.322432 0.000000
vt  0.316230 0.407237 0.000000
vt  0.316230 0.322432 0.000000
vt  0.338491 0.322432 0.000000
vt  0.338491 0.322432 0.000000
vt  0.338491 0.407237 0.000000
vt  0.316230 0.407237 0.000000
vt  0.031056 0.966455 0.000000
vt  0.031056 0.940841 0.000000
vt  0.051848 0.940841 0.000000
vt  0.051848 0.940841 0.000000
vt  0.051848 0.966455 0.000000
vt  0.031056 0.966455 0.000000
vt  0.423782 0.407237 0.000000
vt  0.397610 0.407237 0.000000
vt  0.397610 0.322432 0.000000
vt  0.423783 0.322432 0.000000
vt  0.391724 0.423424 0.000000
vt  0.391724 0.447196 0.000000
vt  0.375796 0.407237 0.000000
vt  0.391724 0.447196 0.000000
vt  0.322212 0.447196 0.000000
vt  0.375796 0.407237 0.000000
vt  0.322212 0.447196 0.000000
vt  0.322212 0.423424 0.000000
vt  0.375796 0.407237 0.000000
vt  0.322212 0.423424 0.000000
vt  0.338491 0.407237 0.000000
vt  0.375796 0.407237 0.000000
vt  0.298148 0.589175 0.000000
vt  0.305925 0.589059 0.000000
vt  0.305925 0.561684 0.000000
vt  0.298147 0.561895 0.000000
vt  0.317642 0.598822 0.000000
vt  0.317674 0.589059 0.000000
vt  0.305925 0.589059 0.000000
vt  0.305958 0.598822 0.000000
vt  0.326370 0.561895 0.000000
vt  0.317674 0.561684 0.000000
vt  0.317674 0.589059 0.000000
vt  0.326370 0.589175 0.000000
vt  0.305958 0.552247 0.000000
vt  0.305925 0.561684 0.000000
vt  0.317674 0.561684 0.000000
vt  0.317641 0.552247 0.000000
vt  0.317674 0.589059 0.000000
vt  0.317674 0.561684 0.000000
vt  0.305925 0.561684 0.000000
vt  0.305925 0.589059 0.000000
vt  0.473794 0.557802 0.000000
vt  0.424359 0.557802 0.000000
vt  0.424358 0.503896 0.000000
vt  0.424358 0.503896 0.000000
vt  0.473794 0.503896 0.000000
vt  0.473794 0.557802 0.000000
vt  0.014583 0.944031 0.000000
vt  0.014583 0.921715 0.000000
vt  0.027268 0.921715 0.000000
vt  0.027268 0.944031 0.000000
vt  0.356069 0.459364 0.000000
vt  0.356069 0.546332 0.000000
vt  0.424692 0.459363 0.000000
vt  0.356069 0.546332 0.000000
vt  0.381790 0.546332 0.000000
vt  0.424692 0.459363 0.000000
vt  0.381790 0.546332 0.000000
vt  0.424692 0.503428 0.000000
vt  0.424692 0.459363 0.000000
vt  0.424359 0.579808 0.000000
vt  0.424359 0.557802 0.000000
vt  0.473794 0.557802 0.000000
vt  0.473794 0.579808 0.000000
vt  0.816154 0.129210 0.000000
vt  0.816154 0.142802 0.000000
vt  0.807620 0.142802 0.000000
vt  0.807620 0.129210 0.000000
vt  0.894282 0.129210 0.000000
vt  0.894282 0.142802 0.000000
vt  0.885284 0.142802 0.000000
vt  0.885284 0.129210 0.000000
vt  0.906146 0.157137 0.000000
vt  0.896408 0.157137 0.000000
vt  0.902956 0.136984 0.000000
vt  0.910834 0.142708 0.000000
vt  0.920099 0.124528 0.000000
vt  0.923109 0.133790 0.000000
vt  0.941290 0.124528 0.000000
vt  0.938281 0.133790 0.000000
vt  0.958434 0.136984 0.000000
vt  0.950555 0.142708 0.000000
vt  0.964982 0.157137 0.000000
vt  0.955244 0.157137 0.000000
vt  0.958434 0.177291 0.000000
vt  0.950555 0.171567 0.000000
vt  0.941290 0.189746 0.000000
vt  0.938281 0.180485 0.000000
vt  0.920099 0.189746 0.000000
vt  0.910834 0.171567 0.000000
vt  0.914702 0.168756 0.000000
vt  0.924586 0.175937 0.000000
vt  0.906146 0.157137 0.000000
vt  0.910927 0.157137 0.000000
vt  0.876286 0.142802 0.000000
vt  0.876286 0.129210 0.000000
vt  0.867752 0.142802 0.000000
vt  0.867752 0.129210 0.000000
vt  0.859485 0.142802 0.000000
vt  0.859485 0.129210 0.000000
vt  0.850951 0.142802 0.000000
vt  0.850951 0.129210 0.000000
vt  0.841953 0.142802 0.000000
vt  0.841953 0.129210 0.000000
vt  0.832956 0.142802 0.000000
vt  0.832956 0.129210 0.000000
vt  0.824422 0.142802 0.000000
vt  0.824422 0.129210 0.000000
vt  0.902191 0.040005 0.000000
vt  0.902191 0.022045 0.000000
vt  0.890216 0.022045 0.000000
vt  0.890216 0.040005 0.000000
vt  0.878241 0.022045 0.000000
vt  0.878241 0.040005 0.000000
vt  0.866267 0.022045 0.000000
vt  0.866267 0.040005 0.000000
vt  0.854292 0.022045 0.000000
vt  0.854292 0.040005 0.000000
vt  0.888658 0.074142 0.000000
vt  0.893435 0.062609 0.000000
vt  0.877125 0.078919 0.000000
vt  0.860815 0.062609 0.000000
vt  0.877125 0.046299 0.000000
vt  0.888658 0.051076 0.000000
vt  0.865592 0.051076 0.000000
vt  0.865592 0.074142 0.000000
vt  0.921954 0.084035 0.000000
vt  0.921954 0.122448 0.000000
vt  0.906748 0.084035 0.000000
vt  0.923109 0.180485 0.000000
vt  0.902956 0.177291 0.000000
vt  0.910834 0.171567 0.000000
vt  0.934205 0.076219 0.000000
vt  0.921539 0.081465 0.000000
vt  0.939451 0.063553 0.000000
vt  0.921539 0.045641 0.000000
vt  0.903628 0.063553 0.000000
vt  0.908874 0.076219 0.000000
vt  0.908874 0.050888 0.000000
vt  0.934205 0.050888 0.000000
vt  0.950091 0.040005 0.000000
vt  0.950091 0.022045 0.000000
vt  0.938116 0.022045 0.000000
vt  0.938116 0.040005 0.000000
vt  0.926141 0.022045 0.000000
vt  0.926141 0.040005 0.000000
vt  0.914166 0.022045 0.000000
vt  0.914166 0.040005 0.000000
vt  0.633940 0.238553 0.000000
vt  0.683815 0.309687 0.000000
vt  0.413690 0.309687 0.000000
vt  0.413690 0.309687 0.000000
vt  0.413690 0.238553 0.000000
vt  0.413690 0.238553 0.000000
vt  0.413690 0.238553 0.000000
vt  0.413690 0.309687 0.000000
vt  0.413690 0.309687 0.000000
vt  0.065490 0.866640 0.000000
vt  0.061519 0.862672 0.000000
vt  0.061519 0.898663 0.000000
vt  0.065490 0.894695 0.000000
vt  0.040085 0.862672 0.000000
vt  0.040085 0.898663 0.000000
vt  0.015302 0.862628 0.000000
vt  0.015302 0.898707 0.000000
vt  0.010168 0.867753 0.000000
vt  0.010168 0.893582 0.000000
vt  0.833887 0.327298 0.000000
vt  0.813106 0.327388 0.000000
vt  0.813106 0.270692 0.000000
vt  0.813106 0.270692 0.000000
vt  0.833887 0.271105 0.000000
vt  0.833887 0.327298 0.000000
vt  0.817685 0.353477 0.000000
vt  0.802611 0.337892 0.000000
vt  0.813106 0.327388 0.000000
vt  0.813106 0.327388 0.000000
vt  0.828200 0.342428 0.000000
vt  0.817685 0.353477 0.000000
vt  0.728457 0.359216 0.000000
vt  0.728401 0.337892 0.000000
vt  0.802611 0.337892 0.000000
vt  0.802555 0.359216 0.000000
vt  0.703333 0.341384 0.000000
vt  0.717906 0.327388 0.000000
vt  0.728401 0.337892 0.000000
vt  0.728401 0.337892 0.000000
vt  0.715414 0.353477 0.000000
vt  0.703333 0.341384 0.000000
vt  0.992346 0.370762 0.000000
vt  0.978934 0.370763 0.000000
vt  0.978934 0.461398 0.000000
vt  0.978934 0.461398 0.000000
vt  0.992346 0.461398 0.000000
vt  0.992346 0.370762 0.000000
vt  0.992477 0.247985 0.000000
vt  0.979065 0.247985 0.000000
vt  0.979002 0.350505 0.000000
vt  0.979002 0.350505 0.000000
vt  0.992414 0.350505 0.000000
vt  0.992477 0.247985 0.000000
vt  0.992578 0.231769 0.000000
vt  0.979166 0.231769 0.000000
vt  0.979065 0.247985 0.000000
vt  0.979065 0.247985 0.000000
vt  0.992477 0.247985 0.000000
vt  0.992578 0.231769 0.000000
vt  0.992577 0.132416 0.000000
vt  0.979165 0.132416 0.000000
vt  0.979166 0.231769 0.000000
vt  0.979166 0.231769 0.000000
vt  0.992578 0.231769 0.000000
vt  0.992577 0.132416 0.000000
vt  0.404274 0.980181 0.000000
vt  0.404274 0.870359 0.000000
vt  0.415611 0.992637 0.000000
vt  0.404274 0.870359 0.000000
vt  0.412062 0.859944 0.000000
vt  0.415611 0.992637 0.000000
vt  0.412062 0.859944 0.000000
vt  0.481126 0.870359 0.000000
vt  0.415611 0.992637 0.000000
vt  0.412062 0.859944 0.000000
vt  0.473339 0.859944 0.000000
vt  0.481126 0.870359 0.000000
vt  0.481126 0.870359 0.000000
vt  0.481126 0.980181 0.000000
vt  0.415611 0.992637 0.000000
vt  0.481126 0.980181 0.000000
vt  0.469789 0.992637 0.000000
vt  0.415611 0.992637 0.000000
vt  0.784207 0.015283 0.000000
vt  0.691310 0.015283 0.000000
vt  0.691311 0.151093 0.000000
vt  0.691311 0.151093 0.000000
vt  0.784208 0.151092 0.000000
vt  0.784207 0.015283 0.000000
vt  0.683815 0.309687 0.000000
vt  0.633940 0.238553 0.000000
vt  0.413690 0.238553 0.000000
vt  0.413690 0.238553 0.000000
vt  0.413690 0.309687 0.000000
vt  0.683815 0.309687 0.000000
vt  0.413690 0.309687 0.000000
vt  0.413690 0.238553 0.000000
vt  0.633940 0.238553 0.000000
vt  0.717787 0.205136 0.000000
vt  0.731345 0.191555 0.000000
vt  0.799667 0.191555 0.000000
vt  0.578029 0.015283 0.000000
vt  0.559493 0.029045 0.000000
vt  0.691310 0.015283 0.000000
vt  0.559493 0.029045 0.000000
vt  0.578030 0.151093 0.000000
vt  0.691310 0.015283 0.000000
vt  0.559493 0.029045 0.000000
vt  0.559494 0.137332 0.000000
vt  0.578030 0.151093 0.000000
vt  0.578030 0.151093 0.000000
vt  0.691311 0.151093 0.000000
vt  0.691310 0.015283 0.000000
vt  0.574109 0.151811 0.000000
vt  0.343108 0.151811 0.000000
vt  0.413690 0.238553 0.000000
vt  0.413690 0.238553 0.000000
vt  0.633940 0.238553 0.000000
vt  0.574109 0.151811 0.000000
vt  0.633940 0.238553 0.000000
vt  0.413690 0.238553 0.000000
vt  0.343108 0.151811 0.000000
vt  0.343108 0.151811 0.000000
vt  0.574109 0.151811 0.000000
vt  0.633940 0.238553 0.000000
vt  0.574109 0.151811 0.000000
vt  0.343108 0.151811 0.000000
vt  0.328315 0.137618 0.000000
vt  0.328315 0.137618 0.000000
vt  0.559316 0.137618 0.000000
vt  0.574109 0.151811 0.000000
vt  0.559316 0.137618 0.000000
vt  0.328315 0.137618 0.000000
vt  0.327942 0.028991 0.000000
vt  0.559235 0.028991 0.000000
vt  0.559316 0.137618 0.000000
vt  0.328315 0.137618 0.000000
vt  0.343108 0.151811 0.000000
vt  0.343108 0.151811 0.000000
vt  0.574109 0.151811 0.000000
vt  0.559316 0.137618 0.000000
vt  0.413690 0.238553 0.000000
vt  0.328315 0.137618 0.000000
vt  0.343108 0.151811 0.000000
vt  0.413690 0.238553 0.000000
vt  0.413690 0.238553 0.000000
vt  0.328315 0.137618 0.000000
vt  0.413690 0.238553 0.000000
vt  0.343108 0.151811 0.000000
vt  0.328315 0.137618 0.000000
vt  0.328315 0.137618 0.000000
vt  0.328315 0.137618 0.000000
vt  0.343108 0.151811 0.000000
vt  0.698116 0.271105 0.000000
vt  0.717906 0.270692 0.000000
vt  0.717906 0.327388 0.000000
vt  0.698116 0.327298 0.000000
vt  0.697956 0.205037 0.000000
vt  0.717787 0.205136 0.000000
vt  0.717906 0.270692 0.000000
vt  0.717906 0.270692 0.000000
vt  0.698116 0.271105 0.000000
vt  0.697956 0.205037 0.000000
vt  0.715319 0.175486 0.000000
vt  0.731345 0.191555 0.000000
vt  0.717787 0.205136 0.000000
vt  0.717787 0.205136 0.000000
vt  0.701764 0.190429 0.000000
vt  0.715319 0.175486 0.000000
vt  0.800094 0.169538 0.000000
vt  0.799667 0.191555 0.000000
vt  0.731345 0.191555 0.000000
vt  0.731345 0.191555 0.000000
vt  0.731596 0.169538 0.000000
vt  0.800094 0.169538 0.000000
vt  0.828674 0.190221 0.000000
vt  0.813224 0.205136 0.000000
vt  0.799667 0.191555 0.000000
vt  0.799667 0.191555 0.000000
vt  0.815745 0.176164 0.000000
vt  0.828674 0.190221 0.000000
vt  0.833887 0.271105 0.000000
vt  0.813106 0.270692 0.000000
vt  0.813224 0.205136 0.000000
vt  0.813224 0.205136 0.000000
vt  0.833525 0.205037 0.000000
vt  0.833887 0.271105 0.000000
vt  0.717906 0.327388 0.000000
vt  0.717906 0.270692 0.000000
vt  0.728401 0.337892 0.000000
vt  0.717906 0.270692 0.000000
vt  0.813106 0.270692 0.000000
vt  0.728401 0.337892 0.000000
vt  0.813106 0.270692 0.000000
vt  0.813106 0.327388 0.000000
vt  0.728401 0.337892 0.000000
vt  0.813106 0.327388 0.000000
vt  0.802611 0.337892 0.000000
vt  0.728401 0.337892 0.000000
vt  0.813224 0.205136 0.000000
vt  0.813106 0.270692 0.000000
vt  0.717906 0.270692 0.000000
vt  0.670970 0.471034 0.000000
vt  0.670988 0.516362 0.000000
vt  0.556466 0.516363 0.000000
vt  0.788241 0.800422 0.000000
vt  0.725772 0.791081 0.000000
vt  0.725773 0.912642 0.000000
vt  0.725773 0.912642 0.000000
vt  0.788246 0.913054 0.000000
vt  0.788241 0.800422 0.000000
vt  0.491298 0.912634 0.000000
vt  0.553292 0.912644 0.000000
vt  0.553290 0.791084 0.000000
vt  0.553290 0.791084 0.000000
vt  0.491300 0.800002 0.000000
vt  0.491298 0.912634 0.000000
vt  0.725773 0.912642 0.000000
vt  0.725772 0.791081 0.000000
vt  0.689583 0.786253 0.000000
vt  0.689583 0.786253 0.000000
vt  0.689584 0.912747 0.000000
vt  0.725773 0.912642 0.000000
vt  0.586900 0.912748 0.000000
vt  0.586899 0.786254 0.000000
vt  0.553290 0.791084 0.000000
vt  0.553290 0.791084 0.000000
vt  0.553292 0.912644 0.000000
vt  0.586900 0.912748 0.000000
vt  0.689584 0.912747 0.000000
vt  0.689583 0.786253 0.000000
vt  0.586899 0.786254 0.000000
vt  0.586899 0.786254 0.000000
vt  0.586900 0.912748 0.000000
vt  0.689584 0.912747 0.000000
vt  0.808887 0.738073 0.000000
vt  0.751632 0.707834 0.000000
vt  0.725772 0.791081 0.000000
vt  0.725772 0.791081 0.000000
vt  0.788241 0.800422 0.000000
vt  0.808887 0.738073 0.000000
vt  0.491300 0.800002 0.000000
vt  0.553290 0.791084 0.000000
vt  0.527908 0.707413 0.000000
vt  0.527908 0.707413 0.000000
vt  0.470653 0.737655 0.000000
vt  0.491300 0.800002 0.000000
vt  0.725772 0.791081 0.000000
vt  0.725747 0.706906 0.000000
vt  0.689178 0.693576 0.000000
vt  0.689178 0.693576 0.000000
vt  0.689583 0.786253 0.000000
vt  0.725772 0.791081 0.000000
vt  0.553313 0.706908 0.000000
vt  0.553290 0.791084 0.000000
vt  0.586613 0.693577 0.000000
vt  0.586899 0.786254 0.000000
vt  0.586613 0.693577 0.000000
vt  0.553290 0.791084 0.000000
vt  0.289854 0.322432 0.000000
vt  0.316230 0.322432 0.000000
vt  0.316230 0.407237 0.000000
vt  0.316230 0.407237 0.000000
vt  0.289854 0.407237 0.000000
vt  0.289854 0.322432 0.000000
vt  0.322409 0.306312 0.000000
vt  0.322409 0.282540 0.000000
vt  0.338491 0.322432 0.000000
vt  0.322409 0.282540 0.000000
vt  0.391921 0.282540 0.000000
vt  0.338491 0.322432 0.000000
vt  0.391921 0.282540 0.000000
vt  0.391921 0.306312 0.000000
vt  0.338491 0.322432 0.000000
vt  0.391921 0.306312 0.000000
vt  0.375797 0.322432 0.000000
vt  0.338491 0.322432 0.000000
vt  0.338491 0.407237 0.000000
vt  0.338491 0.322432 0.000000
vt  0.375797 0.322432 0.000000
vt  0.375796 0.407237 0.000000
vt  0.716954 0.999112 0.000000
vt  0.716952 0.937659 0.000000
vt  0.559852 0.999115 0.000000
vt  0.716952 0.937659 0.000000
vt  0.586900 0.912748 0.000000
vt  0.559852 0.999115 0.000000
vt  0.716952 0.937659 0.000000
vt  0.689584 0.912747 0.000000
vt  0.586900 0.912748 0.000000
vt  0.586900 0.912748 0.000000
vt  0.559851 0.937663 0.000000
vt  0.559852 0.999115 0.000000
vt  0.558732 0.610606 0.000000
vt  0.558732 0.668351 0.000000
vt  0.717059 0.610605 0.000000
vt  0.558732 0.668351 0.000000
vt  0.689178 0.693576 0.000000
vt  0.717059 0.610605 0.000000
vt  0.558732 0.668351 0.000000
vt  0.586613 0.693577 0.000000
vt  0.689178 0.693576 0.000000
vt  0.689178 0.693576 0.000000
vt  0.717059 0.668349 0.000000
vt  0.717059 0.610605 0.000000
vt  0.556466 0.597899 0.000000
vt  0.670989 0.597897 0.000000
vt  0.556483 0.471035 0.000000
vt  0.063768 0.499045 0.000000
vt  0.063768 0.537047 0.000000
vt  0.036517 0.538838 0.000000
vt  0.143380 0.494679 0.000000
vt  0.145534 0.538838 0.000000
vt  0.118392 0.499045 0.000000
vt  0.118392 0.537047 0.000000
vt  0.118392 0.499045 0.000000
vt  0.145534 0.538838 0.000000
vt  0.063768 0.537047 0.000000
vt  0.063768 0.499045 0.000000
vt  0.118392 0.499045 0.000000
vt  0.118392 0.499045 0.000000
vt  0.118392 0.537047 0.000000
vt  0.063768 0.537047 0.000000
vt  0.992346 0.461398 0.000000
vt  0.978934 0.461398 0.000000
vt  0.979003 0.481656 0.000000
vt  0.979003 0.481656 0.000000
vt  0.992414 0.481656 0.000000
vt  0.992346 0.461398 0.000000
vt  0.992414 0.350505 0.000000
vt  0.979002 0.350505 0.000000
vt  0.978934 0.370763 0.000000
vt  0.978934 0.370763 0.000000
vt  0.992346 0.370762 0.000000
vt  0.992414 0.350505 0.000000
vt  0.100862 0.984467 0.000000
vt  0.100862 0.927004 0.000000
vt  0.094930 0.990984 0.000000
vt  0.100862 0.927004 0.000000
vt  0.060651 0.984467 0.000000
vt  0.094930 0.990984 0.000000
vt  0.100862 0.927004 0.000000
vt  0.060651 0.927004 0.000000
vt  0.060651 0.984467 0.000000
vt  0.100862 0.927004 0.000000
vt  0.064725 0.921555 0.000000
vt  0.060651 0.927004 0.000000
vt  0.100862 0.927004 0.000000
vt  0.096787 0.921555 0.000000
vt  0.064725 0.921555 0.000000
vt  0.060651 0.984467 0.000000
vt  0.066582 0.990984 0.000000
vt  0.094930 0.990984 0.000000
vt  0.992477 0.116734 0.000000
vt  0.979065 0.116734 0.000000
vt  0.979165 0.132416 0.000000
vt  0.992577 0.132416 0.000000
vt  0.992413 0.014215 0.000000
vt  0.979001 0.014215 0.000000
vt  0.979065 0.116734 0.000000
vt  0.979065 0.116734 0.000000
vt  0.992477 0.116734 0.000000
vt  0.992413 0.014215 0.000000
vt  0.689583 0.786253 0.000000
vt  0.689178 0.693576 0.000000
vt  0.586613 0.693577 0.000000
vt  0.586613 0.693577 0.000000
vt  0.586899 0.786254 0.000000
vt  0.689583 0.786253 0.000000
vt  0.413690 0.309687 0.000000
vt  0.683815 0.309687 0.000000
vt  0.683815 0.309687 0.000000
vt  0.683815 0.309687 0.000000
vt  0.413690 0.309687 0.000000
vt  0.413690 0.309687 0.000000
vt  0.078808 0.902010 0.000000
vt  0.014498 0.902010 0.000000
vt  0.014488 0.917429 0.000000
vt  0.014488 0.917429 0.000000
vt  0.078818 0.917429 0.000000
vt  0.078808 0.902010 0.000000
vt  0.118392 0.537047 0.000000
vt  0.133144 0.557187 0.000000
vt  0.048908 0.557187 0.000000
vt  0.063768 0.537047 0.000000
vt  0.133144 0.557187 0.000000
vt  0.133144 0.602925 0.000000
vt  0.048908 0.602925 0.000000
vt  0.048908 0.557187 0.000000
vt  0.133141 0.423294 0.000000
vt  0.133141 0.479532 0.000000
vt  0.048931 0.479532 0.000000
vt  0.048931 0.423294 0.000000
vt  0.133141 0.479532 0.000000
vt  0.118392 0.499045 0.000000
vt  0.063768 0.499045 0.000000
vt  0.048931 0.479532 0.000000
vt  0.000051 0.524565 0.000000
vt  0.038671 0.494679 0.000000
vt  0.036517 0.538838 0.000000
vt  0.036517 0.538838 0.000000
vt  0.012371 0.574926 0.000000
vt  0.000051 0.524565 0.000000
vt  0.169681 0.574926 0.000000
vt  0.145534 0.538838 0.000000
vt  0.143380 0.494679 0.000000
vt  0.143380 0.494679 0.000000
vt  0.182001 0.524565 0.000000
vt  0.169681 0.574926 0.000000
vt  0.036517 0.538838 0.000000
vt  0.038671 0.494679 0.000000
vt  0.063768 0.499045 0.000000
vt  0.281850 0.566779 0.000000
vt  0.281850 0.523993 0.000000
vt  0.185971 0.523992 0.000000
vt  0.185971 0.523992 0.000000
vt  0.185971 0.566779 0.000000
vt  0.281850 0.566779 0.000000
vt  0.281850 0.479056 0.000000
vt  0.272135 0.465034 0.000000
vt  0.195686 0.465034 0.000000
vt  0.281850 0.523993 0.000000
vt  0.281850 0.479056 0.000000
vt  0.195686 0.465034 0.000000
vt  0.185971 0.523992 0.000000
vt  0.281850 0.523993 0.000000
vt  0.195686 0.465034 0.000000
vt  0.185971 0.479056 0.000000
vt  0.185971 0.523992 0.000000
vt  0.195686 0.465034 0.000000
vt  0.186115 0.646136 0.000000
vt  0.202896 0.663366 0.000000
vt  0.264997 0.663428 0.000000
vt  0.186115 0.634099 0.000000
vt  0.186115 0.646136 0.000000
vt  0.264997 0.663428 0.000000
vt  0.281706 0.634099 0.000000
vt  0.186115 0.634099 0.000000
vt  0.264997 0.663428 0.000000
vt  0.281706 0.646136 0.000000
vt  0.281706 0.634099 0.000000
vt  0.264997 0.663428 0.000000
vt  0.202896 0.663366 0.000000
vt  0.202723 0.730148 0.000000
vt  0.264923 0.730147 0.000000
vt  0.264923 0.730147 0.000000
vt  0.264997 0.663428 0.000000
vt  0.202896 0.663366 0.000000
vt  0.202723 0.730148 0.000000
vt  0.202725 0.881373 0.000000
vt  0.265023 0.881373 0.000000
vt  0.264923 0.730147 0.000000
vt  0.195667 0.465269 0.000000
vt  0.195667 0.427910 0.000000
vt  0.272363 0.427910 0.000000
vt  0.272363 0.427910 0.000000
vt  0.272363 0.465269 0.000000
vt  0.195667 0.465269 0.000000
vt  0.195667 0.427910 0.000000
vt  0.195491 0.338490 0.000000
vt  0.272379 0.338490 0.000000
vt  0.272379 0.338490 0.000000
vt  0.272363 0.427910 0.000000
vt  0.195667 0.427910 0.000000
vt  0.282150 0.320662 0.000000
vt  0.272379 0.338490 0.000000
vt  0.195491 0.338490 0.000000
vt  0.282150 0.235597 0.000000
vt  0.282150 0.320662 0.000000
vt  0.195491 0.338490 0.000000
vt  0.185720 0.235598 0.000000
vt  0.282150 0.235597 0.000000
vt  0.195491 0.338490 0.000000
vt  0.185720 0.320663 0.000000
vt  0.185720 0.235598 0.000000
vt  0.195491 0.338490 0.000000
vt  0.083635 0.619255 0.000000
vt  0.045138 0.611361 0.000000
vt  0.017598 0.635782 0.000000
vt  0.160108 0.681577 0.000000
vt  0.121715 0.615312 0.000000
vt  0.083635 0.619255 0.000000
vt  0.186012 0.732531 0.000000
vt  0.170820 0.675885 0.000000
vt  0.160108 0.681577 0.000000
vt  0.186012 0.732531 0.000000
vt  0.160108 0.681577 0.000000
vt  0.083635 0.619255 0.000000
vt  0.077568 0.780625 0.000000
vt  0.078180 0.881128 0.000000
vt  0.186122 0.881190 0.000000
vt  0.077568 0.780625 0.000000
vt  0.186122 0.881190 0.000000
vt  0.186012 0.732531 0.000000
vt  0.794223 0.399202 0.000000
vt  0.804581 0.399202 0.000000
vt  0.788458 0.443502 0.000000
vt  0.788458 0.443502 0.000000
vt  0.778101 0.443502 0.000000
vt  0.773835 0.481814 0.000000
vt  0.773835 0.481814 0.000000
vt  0.784192 0.481814 0.000000
vt  0.788458 0.443502 0.000000
vt  0.784192 0.481814 0.000000
vt  0.773835 0.481814 0.000000
vt  0.778101 0.443502 0.000000
vt  0.778101 0.443502 0.000000
vt  0.788458 0.443502 0.000000
vt  0.784192 0.481814 0.000000
vt  0.767388 0.479243 0.000000
vt  0.767388 0.490139 0.000000
vt  0.714637 0.490139 0.000000
vt  0.714637 0.490139 0.000000
vt  0.714637 0.479244 0.000000
vt  0.767388 0.479243 0.000000
vt  0.784192 0.481814 0.000000
vt  0.773835 0.481814 0.000000
vt  0.773045 0.490567 0.000000
vt  0.773045 0.490567 0.000000
vt  0.783402 0.490567 0.000000
vt  0.784192 0.481814 0.000000
vt  0.783402 0.490567 0.000000
vt  0.773045 0.490567 0.000000
vt  0.773835 0.481814 0.000000
vt  0.773835 0.481814 0.000000
vt  0.784192 0.481814 0.000000
vt  0.783402 0.490567 0.000000
vt  0.809575 0.387267 0.000000
vt  0.799218 0.387267 0.000000
vt  0.794223 0.399202 0.000000
vt  0.794223 0.399202 0.000000
vt  0.804580 0.399202 0.000000
vt  0.809575 0.387267 0.000000
vt  0.804581 0.399202 0.000000
vt  0.794223 0.399202 0.000000
vt  0.799218 0.387267 0.000000
vt  0.799218 0.387267 0.000000
vt  0.809575 0.387267 0.000000
vt  0.804581 0.399202 0.000000
vt  0.890390 0.498828 0.000000
vt  0.882990 0.506234 0.000000
vt  0.830664 0.506234 0.000000
vt  0.823265 0.498828 0.000000
vt  0.890390 0.458851 0.000000
vt  0.823265 0.458851 0.000000
vt  0.890473 0.412627 0.000000
vt  0.823181 0.412627 0.000000
vt  0.880914 0.403051 0.000000
vt  0.832740 0.403051 0.000000
vt  0.760495 0.514043 0.000000
vt  0.698416 0.521664 0.000000
vt  0.692555 0.547047 0.000000
vt  0.811295 0.519963 0.000000
vt  0.760495 0.514043 0.000000
vt  0.692555 0.547047 0.000000
vt  0.811215 0.653744 0.000000
vt  0.811295 0.519963 0.000000
vt  0.692555 0.547047 0.000000
vt  0.804966 0.655359 0.000000
vt  0.811215 0.653744 0.000000
vt  0.692555 0.547047 0.000000
vt  0.185971 0.566779 0.000000
vt  0.186115 0.634099 0.000000
vt  0.281706 0.634099 0.000000
vt  0.281850 0.566779 0.000000
vt  0.260573 0.971655 0.000000
vt  0.265023 0.881373 0.000000
vt  0.202725 0.881373 0.000000
vt  0.078180 0.881128 0.000000
vt  0.150279 0.972891 0.000000
vt  0.164079 0.972939 0.000000
vt  0.164079 0.972939 0.000000
vt  0.186122 0.881190 0.000000
vt  0.078180 0.881128 0.000000
vt  0.186122 0.881190 0.000000
vt  0.164079 0.972939 0.000000
vt  0.150279 0.972891 0.000000
vt  0.150279 0.972891 0.000000
vt  0.078180 0.881128 0.000000
vt  0.186122 0.881190 0.000000
vt  0.185741 0.111267 0.000000
vt  0.192485 0.002702 0.000000
vt  0.275382 0.002701 0.000000
vt  0.275382 0.002701 0.000000
vt  0.282127 0.111267 0.000000
vt  0.185741 0.111267 0.000000
vt  0.186122 0.881190 0.000000
vt  0.164079 0.972939 0.000000
vt  0.176968 0.972809 0.000000
vt  0.176968 0.972809 0.000000
vt  0.202725 0.881373 0.000000
vt  0.186122 0.881190 0.000000
vt  0.202725 0.881373 0.000000
vt  0.176968 0.972809 0.000000
vt  0.164079 0.972939 0.000000
vt  0.164079 0.972939 0.000000
vt  0.186122 0.881190 0.000000
vt  0.202725 0.881373 0.000000
vt  0.207078 0.971655 0.000000
vt  0.193322 0.984417 0.000000
vt  0.193233 0.997982 0.000000
vt  0.274973 0.984417 0.000000
vt  0.260573 0.971655 0.000000
vt  0.207078 0.971655 0.000000
vt  0.274973 0.984417 0.000000
vt  0.207078 0.971655 0.000000
vt  0.193233 0.997982 0.000000
vt  0.275062 0.997982 0.000000
vt  0.274973 0.984417 0.000000
vt  0.193233 0.997982 0.000000
vt  0.282127 0.111267 0.000000
vt  0.282150 0.235597 0.000000
vt  0.185720 0.235598 0.000000
vt  0.185720 0.235598 0.000000
vt  0.185741 0.111267 0.000000
vt  0.282127 0.111267 0.000000
vt  0.380614 0.562450 0.000000
vt  0.380614 0.588931 0.000000
vt  0.394838 0.588930 0.000000
vt  0.394838 0.588930 0.000000
vt  0.394837 0.562450 0.000000
vt  0.380614 0.562450 0.000000
vt  0.394837 0.562450 0.000000
vt  0.394626 0.554606 0.000000
vt  0.380668 0.554606 0.000000
vt  0.380668 0.554606 0.000000
vt  0.380614 0.562450 0.000000
vt  0.394837 0.562450 0.000000
vt  0.394838 0.588930 0.000000
vt  0.403218 0.588938 0.000000
vt  0.403218 0.562545 0.000000
vt  0.403218 0.562545 0.000000
vt  0.394837 0.562450 0.000000
vt  0.394838 0.588930 0.000000
vt  0.380614 0.588931 0.000000
vt  0.380669 0.597374 0.000000
vt  0.394627 0.597373 0.000000
vt  0.394838 0.588930 0.000000
vt  0.380614 0.562450 0.000000
vt  0.372234 0.562545 0.000000
vt  0.372234 0.588939 0.000000
vt  0.372234 0.588939 0.000000
vt  0.380614 0.588931 0.000000
vt  0.380614 0.562450 0.000000
vt  0.040296 0.969460 0.000000
vt  0.040296 0.990851 0.000000
vt  0.028806 0.990851 0.000000
vt  0.028806 0.990851 0.000000
vt  0.028806 0.969460 0.000000
vt  0.040296 0.969460 0.000000
vt  0.077568 0.780625 0.000000
vt  0.186012 0.732531 0.000000
vt  0.083635 0.619255 0.000000
vt  0.077568 0.780625 0.000000
vt  0.083635 0.619255 0.000000
vt  0.017598 0.635782 0.000000
vt  0.017600 0.731829 0.000000
vt  0.077568 0.780625 0.000000
vt  0.017598 0.635782 0.000000
vt  0.160108 0.681577 0.000000
vt  0.170820 0.675885 0.000000
vt  0.186012 0.732531 0.000000
vt  0.083635 0.619255 0.000000
vt  0.121715 0.615312 0.000000
vt  0.160108 0.681577 0.000000
vt  0.017598 0.635782 0.000000
vt  0.045138 0.611361 0.000000
vt  0.083635 0.619255 0.000000
vt  0.017598 0.635782 0.000000
vt  0.083635 0.619255 0.000000
vt  0.160108 0.681577 0.000000
vt  0.017598 0.635782 0.000000
vt  0.160108 0.681577 0.000000
vt  0.186012 0.732531 0.000000
vt  0.077568 0.780625 0.000000
vt  0.017600 0.731829 0.000000
vt  0.017598 0.635782 0.000000
vt  0.077568 0.780625 0.000000
vt  0.017598 0.635782 0.000000
vt  0.186012 0.732531 0.000000
vt  0.078180 0.881128 0.000000
vt  0.077568 0.780625 0.000000
vt  0.186012 0.732531 0.000000
vt  0.186122 0.881190 0.000000
vt  0.078180 0.881128 0.000000
vt  0.186012 0.732531 0.000000
vt  0.202723 0.730148 0.000000
vt  0.186155 0.667737 0.000000
vt  0.170820 0.675885 0.000000
vt  0.170820 0.675885 0.000000
vt  0.186012 0.732531 0.000000
vt  0.202723 0.730148 0.000000
vt  0.186155 0.667737 0.000000
vt  0.202723 0.730148 0.000000
vt  0.186012 0.732531 0.000000
vt  0.186012 0.732531 0.000000
vt  0.170820 0.675885 0.000000
vt  0.186155 0.667737 0.000000
vt  0.202725 0.881373 0.000000
vt  0.202723 0.730148 0.000000
vt  0.186012 0.732531 0.000000
vt  0.186012 0.732531 0.000000
vt  0.186122 0.881190 0.000000
vt  0.202725 0.881373 0.000000
vt  0.202723 0.730148 0.000000
vt  0.202725 0.881373 0.000000
vt  0.186122 0.881190 0.000000
vt  0.186122 0.881190 0.000000
vt  0.186012 0.732531 0.000000
vt  0.202723 0.730148 0.000000
vt  0.007786 0.631368 0.000000
vt  0.033126 0.608898 0.000000
vt  0.045138 0.611361 0.000000
vt  0.045138 0.611361 0.000000
vt  0.017598 0.635782 0.000000
vt  0.007786 0.631368 0.000000
vt  0.033126 0.608898 0.000000
vt  0.007786 0.631368 0.000000
vt  0.017598 0.635782 0.000000
vt  0.017598 0.635782 0.000000
vt  0.045138 0.611361 0.000000
vt  0.033126 0.608898 0.000000
vt  0.007787 0.721602 0.000000
vt  0.007786 0.631368 0.000000
vt  0.017598 0.635782 0.000000
vt  0.017598 0.635782 0.000000
vt  0.017600 0.731829 0.000000
vt  0.007787 0.721602 0.000000
vt  0.007786 0.631368 0.000000
vt  0.007787 0.721602 0.000000
vt  0.017600 0.731829 0.000000
vt  0.017600 0.731829 0.000000
vt  0.017598 0.635782 0.000000
vt  0.007786 0.631368 0.000000
vt  0.202725 0.881373 0.000000
vt  0.207078 0.971655 0.000000
vt  0.260573 0.971655 0.000000
vt  0.930695 0.157137 0.000000
vt  0.919974 0.149348 0.000000
vt  0.926600 0.144535 0.000000
vt  0.934790 0.144535 0.000000
vt  0.941415 0.149348 0.000000
vt  0.943946 0.157137 0.000000
vt  0.941415 0.164926 0.000000
vt  0.934790 0.169740 0.000000
vt  0.926600 0.169740 0.000000
vt  0.919974 0.164926 0.000000
vt  0.917444 0.157137 0.000000
vt  0.912828 0.157137 0.000000
vt  0.916241 0.146636 0.000000
vt  0.925174 0.140145 0.000000
vt  0.936216 0.140145 0.000000
vt  0.945149 0.146636 0.000000
vt  0.948561 0.157137 0.000000
vt  0.945149 0.167639 0.000000
vt  0.936216 0.174129 0.000000
vt  1.021808 0.547009 0.000000
vt  1.015948 0.521626 0.000000
vt  1.028268 0.523004 0.000000
vt  0.822564 0.521262 0.000000
vt  0.822466 0.651314 0.000000
vt  0.811215 0.653744 0.000000
vt  0.811215 0.653744 0.000000
vt  0.811295 0.519963 0.000000
vt  0.822564 0.521262 0.000000
vt  0.891120 0.651276 0.000000
vt  0.891090 0.521262 0.000000
vt  0.903069 0.519925 0.000000
vt  0.903069 0.519925 0.000000
vt  0.903051 0.653705 0.000000
vt  0.891120 0.651276 0.000000
vt  0.698416 0.521664 0.000000
vt  0.760495 0.514043 0.000000
vt  0.692555 0.547047 0.000000
vt  0.760495 0.514043 0.000000
vt  0.811295 0.519963 0.000000
vt  0.692555 0.547047 0.000000
vt  0.811295 0.519963 0.000000
vt  0.811215 0.653744 0.000000
vt  0.692555 0.547047 0.000000
vt  0.811215 0.653744 0.000000
vt  0.804966 0.655359 0.000000
vt  0.692555 0.547047 0.000000
vt  0.055189 0.846662 0.000000
vt  0.055243 0.785085 0.000000
vt  0.016057 0.846662 0.000000
vt  0.021581 0.779502 0.000000
vt  0.049665 0.779502 0.000000
vt  0.016003 0.785085 0.000000
vt  0.825282 0.386134 0.000000
vt  0.825311 0.371397 0.000000
vt  0.888438 0.371397 0.000000
vt  0.888372 0.386134 0.000000
vt  0.055189 0.849288 0.000000
vt  0.055189 0.846662 0.000000
vt  0.050875 0.853237 0.000000
vt  0.055189 0.846662 0.000000
vt  0.016057 0.846662 0.000000
vt  0.050875 0.853237 0.000000
vt  0.016057 0.846662 0.000000
vt  0.016057 0.849288 0.000000
vt  0.050875 0.853237 0.000000
vt  0.016057 0.849288 0.000000
vt  0.020371 0.853237 0.000000
vt  0.050875 0.853237 0.000000
vt  0.891090 0.521262 0.000000
vt  0.891120 0.651276 0.000000
vt  0.822466 0.651314 0.000000
vt  0.822466 0.651314 0.000000
vt  0.822564 0.521262 0.000000
vt  0.891090 0.521262 0.000000
vt  0.924586 0.175937 0.000000
vt  0.925174 0.174129 0.000000
vt  0.914702 0.168756 0.000000
vt  0.916241 0.167639 0.000000
vt  0.910927 0.157137 0.000000
vt  0.910834 0.142708 0.000000
vt  0.914702 0.145518 0.000000
vt  0.923109 0.133790 0.000000
vt  0.924586 0.138337 0.000000
vt  0.938281 0.133790 0.000000
vt  0.936803 0.138337 0.000000
vt  0.950555 0.142708 0.000000
vt  0.946687 0.145518 0.000000
vt  0.955244 0.157137 0.000000
vt  0.950463 0.157137 0.000000
vt  0.950555 0.171567 0.000000
vt  0.946687 0.168756 0.000000
vt  0.938281 0.180485 0.000000
vt  0.936803 0.175937 0.000000
vt  0.923109 0.180485 0.000000
vt  0.914702 0.145518 0.000000
vt  0.924586 0.138337 0.000000
vt  0.936803 0.138337 0.000000
vt  0.946687 0.145518 0.000000
vt  0.950463 0.157137 0.000000
vt  0.946687 0.168756 0.000000
vt  0.936803 0.175937 0.000000
vt  1.028268 0.523004 0.000000
vt  1.031618 0.536960 0.000000
vt  1.021808 0.547009 0.000000
vt  0.698416 0.521664 0.000000
vt  0.692555 0.547047 0.000000
vt  0.682326 0.537228 0.000000
vt  0.682326 0.537228 0.000000
vt  0.685555 0.523243 0.000000
vt  0.698416 0.521664 0.000000
vt  0.890473 0.412627 0.000000
vt  0.900890 0.398674 0.000000
vt  0.900781 0.459209 0.000000
vt  0.900781 0.459209 0.000000
vt  0.890390 0.458851 0.000000
vt  0.890473 0.412627 0.000000
vt  0.832740 0.403051 0.000000
vt  0.825282 0.386134 0.000000
vt  0.888372 0.386134 0.000000
vt  0.888372 0.386134 0.000000
vt  0.880914 0.403051 0.000000
vt  0.832740 0.403051 0.000000
vt  0.823265 0.458851 0.000000
vt  0.812874 0.459209 0.000000
vt  0.812764 0.398674 0.000000
vt  0.812764 0.398674 0.000000
vt  0.823181 0.412627 0.000000
vt  0.823265 0.458851 0.000000
vt  0.890390 0.458851 0.000000
vt  0.900781 0.459209 0.000000
vt  0.900781 0.511563 0.000000
vt  0.900781 0.511563 0.000000
vt  0.890390 0.498828 0.000000
vt  0.890390 0.458851 0.000000
vt  0.823265 0.498828 0.000000
vt  0.812874 0.511563 0.000000
vt  0.812874 0.459209 0.000000
vt  0.812874 0.459209 0.000000
vt  0.823265 0.458851 0.000000
vt  0.823265 0.498828 0.000000
vt  0.882990 0.506234 0.000000
vt  0.891090 0.521262 0.000000
vt  0.822564 0.521262 0.000000
vt  0.778101 0.443502 0.000000
vt  0.811898 0.384046 0.000000
vt  0.811898 0.373151 0.000000
vt  0.763332 0.373152 0.000000
vt  0.763332 0.373152 0.000000
vt  0.763332 0.384047 0.000000
vt  0.811898 0.384046 0.000000
vt  0.778101 0.443502 0.000000
vt  0.788458 0.443502 0.000000
vt  0.804580 0.399202 0.000000
vt  0.804580 0.399202 0.000000
vt  0.794223 0.399202 0.000000
vt  0.778101 0.443502 0.000000
vt  0.825282 0.386134 0.000000
vt  0.832740 0.403051 0.000000
vt  0.823181 0.412627 0.000000
vt  0.823181 0.412627 0.000000
vt  0.812764 0.398674 0.000000
vt  0.825282 0.386134 0.000000
vt  0.900890 0.398674 0.000000
vt  0.890473 0.412627 0.000000
vt  0.880914 0.403051 0.000000
vt  0.880914 0.403051 0.000000
vt  0.888372 0.386134 0.000000
vt  0.900890 0.398674 0.000000
vt  0.812874 0.511563 0.000000
vt  0.823265 0.498828 0.000000
vt  0.830664 0.506234 0.000000
vt  0.830664 0.506234 0.000000
vt  0.822564 0.521262 0.000000
vt  0.812874 0.511563 0.000000
vt  0.891090 0.521262 0.000000
vt  0.882990 0.506234 0.000000
vt  0.890390 0.498828 0.000000
vt  0.890390 0.498828 0.000000
vt  0.900781 0.511563 0.000000
vt  0.891090 0.521262 0.000000
vt  0.822564 0.521262 0.000000
vt  0.830664 0.506234 0.000000
vt  0.882990 0.506234 0.000000
vt  0.574855 0.331663 0.000000
vt  0.579248 0.319113 0.000000
vt  0.546166 0.319113 0.000000
vt  0.606957 0.346822 0.000000
vt  0.595205 0.352012 0.000000
vt  0.595205 0.380716 0.000000
vt  0.606957 0.385906 0.000000
vt  0.474732 0.391856 0.000000
vt  0.482493 0.399617 0.000000
vt  0.482493 0.410565 0.000000
vt  0.457703 0.399617 0.000000
vt  0.465465 0.391856 0.000000
vt  0.465465 0.418327 0.000000
vt  0.457703 0.410565 0.000000
vt  0.474732 0.418327 0.000000
vt  0.574855 0.401065 0.000000
vt  0.579248 0.413615 0.000000
vt  0.550559 0.331663 0.000000
vt  0.530210 0.352012 0.000000
vt  0.518457 0.346822 0.000000
vt  0.518457 0.385906 0.000000
vt  0.530210 0.380716 0.000000
vt  0.550559 0.401065 0.000000
vt  0.546166 0.413615 0.000000
vt  0.595205 0.380716 0.000000
vt  0.595205 0.352012 0.000000
vt  0.574855 0.401065 0.000000
vt  0.550559 0.331663 0.000000
vt  0.574855 0.331663 0.000000
vt  0.530210 0.380716 0.000000
vt  0.530210 0.352012 0.000000
vt  0.550559 0.401065 0.000000
vt  0.667111 0.380618 0.000000
vt  0.673600 0.383484 0.000000
vt  0.673600 0.356593 0.000000
vt  0.652111 0.395618 0.000000
vt  0.654537 0.402547 0.000000
vt  0.777340 0.334845 0.000000
vt  0.777340 0.288688 0.000000
vt  0.754636 0.288688 0.000000
vt  0.754636 0.334845 0.000000
vt  0.728585 0.288688 0.000000
vt  0.728585 0.334845 0.000000
vt  0.703695 0.288688 0.000000
vt  0.703695 0.334845 0.000000
vt  0.677644 0.288688 0.000000
vt  0.677644 0.334845 0.000000
vt  0.654940 0.288688 0.000000
vt  0.654940 0.334845 0.000000
vt  0.494611 0.418516 0.000000
vt  0.511682 0.410735 0.000000
vt  0.503901 0.418516 0.000000
vt  0.486830 0.399759 0.000000
vt  0.486830 0.410735 0.000000
vt  0.503901 0.391978 0.000000
vt  0.494611 0.391978 0.000000
vt  0.511682 0.399759 0.000000
vt  0.803391 0.334845 0.000000
vt  0.803391 0.288688 0.000000
vt  0.828281 0.334845 0.000000
vt  0.828281 0.288688 0.000000
vt  0.628889 0.288688 0.000000
vt  0.628889 0.334845 0.000000
vt  0.619201 0.380618 0.000000
vt  0.634202 0.395618 0.000000
vt  0.634202 0.344459 0.000000
vt  0.619201 0.359459 0.000000
vt  0.667111 0.359459 0.000000
vt  0.652111 0.344459 0.000000
vt  0.654537 0.337530 0.000000
vt  0.631776 0.337530 0.000000
vt  0.612712 0.356593 0.000000
vt  0.612712 0.383484 0.000000
vt  0.631776 0.402547 0.000000
vt  0.813907 0.293638 0.000000
vt  0.794616 0.293638 0.000000
vt  0.794616 0.342475 0.000000
vt  0.813907 0.342475 0.000000
vt  0.821898 0.293638 0.000000
vt  0.821898 0.342475 0.000000
vt  0.813907 0.293638 0.000000
vt  0.813907 0.342475 0.000000
vt  0.794616 0.293638 0.000000
vt  0.794616 0.342475 0.000000
vt  0.775325 0.293638 0.000000
vt  0.775325 0.342475 0.000000
vt  0.767334 0.293638 0.000000
vt  0.767334 0.342475 0.000000
vt  0.929342 0.351639 0.000000
vt  0.922687 0.367706 0.000000
vt  0.906620 0.374362 0.000000
vt  0.906620 0.328918 0.000000
vt  0.922686 0.335573 0.000000
vt  0.883898 0.351640 0.000000
vt  0.890553 0.335573 0.000000
vt  0.775325 0.342475 0.000000
vt  0.775325 0.293638 0.000000
vt  0.949939 0.369309 0.000000
vt  0.962147 0.364252 0.000000
vt  0.937731 0.364252 0.000000
vt  0.962147 0.339836 0.000000
vt  0.967204 0.352044 0.000000
vt  0.937731 0.339836 0.000000
vt  0.949939 0.334779 0.000000
vt  0.932674 0.352044 0.000000
vt  0.937731 0.364252 0.000000
vt  0.932674 0.352044 0.000000
vt  0.949939 0.369309 0.000000
vt  0.949939 0.334779 0.000000
vt  0.937731 0.339836 0.000000
vt  0.967204 0.352044 0.000000
vt  0.962147 0.339836 0.000000
vt  0.962147 0.364252 0.000000
vt  0.917719 0.726449 0.000000
vt  0.940844 0.726449 0.000000
vt  0.940869 0.969993 0.000000
vt  0.940844 0.726449 0.000000
vt  0.917719 0.726449 0.000000
vt  0.917745 0.726449 0.000000
vt  0.940870 0.726449 0.000000
vt  0.940870 0.726449 0.000000
vt  0.917745 0.726449 0.000000
vt  0.917583 0.969993 0.000000
vt  0.917583 0.969993 0.000000
vt  0.940895 0.969993 0.000000
vt  0.940870 0.726449 0.000000
vt  0.917745 0.726449 0.000000
vt  0.879402 0.885303 0.000000
vt  0.917583 0.969993 0.000000
vt  0.917745 0.726449 0.000000
vt  0.712616 0.866847 0.000000
vt  0.879402 0.885303 0.000000
vt  0.712616 0.866847 0.000000
vt  0.730541 0.885303 0.000000
vt  0.879402 0.885303 0.000000
vt  0.712616 0.866847 0.000000
vt  0.712584 0.932674 0.000000
vt  0.730541 0.885303 0.000000
vt  0.712584 0.932674 0.000000
vt  0.730541 0.932614 0.000000
vt  0.730541 0.885303 0.000000
vt  0.879402 0.885303 0.000000
vt  0.879402 0.932402 0.000000
vt  0.917583 0.969993 0.000000
vt  0.730541 0.932614 0.000000
vt  0.712584 0.932674 0.000000
vt  0.712557 0.932674 0.000000
vt  0.712557 0.932674 0.000000
vt  0.730515 0.932614 0.000000
vt  0.730541 0.932614 0.000000
vt  0.917557 0.969993 0.000000
vt  0.917583 0.969993 0.000000
vt  0.879402 0.932402 0.000000
vt  0.879402 0.932402 0.000000
vt  0.879376 0.932402 0.000000
vt  0.917557 0.969993 0.000000
vt  0.712590 0.866847 0.000000
vt  0.730515 0.885303 0.000000
vt  0.712557 0.932674 0.000000
vt  0.890553 0.367706 0.000000
vt  0.890553 0.335573 0.000000
vt  0.883898 0.351640 0.000000
vt  0.890553 0.367706 0.000000
vt  0.922686 0.335573 0.000000
vt  0.906620 0.328918 0.000000
vt  0.922687 0.367706 0.000000
vt  0.929342 0.351639 0.000000
vt  0.906620 0.374362 0.000000
vt  0.712557 0.932674 0.000000
vt  0.712584 0.932674 0.000000
vt  0.712616 0.866847 0.000000
vt  0.712616 0.866847 0.000000
vt  0.712590 0.866847 0.000000
vt  0.712557 0.932674 0.000000
vt  0.712590 0.866847 0.000000
vt  0.712616 0.866847 0.000000
vt  0.917745 0.726449 0.000000
vt  0.917745 0.726449 0.000000
vt  0.917719 0.726449 0.000000
vt  0.712590 0.866847 0.000000
vt  0.730515 0.885303 0.000000
vt  0.730515 0.932614 0.000000
vt  0.712557 0.932674 0.000000
vt  0.917557 0.969993 0.000000
vt  0.879376 0.932402 0.000000
vt  0.879376 0.885303 0.000000
vt  0.917719 0.726449 0.000000
vt  0.917557 0.969993 0.000000
vt  0.879376 0.885303 0.000000
vt  0.712590 0.866847 0.000000
vt  0.917719 0.726449 0.000000
vt  0.879376 0.885303 0.000000
vt  0.712590 0.866847 0.000000
vt  0.879376 0.885303 0.000000
vt  0.730515 0.885303 0.000000
vt  0.017362 0.885773 0.000000
vt  0.003950 0.906501 0.000000
vt  0.104540 0.917475 0.000000
vt  0.017362 0.885773 0.000000
vt  0.004560 0.894308 0.000000
vt  0.003950 0.906501 0.000000
vt  0.003950 0.906501 0.000000
vt  0.043577 0.917475 0.000000
vt  0.104540 0.917475 0.000000
vt  0.104540 0.917475 0.000000
vt  0.115514 0.932106 0.000000
vt  0.145386 0.931496 0.000000
vt  0.145386 0.931496 0.000000
vt  0.286822 0.950395 0.000000
vt  0.252073 0.933325 0.000000
vt  0.145386 0.931496 0.000000
vt  0.178306 0.983315 0.000000
vt  0.286822 0.950395 0.000000
vt  0.178306 0.983315 0.000000
vt  0.288041 0.983315 0.000000
vt  0.286822 0.950395 0.000000
vt  0.286822 0.950395 0.000000
vt  0.274629 0.933935 0.000000
vt  0.252073 0.933325 0.000000
vt  0.252073 0.933325 0.000000
vt  0.221591 0.885773 0.000000
vt  0.150873 0.891870 0.000000
vt  0.221591 0.885773 0.000000
vt  0.158188 0.885773 0.000000
vt  0.150873 0.891870 0.000000
vt  0.118804 0.858812 0.000000
vt  0.118804 0.839186 0.000000
vt  0.107831 0.839186 0.000000
vt  0.107831 0.839186 0.000000
vt  0.107831 0.858812 0.000000
vt  0.118804 0.858812 0.000000
vt  0.148676 0.858812 0.000000
vt  0.148676 0.839186 0.000000
vt  0.118804 0.839186 0.000000
vt  0.118804 0.839186 0.000000
vt  0.118804 0.858812 0.000000
vt  0.148676 0.858812 0.000000
vt  0.107831 0.858812 0.000000
vt  0.107831 0.839186 0.000000
vt  0.046867 0.839186 0.000000
vt  0.046867 0.858812 0.000000
vt  0.066375 0.830012 0.000000
vt  0.066375 0.810387 0.000000
vt  0.074301 0.810387 0.000000
vt  0.074301 0.810387 0.000000
vt  0.074301 0.830012 0.000000
vt  0.066375 0.830012 0.000000
vt  0.020652 0.830012 0.000000
vt  0.020652 0.810387 0.000000
vt  0.066375 0.810387 0.000000
vt  0.066375 0.830012 0.000000
vt  0.007850 0.830012 0.000000
vt  0.007850 0.810387 0.000000
vt  0.020652 0.810387 0.000000
vt  0.020652 0.830012 0.000000
vt  0.046867 0.858812 0.000000
vt  0.046867 0.839186 0.000000
vt  0.007240 0.839186 0.000000
vt  0.007240 0.839186 0.000000
vt  0.007240 0.858812 0.000000
vt  0.046867 0.858812 0.000000
vt  0.007240 0.858812 0.000000
vt  0.007240 0.839186 0.000000
vt  0.007850 0.839186 0.000000
vt  0.007850 0.839186 0.000000
vt  0.007850 0.858812 0.000000
vt  0.007240 0.858812 0.000000
vt  0.074301 0.830012 0.000000
vt  0.074301 0.810387 0.000000
vt  0.154163 0.810387 0.000000
vt  0.154163 0.810387 0.000000
vt  0.154163 0.830012 0.000000
vt  0.074301 0.830012 0.000000
vt  0.154163 0.830012 0.000000
vt  0.154163 0.810387 0.000000
vt  0.161479 0.810387 0.000000
vt  0.161479 0.830012 0.000000
vt  0.161479 0.830012 0.000000
vt  0.161479 0.810387 0.000000
vt  0.224881 0.810387 0.000000
vt  0.224881 0.830012 0.000000
vt  0.779958 0.372555 0.000000
vt  0.773886 0.372555 0.000000
vt  0.773886 0.341587 0.000000
vt  0.779958 0.341587 0.000000
vt  0.794616 0.372555 0.000000
vt  0.794616 0.341587 0.000000
vt  0.809274 0.372555 0.000000
vt  0.809274 0.341587 0.000000
vt  0.815345 0.372555 0.000000
vt  0.815345 0.341587 0.000000
vt  0.809274 0.372555 0.000000
vt  0.809274 0.341587 0.000000
vt  0.794616 0.372555 0.000000
vt  0.794616 0.341587 0.000000
vt  0.779958 0.372555 0.000000
vt  0.779958 0.341587 0.000000
vt  0.017362 0.885773 0.000000
vt  0.104540 0.917475 0.000000
vt  0.145386 0.931496 0.000000
vt  0.017362 0.885773 0.000000
vt  0.145386 0.931496 0.000000
vt  0.252073 0.933325 0.000000
vt  0.071010 0.892479 0.000000
vt  0.063085 0.885773 0.000000
vt  0.017362 0.885773 0.000000
vt  0.071010 0.892479 0.000000
vt  0.017362 0.885773 0.000000
vt  0.252073 0.933325 0.000000
vt  0.071010 0.892479 0.000000
vt  0.252073 0.933325 0.000000
vt  0.150873 0.891870 0.000000
vt  0.018017 0.843217 0.000000
vt  0.018017 0.854781 0.000000
vt  0.033343 0.854781 0.000000
vt  0.033343 0.854781 0.000000
vt  0.033343 0.843217 0.000000
vt  0.018017 0.843217 0.000000
vt  0.125617 0.928270 0.000000
vt  0.030053 0.928270 0.000000
vt  0.014727 0.907835 0.000000
vt  0.014727 0.907835 0.000000
vt  0.110291 0.907835 0.000000
vt  0.125617 0.928270 0.000000
vt  0.113581 0.854781 0.000000
vt  0.018017 0.854781 0.000000
vt  0.018017 0.843217 0.000000
vt  0.018017 0.843217 0.000000
vt  0.113581 0.843217 0.000000
vt  0.113581 0.854781 0.000000
vt  0.110291 0.907835 0.000000
vt  0.014727 0.907835 0.000000
vt  0.030053 0.928270 0.000000
vt  0.030053 0.928270 0.000000
vt  0.125617 0.928270 0.000000
vt  0.110291 0.907835 0.000000
vt  0.128907 0.843217 0.000000
vt  0.033343 0.843217 0.000000
vt  0.033343 0.854781 0.000000
vt  0.033343 0.854781 0.000000
vt  0.128907 0.854781 0.000000
vt  0.128907 0.843217 0.000000
vt  0.113581 0.854781 0.000000
vt  0.113581 0.843217 0.000000
vt  0.128907 0.843217 0.000000
vt  0.128907 0.843217 0.000000
vt  0.128907 0.854781 0.000000
vt  0.113581 0.854781 0.000000
vt  0.990331 0.383682 0.000000
vt  0.990808 0.399254 0.000000
vt  0.867332 0.399002 0.000000
vt  0.888907 0.537453 0.000000
vt  0.889197 0.444171 0.000000
vt  0.992786 0.444171 0.000000
vt  0.992930 0.537453 0.000000
vt  0.888855 0.042888 0.000000
vt  0.888495 0.104783 0.000000
vt  0.997332 0.104783 0.000000
vt  0.997111 0.042888 0.000000
vt  0.871823 0.184933 0.000000
vt  0.855466 0.192073 0.000000
vt  0.867138 0.202412 0.000000
vt  0.876604 0.187166 0.000000
vt  0.855466 0.141272 0.000000
vt  0.871823 0.141272 0.000000
vt  0.871823 0.112710 0.000000
vt  0.855466 0.112710 0.000000
vt  0.872012 0.381543 0.000000
vt  0.876788 0.383773 0.000000
vt  0.855673 0.388675 0.000000
vt  0.885831 0.041047 0.000000
vt  0.885606 0.104783 0.000000
vt  0.825714 0.060406 0.000000
vt  0.814008 0.058659 0.000000
vt  0.813572 0.073021 0.000000
vt  0.825489 0.074664 0.000000
vt  0.848368 0.069425 0.000000
vt  0.825714 0.060406 0.000000
vt  0.825489 0.074664 0.000000
vt  0.848981 0.083683 0.000000
vt  0.873262 0.060406 0.000000
vt  0.885606 0.104783 0.000000
vt  0.880869 0.038634 0.000000
vt  0.885831 0.041047 0.000000
vt  0.855673 0.375811 0.000000
vt  0.872012 0.375811 0.000000
vt  0.786649 0.426531 0.000000
vt  0.794529 0.445555 0.000000
vt  0.794529 0.407507 0.000000
vt  0.832577 0.445555 0.000000
vt  0.813553 0.453435 0.000000
vt  0.832577 0.407507 0.000000
vt  0.840457 0.426531 0.000000
vt  0.813553 0.399627 0.000000
vt  0.825714 0.016862 0.000000
vt  0.819346 0.038634 0.000000
vt  0.848368 0.007844 0.000000
vt  0.930424 0.117056 0.000000
vt  0.934914 0.126063 0.000000
vt  0.890235 0.126293 0.000000
vt  0.885135 0.117286 0.000000
vt  0.863495 0.441040 0.000000
vt  0.863072 0.537379 0.000000
vt  0.842425 0.460540 0.000000
vt  0.853038 0.427353 0.000000
vt  0.785984 0.482321 0.000000
vt  0.786305 0.460540 0.000000
vt  0.813852 0.474317 0.000000
vt  0.814526 0.496098 0.000000
vt  0.875497 0.444171 0.000000
vt  0.875202 0.537453 0.000000
vt  0.863072 0.537379 0.000000
vt  0.863495 0.441040 0.000000
vt  0.828791 0.192073 0.000000
vt  0.840463 0.202412 0.000000
vt  0.840687 0.399002 0.000000
vt  0.829028 0.388675 0.000000
vt  0.990572 0.202703 0.000000
vt  0.990093 0.187114 0.000000
vt  0.829028 0.375811 0.000000
vt  0.829028 0.364403 0.000000
vt  0.855673 0.364403 0.000000
vt  0.855673 0.375811 0.000000
vt  0.829028 0.336862 0.000000
vt  0.855673 0.336862 0.000000
vt  0.829028 0.309321 0.000000
vt  0.855673 0.309321 0.000000
vt  0.829028 0.375811 0.000000
vt  0.786305 0.460540 0.000000
vt  0.785984 0.482321 0.000000
vt  0.776432 0.482321 0.000000
vt  0.776817 0.460540 0.000000
vt  0.828791 0.141272 0.000000
vt  0.828791 0.112710 0.000000
vt  0.338973 0.984092 0.000000
vt  0.345281 0.978358 0.000000
vt  0.345281 0.944079 0.000000
vt  0.345281 0.944079 0.000000
vt  0.338973 0.938344 0.000000
vt  0.338973 0.984092 0.000000
vt  0.367356 0.984092 0.000000
vt  0.361049 0.978358 0.000000
vt  0.345281 0.978358 0.000000
vt  0.338973 0.984092 0.000000
vt  0.361049 0.978358 0.000000
vt  0.361049 0.944079 0.000000
vt  0.345281 0.944079 0.000000
vt  0.345281 0.944079 0.000000
vt  0.345281 0.978358 0.000000
vt  0.361049 0.978358 0.000000
vt  0.940895 0.969993 0.000000
vt  0.940869 0.969993 0.000000
vt  0.940844 0.726449 0.000000
vt  0.940844 0.726449 0.000000
vt  0.940870 0.726449 0.000000
vt  0.940895 0.969993 0.000000
vt  0.984035 0.978267 0.000000
vt  0.963505 0.990165 0.000000
vt  0.969603 0.978267 0.000000
vt  0.984035 0.978267 0.000000
vt  0.990133 0.990165 0.000000
vt  0.963505 0.990165 0.000000
vt  0.984035 0.978267 0.000000
vt  0.984035 0.931459 0.000000
vt  0.990133 0.990165 0.000000
vt  0.984035 0.931459 0.000000
vt  0.990134 0.931738 0.000000
vt  0.990133 0.990165 0.000000
vt  0.963505 0.990165 0.000000
vt  0.963505 0.931737 0.000000
vt  0.969603 0.978267 0.000000
vt  0.963505 0.931737 0.000000
vt  0.969604 0.931459 0.000000
vt  0.969603 0.978267 0.000000
vt  0.969478 0.735582 0.000000
vt  0.990534 0.723421 0.000000
vt  0.983910 0.735582 0.000000
vt  0.969478 0.735582 0.000000
vt  0.963380 0.723421 0.000000
vt  0.990534 0.723421 0.000000
vt  0.940869 0.969993 0.000000
vt  0.917557 0.969993 0.000000
vt  0.917719 0.726449 0.000000
vt  0.917557 0.969993 0.000000
vt  0.940869 0.969993 0.000000
vt  0.940895 0.969993 0.000000
vt  0.940895 0.969993 0.000000
vt  0.917583 0.969993 0.000000
vt  0.917557 0.969993 0.000000
vt  0.730521 0.922811 0.000000
vt  0.879382 0.922811 0.000000
vt  0.879396 0.922811 0.000000
vt  0.730535 0.922811 0.000000
vt  0.730521 0.922811 0.000000
vt  0.730521 0.885079 0.000000
vt  0.879382 0.885079 0.000000
vt  0.879382 0.922811 0.000000
vt  0.879396 0.922811 0.000000
vt  0.879396 0.885079 0.000000
vt  0.730535 0.885079 0.000000
vt  0.730535 0.922811 0.000000
vt  0.984035 0.931459 0.000000
vt  0.983909 0.782391 0.000000
vt  0.990533 0.782112 0.000000
vt  0.990134 0.931738 0.000000
vt  0.969478 0.782391 0.000000
vt  0.969604 0.931459 0.000000
vt  0.963505 0.931737 0.000000
vt  0.963380 0.782112 0.000000
vt  0.990533 0.782112 0.000000
vt  0.983909 0.782391 0.000000
vt  0.983910 0.735582 0.000000
vt  0.990534 0.723421 0.000000
vt  0.990533 0.782112 0.000000
vt  0.983910 0.735582 0.000000
vt  0.969478 0.782391 0.000000
vt  0.963380 0.782112 0.000000
vt  0.963380 0.723421 0.000000
vt  0.969478 0.735582 0.000000
vt  0.969478 0.782391 0.000000
vt  0.963380 0.723421 0.000000
vt  0.873262 0.016862 0.000000
vt  0.872012 0.309321 0.000000
vt  0.872012 0.336862 0.000000
vt  0.855673 0.336862 0.000000
vt  0.855673 0.309321 0.000000
vt  0.872012 0.297913 0.000000
vt  0.855673 0.297913 0.000000
vt  0.872012 0.309321 0.000000
vt  0.855673 0.309321 0.000000
vt  0.872012 0.364403 0.000000
vt  0.855673 0.364403 0.000000
vt  0.305864 0.984092 0.000000
vt  0.305865 0.938344 0.000000
vt  0.334248 0.938344 0.000000
vt  0.361049 0.944079 0.000000
vt  0.367357 0.938345 0.000000
vt  0.338973 0.938344 0.000000
vt  0.345281 0.944079 0.000000
vt  0.361049 0.978358 0.000000
vt  0.367356 0.984092 0.000000
vt  0.367357 0.938345 0.000000
vt  0.361049 0.944079 0.000000
vt  0.367357 0.938345 0.000000
vt  0.367356 0.984092 0.000000
vt  0.338973 0.984092 0.000000
vt  0.338973 0.938344 0.000000
vt  0.312441 0.944486 0.000000
vt  0.312441 0.977951 0.000000
vt  0.327671 0.977951 0.000000
vt  0.327671 0.977951 0.000000
vt  0.327671 0.944486 0.000000
vt  0.312441 0.944486 0.000000
vt  0.312441 0.977951 0.000000
vt  0.305864 0.984092 0.000000
vt  0.334247 0.984092 0.000000
vt  0.327671 0.977951 0.000000
vt  0.312441 0.944486 0.000000
vt  0.305865 0.938344 0.000000
vt  0.305864 0.984092 0.000000
vt  0.305864 0.984092 0.000000
vt  0.312441 0.977951 0.000000
vt  0.312441 0.944486 0.000000
vt  0.327671 0.944486 0.000000
vt  0.334248 0.938344 0.000000
vt  0.305865 0.938344 0.000000
vt  0.312441 0.944486 0.000000
vt  0.327671 0.977951 0.000000
vt  0.334247 0.984092 0.000000
vt  0.334248 0.938344 0.000000
vt  0.327671 0.944486 0.000000
vt  0.334247 0.984092 0.000000
vt  0.929342 0.351639 0.000000
vt  0.906620 0.328918 0.000000
vt  0.906620 0.374362 0.000000
vt  0.890553 0.335573 0.000000
vt  0.883898 0.351640 0.000000
vt  0.890553 0.367706 0.000000
vt  0.883898 0.351640 0.000000
vt  0.890553 0.335573 0.000000
vt  0.890553 0.367706 0.000000
vt  0.906620 0.328918 0.000000
vt  0.922686 0.335573 0.000000
vt  0.929342 0.351639 0.000000
vt  0.922687 0.367706 0.000000
vt  0.906620 0.374362 0.000000
vt  0.712584 0.932674 0.000000
vt  0.712557 0.932674 0.000000
vt  0.712616 0.866847 0.000000
vt  0.712590 0.866847 0.000000
vt  0.712616 0.866847 0.000000
vt  0.712557 0.932674 0.000000
vt  0.712616 0.866847 0.000000
vt  0.712590 0.866847 0.000000
vt  0.917745 0.726449 0.000000
vt  0.917719 0.726449 0.000000
vt  0.917745 0.726449 0.000000
vt  0.712590 0.866847 0.000000
vt  0.730515 0.932614 0.000000
vt  0.730515 0.885303 0.000000
vt  0.712557 0.932674 0.000000
vt  0.879376 0.932402 0.000000
vt  0.917557 0.969993 0.000000
vt  0.879376 0.885303 0.000000
vt  0.917557 0.969993 0.000000
vt  0.917719 0.726449 0.000000
vt  0.879376 0.885303 0.000000
vt  0.917719 0.726449 0.000000
vt  0.712590 0.866847 0.000000
vt  0.879376 0.885303 0.000000
vt  0.962147 0.364252 0.000000
vt  0.949939 0.369309 0.000000
vt  0.937731 0.364252 0.000000
vt  0.767334 0.293638 0.000000
vt  0.775325 0.293638 0.000000
vt  0.767334 0.342475 0.000000
vt  0.775325 0.342475 0.000000
vt  0.794616 0.293638 0.000000
vt  0.794616 0.342475 0.000000
vt  0.813907 0.293638 0.000000
vt  0.813907 0.342475 0.000000
vt  0.821898 0.293638 0.000000
vt  0.821898 0.342475 0.000000
vt  0.813907 0.293638 0.000000
vt  0.813907 0.342475 0.000000
vt  0.794616 0.293638 0.000000
vt  0.794616 0.342475 0.000000
vt  0.775325 0.293638 0.000000
vt  0.775325 0.342475 0.000000
vt  0.922687 0.367706 0.000000
vt  0.922686 0.335573 0.000000
vt  0.917583 0.969993 0.000000
vt  0.940895 0.969993 0.000000
vt  0.917557 0.969993 0.000000
vt  0.879382 0.922811 0.000000
vt  0.730521 0.922811 0.000000
vt  0.879396 0.922811 0.000000
vt  0.730535 0.922811 0.000000
vt  0.730521 0.885079 0.000000
vt  0.730521 0.922811 0.000000
vt  0.879382 0.885079 0.000000
vt  0.879382 0.922811 0.000000
vt  0.879396 0.885079 0.000000
vt  0.879396 0.922811 0.000000
vt  0.730535 0.885079 0.000000
vt  0.730535 0.922811 0.000000
vt  0.983909 0.782391 0.000000
vt  0.984035 0.931459 0.000000
vt  0.990533 0.782112 0.000000
vt  0.990134 0.931738 0.000000
vt  0.969604 0.931459 0.000000
vt  0.969478 0.782391 0.000000
vt  0.963505 0.931737 0.000000
vt  0.963380 0.782112 0.000000
vt  0.983909 0.782391 0.000000
vt  0.990533 0.782112 0.000000
vt  0.983910 0.735582 0.000000
vt  0.990533 0.782112 0.000000
vt  0.990534 0.723421 0.000000
vt  0.983910 0.735582 0.000000
vt  0.963380 0.782112 0.000000
vt  0.969478 0.782391 0.000000
vt  0.963380 0.723421 0.000000
vt  0.969478 0.782391 0.000000
vt  0.969478 0.735582 0.000000
vt  0.963380 0.723421 0.000000
vt  0.963380 0.723421 0.000000
vt  0.969478 0.735582 0.000000
vt  0.990534 0.723421 0.000000
vt  0.990534 0.723421 0.000000
vt  0.969478 0.735582 0.000000
vt  0.983910 0.735582 0.000000
vt  0.969604 0.931459 0.000000
vt  0.963505 0.931737 0.000000
vt  0.969603 0.978267 0.000000
vt  0.963505 0.931737 0.000000
vt  0.963505 0.990165 0.000000
vt  0.969603 0.978267 0.000000
vt  0.879376 0.885303 0.000000
vt  0.712590 0.866847 0.000000
vt  0.730515 0.885303 0.000000
vt  0.730515 0.885303 0.000000
vt  0.712590 0.866847 0.000000
vt  0.712557 0.932674 0.000000
vt  0.879376 0.932402 0.000000
vt  0.879402 0.932402 0.000000
vt  0.917557 0.969993 0.000000
vt  0.917583 0.969993 0.000000
vt  0.917557 0.969993 0.000000
vt  0.879402 0.932402 0.000000
vt  0.730515 0.932614 0.000000
vt  0.712557 0.932674 0.000000
vt  0.730541 0.932614 0.000000
vt  0.712584 0.932674 0.000000
vt  0.730541 0.932614 0.000000
vt  0.712557 0.932674 0.000000
vt  0.879402 0.932402 0.000000
vt  0.879402 0.885303 0.000000
vt  0.917583 0.969993 0.000000
vt  0.730541 0.932614 0.000000
vt  0.712584 0.932674 0.000000
vt  0.730541 0.885303 0.000000
vt  0.712584 0.932674 0.000000
vt  0.712616 0.866847 0.000000
vt  0.730541 0.885303 0.000000
vt  0.730541 0.885303 0.000000
vt  0.712616 0.866847 0.000000
vt  0.879402 0.885303 0.000000
vt  0.712616 0.866847 0.000000
vt  0.917745 0.726449 0.000000
vt  0.879402 0.885303 0.000000
vt  0.879402 0.885303 0.000000
vt  0.917745 0.726449 0.000000
vt  0.917583 0.969993 0.000000
vt  0.940895 0.969993 0.000000
vt  0.917583 0.969993 0.000000
vt  0.940870 0.726449 0.000000
vt  0.917745 0.726449 0.000000
vt  0.940870 0.726449 0.000000
vt  0.917583 0.969993 0.000000
vt  0.940870 0.726449 0.000000
vt  0.917745 0.726449 0.000000
vt  0.940844 0.726449 0.000000
vt  0.917719 0.726449 0.000000
vt  0.940844 0.726449 0.000000
vt  0.917719 0.726449 0.000000
vt  0.940869 0.969993 0.000000
vt  0.917557 0.969993 0.000000
vt  0.940869 0.969993 0.000000
vt  0.917719 0.726449 0.000000
vt  0.940869 0.969993 0.000000
vt  0.148676 0.839186 0.000000
vt  0.148676 0.858812 0.000000
vt  0.118804 0.839186 0.000000
vt  0.107831 0.858812 0.000000
vt  0.107831 0.839186 0.000000
vt  0.118804 0.858812 0.000000
vt  0.118804 0.839186 0.000000
vt  0.118804 0.858812 0.000000
vt  0.107831 0.839186 0.000000
vt  0.158188 0.885773 0.000000
vt  0.221591 0.885773 0.000000
vt  0.150873 0.891870 0.000000
vt  0.221591 0.885773 0.000000
vt  0.252073 0.933325 0.000000
vt  0.150873 0.891870 0.000000
vt  0.274629 0.933935 0.000000
vt  0.286822 0.950395 0.000000
vt  0.252073 0.933325 0.000000
vt  0.288041 0.983315 0.000000
vt  0.178306 0.983315 0.000000
vt  0.286822 0.950395 0.000000
vt  0.178306 0.983315 0.000000
vt  0.145386 0.931496 0.000000
vt  0.286822 0.950395 0.000000
vt  0.286822 0.950395 0.000000
vt  0.145386 0.931496 0.000000
vt  0.252073 0.933325 0.000000
vt  0.115514 0.932106 0.000000
vt  0.104540 0.917475 0.000000
vt  0.145386 0.931496 0.000000
vt  0.043577 0.917475 0.000000
vt  0.003950 0.906501 0.000000
vt  0.104540 0.917475 0.000000
vt  0.004560 0.894308 0.000000
vt  0.017362 0.885773 0.000000
vt  0.003950 0.906501 0.000000
vt  0.003950 0.906501 0.000000
vt  0.017362 0.885773 0.000000
vt  0.104540 0.917475 0.000000
vt  0.104540 0.917475 0.000000
vt  0.017362 0.885773 0.000000
vt  0.145386 0.931496 0.000000
vt  0.145386 0.931496 0.000000
vt  0.017362 0.885773 0.000000
vt  0.252073 0.933325 0.000000
vt  0.063085 0.885773 0.000000
vt  0.071010 0.892479 0.000000
vt  0.017362 0.885773 0.000000
vt  0.017362 0.885773 0.000000
vt  0.071010 0.892479 0.000000
vt  0.252073 0.933325 0.000000
vt  0.252073 0.933325 0.000000
vt  0.071010 0.892479 0.000000
vt  0.150873 0.891870 0.000000
vt  0.018017 0.854781 0.000000
vt  0.018017 0.843217 0.000000
vt  0.033343 0.854781 0.000000
vt  0.224881 0.830012 0.000000
vt  0.224881 0.810387 0.000000
vt  0.161479 0.830012 0.000000
vt  0.161479 0.810387 0.000000
vt  0.161479 0.830012 0.000000
vt  0.224881 0.810387 0.000000
vt  0.161479 0.830012 0.000000
vt  0.161479 0.810387 0.000000
vt  0.154163 0.830012 0.000000
vt  0.154163 0.810387 0.000000
vt  0.154163 0.830012 0.000000
vt  0.154163 0.810387 0.000000
vt  0.074301 0.830012 0.000000
vt  0.074301 0.810387 0.000000
vt  0.074301 0.830012 0.000000
vt  0.154163 0.810387 0.000000
vt  0.007850 0.858812 0.000000
vt  0.007850 0.839186 0.000000
vt  0.007240 0.858812 0.000000
vt  0.007240 0.839186 0.000000
vt  0.007240 0.858812 0.000000
vt  0.007850 0.839186 0.000000
vt  0.007240 0.858812 0.000000
vt  0.007240 0.839186 0.000000
vt  0.046867 0.858812 0.000000
vt  0.046867 0.839186 0.000000
vt  0.046867 0.858812 0.000000
vt  0.007240 0.839186 0.000000
vt  0.020652 0.830012 0.000000
vt  0.020652 0.810387 0.000000
vt  0.007850 0.830012 0.000000
vt  0.007850 0.810387 0.000000
vt  0.066375 0.830012 0.000000
vt  0.066375 0.810387 0.000000
vt  0.020652 0.830012 0.000000
vt  0.020652 0.810387 0.000000
vt  0.074301 0.830012 0.000000
vt  0.074301 0.810387 0.000000
vt  0.066375 0.830012 0.000000
vt  0.066375 0.810387 0.000000
vt  0.066375 0.830012 0.000000
vt  0.074301 0.810387 0.000000
vt  0.046867 0.858812 0.000000
vt  0.046867 0.839186 0.000000
vt  0.107831 0.858812 0.000000
vt  0.107831 0.839186 0.000000
vt  0.118804 0.858812 0.000000
vt  0.815345 0.341587 0.000000
vt  0.809274 0.341587 0.000000
vt  0.815345 0.372555 0.000000
vt  0.809274 0.372555 0.000000
vt  0.794616 0.341587 0.000000
vt  0.794616 0.372555 0.000000
vt  0.779958 0.341587 0.000000
vt  0.779958 0.372555 0.000000
vt  0.773886 0.341587 0.000000
vt  0.773886 0.372555 0.000000
vt  0.962147 0.364252 0.000000
vt  0.967204 0.352044 0.000000
vt  0.949939 0.369309 0.000000
vt  0.962147 0.339836 0.000000
vt  0.949939 0.334779 0.000000
vt  0.937731 0.339836 0.000000
vt  0.932674 0.352044 0.000000
vt  0.937731 0.364252 0.000000
vt  0.932674 0.352044 0.000000
vt  0.937731 0.339836 0.000000
vt  0.949939 0.334779 0.000000
vt  0.962147 0.339836 0.000000
vt  0.967204 0.352044 0.000000
vt  0.033343 0.843217 0.000000
vt  0.033343 0.854781 0.000000
vt  0.018017 0.843217 0.000000
vt  0.030053 0.928270 0.000000
vt  0.125617 0.928270 0.000000
vt  0.014727 0.907835 0.000000
vt  0.110291 0.907835 0.000000
vt  0.014727 0.907835 0.000000
vt  0.125617 0.928270 0.000000
vt  0.018017 0.854781 0.000000
vt  0.113581 0.854781 0.000000
vt  0.018017 0.843217 0.000000
vt  0.113581 0.843217 0.000000
vt  0.014727 0.907835 0.000000
vt  0.110291 0.907835 0.000000
vt  0.030053 0.928270 0.000000
vt  0.125617 0.928270 0.000000
vt  0.030053 0.928270 0.000000
vt  0.110291 0.907835 0.000000
vt  0.033343 0.843217 0.000000
vt  0.128907 0.843217 0.000000
vt  0.033343 0.854781 0.000000
vt  0.128907 0.854781 0.000000
vt  0.033343 0.854781 0.000000
vt  0.128907 0.843217 0.000000
vt  0.113581 0.843217 0.000000
vt  0.113581 0.854781 0.000000
vt  0.128907 0.843217 0.000000
vt  0.128907 0.854781 0.000000
vt  0.128907 0.843217 0.000000
vt  0.113581 0.854781 0.000000
vt  0.779958 0.341587 0.000000
vt  0.779958 0.372555 0.000000
vt  0.794616 0.341587 0.000000
vt  0.794616 0.372555 0.000000
vt  0.809274 0.341587 0.000000
vt  0.809274 0.372555 0.000000
vt  0.867332 0.399002 0.000000
vt  0.855673 0.388675 0.000000
vt  0.840687 0.399002 0.000000
vt  0.840463 0.202412 0.000000
vt  0.828791 0.192073 0.000000
vt  0.867138 0.202412 0.000000
vt  0.855466 0.192073 0.000000
vt  0.875497 0.444171 0.000000
vt  0.875202 0.537453 0.000000
vt  0.889197 0.444171 0.000000
vt  0.888907 0.537453 0.000000
vt  0.863495 0.441040 0.000000
vt  0.863072 0.537379 0.000000
vt  0.863072 0.537379 0.000000
vt  0.842425 0.460540 0.000000
vt  0.814526 0.496098 0.000000
vt  0.813852 0.474317 0.000000
vt  0.785984 0.482321 0.000000
vt  0.786305 0.460540 0.000000
vt  0.853038 0.427353 0.000000
vt  0.863495 0.441040 0.000000
vt  0.885135 0.117286 0.000000
vt  0.890235 0.126293 0.000000
vt  0.930424 0.117056 0.000000
vt  0.934914 0.126063 0.000000
vt  0.098228 0.615350 0.000000
vt  0.081715 0.631864 0.000000
vt  0.023299 0.631864 0.000000
vt  0.098228 0.527754 0.000000
vt  0.018014 0.516525 0.000000
vt  0.086999 0.516525 0.000000
vt  0.990808 0.399254 0.000000
vt  0.990331 0.383682 0.000000
vt  0.876788 0.383773 0.000000
vt  0.990093 0.187114 0.000000
vt  0.990572 0.202703 0.000000
vt  0.876604 0.187166 0.000000
vt  0.829028 0.364403 0.000000
vt  0.829028 0.375811 0.000000
vt  0.855673 0.364403 0.000000
vt  0.855673 0.375811 0.000000
vt  0.829028 0.336862 0.000000
vt  0.855673 0.336862 0.000000
vt  0.829028 0.309321 0.000000
vt  0.855673 0.309321 0.000000
vt  0.829028 0.375811 0.000000
vt  0.829028 0.388675 0.000000
vt  0.855673 0.375811 0.000000
vt  0.785984 0.482321 0.000000
vt  0.786305 0.460540 0.000000
vt  0.776432 0.482321 0.000000
vt  0.776817 0.460540 0.000000
vt  0.828791 0.141272 0.000000
vt  0.855466 0.141272 0.000000
vt  0.828791 0.112710 0.000000
vt  0.855466 0.112710 0.000000
vt  0.496708 0.561772 0.000000
vt  0.521299 0.561772 0.000000
vt  0.521299 0.538551 0.000000
vt  0.612604 0.538551 0.000000
vt  0.521299 0.538551 0.000000
vt  0.521299 0.561772 0.000000
vt  0.653018 0.555353 0.000000
vt  0.612604 0.538551 0.000000
vt  0.521299 0.561772 0.000000
vt  0.651737 0.561772 0.000000
vt  0.653018 0.555353 0.000000
vt  0.521299 0.561772 0.000000
vt  0.336896 0.282411 0.000000
vt  0.336896 0.247699 0.000000
vt  0.351258 0.234437 0.000000
vt  0.453850 0.282410 0.000000
vt  0.336896 0.282411 0.000000
vt  0.351258 0.234437 0.000000
vt  0.453850 0.247698 0.000000
vt  0.453850 0.282410 0.000000
vt  0.351258 0.234437 0.000000
vt  0.439488 0.234437 0.000000
vt  0.453850 0.247698 0.000000
vt  0.351258 0.234437 0.000000
vt  0.173852 0.539250 0.000000
vt  0.133438 0.556052 0.000000
vt  0.134719 0.562472 0.000000
vt  0.265156 0.539250 0.000000
vt  0.173852 0.539250 0.000000
vt  0.134719 0.562472 0.000000
vt  0.265156 0.562472 0.000000
vt  0.265156 0.539250 0.000000
vt  0.134719 0.562472 0.000000
vt  0.289747 0.477332 0.000000
vt  0.265156 0.477332 0.000000
vt  0.265156 0.539250 0.000000
vt  0.265156 0.539250 0.000000
vt  0.289747 0.539250 0.000000
vt  0.289747 0.477332 0.000000
vt  0.442053 0.454984 0.000000
vt  0.349300 0.454984 0.000000
vt  0.349300 0.521008 0.000000
vt  0.349300 0.521008 0.000000
vt  0.442053 0.521008 0.000000
vt  0.442053 0.454984 0.000000
vt  0.521299 0.476632 0.000000
vt  0.496708 0.476632 0.000000
vt  0.496708 0.538551 0.000000
vt  0.496708 0.538551 0.000000
vt  0.521299 0.538551 0.000000
vt  0.521299 0.476632 0.000000
vt  0.612604 0.476632 0.000000
vt  0.521299 0.476632 0.000000
vt  0.521299 0.538551 0.000000
vt  0.521299 0.538551 0.000000
vt  0.612604 0.538551 0.000000
vt  0.612604 0.476632 0.000000
vt  0.006785 0.615350 0.000000
vt  0.006785 0.527755 0.000000
vt  0.289747 0.562472 0.000000
vt  0.265156 0.562472 0.000000
vt  0.265156 0.636046 0.000000
vt  0.265156 0.636046 0.000000
vt  0.289747 0.636046 0.000000
vt  0.289747 0.562472 0.000000
vt  0.442053 0.545769 0.000000
vt  0.349300 0.545769 0.000000
vt  0.349300 0.624221 0.000000
vt  0.349300 0.624221 0.000000
vt  0.442053 0.624221 0.000000
vt  0.442053 0.545769 0.000000
vt  0.521299 0.561772 0.000000
vt  0.496708 0.561772 0.000000
vt  0.496708 0.635346 0.000000
vt  0.496708 0.635346 0.000000
vt  0.521299 0.635346 0.000000
vt  0.521299 0.561772 0.000000
vt  0.651737 0.561772 0.000000
vt  0.521299 0.561772 0.000000
vt  0.521299 0.635346 0.000000
vt  0.521299 0.635346 0.000000
vt  0.651737 0.635346 0.000000
vt  0.651737 0.561772 0.000000
vt  0.677575 0.566678 0.000000
vt  0.771317 0.566678 0.000000
vt  0.771317 0.633819 0.000000
vt  0.771317 0.633819 0.000000
vt  0.677575 0.633819 0.000000
vt  0.677575 0.566678 0.000000
vt  0.265156 0.562472 0.000000
vt  0.134719 0.562472 0.000000
vt  0.134719 0.636046 0.000000
vt  0.134719 0.636046 0.000000
vt  0.265156 0.636046 0.000000
vt  0.265156 0.562472 0.000000
vt  0.289747 0.539250 0.000000
vt  0.265156 0.539250 0.000000
vt  0.265156 0.562472 0.000000
vt  0.265156 0.562472 0.000000
vt  0.289747 0.562472 0.000000
vt  0.289747 0.539250 0.000000
vt  0.442053 0.521008 0.000000
vt  0.349300 0.521008 0.000000
vt  0.349300 0.545769 0.000000
vt  0.349300 0.545769 0.000000
vt  0.442053 0.545769 0.000000
vt  0.442053 0.521008 0.000000
vt  0.521299 0.538551 0.000000
vt  0.496708 0.538551 0.000000
vt  0.496708 0.561772 0.000000
vt  0.327671 0.944486 0.000000
vt  0.327671 0.977951 0.000000
vt  0.312441 0.944486 0.000000
vt  0.305864 0.984092 0.000000
vt  0.312441 0.977951 0.000000
vt  0.334247 0.984092 0.000000
vt  0.327671 0.977951 0.000000
vt  0.305865 0.938344 0.000000
vt  0.312441 0.944486 0.000000
vt  0.305864 0.984092 0.000000
vt  0.312441 0.977951 0.000000
vt  0.305864 0.984092 0.000000
vt  0.312441 0.944486 0.000000
vt  0.334248 0.938344 0.000000
vt  0.327671 0.944486 0.000000
vt  0.305865 0.938344 0.000000
vt  0.312441 0.944486 0.000000
vt  0.334247 0.984092 0.000000
vt  0.327671 0.977951 0.000000
vt  0.334248 0.938344 0.000000
vt  0.327671 0.944486 0.000000
vt  0.334247 0.984092 0.000000
vt  0.334248 0.938344 0.000000
vt  0.305864 0.984092 0.000000
vt  0.305865 0.938344 0.000000
vt  0.855673 0.336862 0.000000
vt  0.855673 0.364403 0.000000
vt  0.872012 0.336862 0.000000
vt  0.872012 0.364403 0.000000
vt  0.872012 0.375811 0.000000
vt  0.855673 0.309321 0.000000
vt  0.855673 0.297913 0.000000
vt  0.872012 0.309321 0.000000
vt  0.872012 0.297913 0.000000
vt  0.855673 0.309321 0.000000
vt  0.872012 0.309321 0.000000
vt  0.990134 0.931738 0.000000
vt  0.984035 0.931459 0.000000
vt  0.990133 0.990165 0.000000
vt  0.984035 0.931459 0.000000
vt  0.984035 0.978267 0.000000
vt  0.990133 0.990165 0.000000
vt  0.990133 0.990165 0.000000
vt  0.984035 0.978267 0.000000
vt  0.963505 0.990165 0.000000
vt  0.963505 0.990165 0.000000
vt  0.984035 0.978267 0.000000
vt  0.969603 0.978267 0.000000
vt  0.940870 0.726449 0.000000
vt  0.940844 0.726449 0.000000
vt  0.940895 0.969993 0.000000
vt  0.940869 0.969993 0.000000
vt  0.940895 0.969993 0.000000
vt  0.940844 0.726449 0.000000
vt  0.345281 0.978358 0.000000
vt  0.345281 0.944079 0.000000
vt  0.361049 0.978358 0.000000
vt  0.361049 0.944079 0.000000
vt  0.361049 0.978358 0.000000
vt  0.345281 0.944079 0.000000
vt  0.338973 0.984092 0.000000
vt  0.345281 0.978358 0.000000
vt  0.367356 0.984092 0.000000
vt  0.361049 0.978358 0.000000
vt  0.338973 0.938344 0.000000
vt  0.345281 0.944079 0.000000
vt  0.338973 0.984092 0.000000
vt  0.345281 0.978358 0.000000
vt  0.338973 0.984092 0.000000
vt  0.345281 0.944079 0.000000
vt  0.367357 0.938345 0.000000
vt  0.361049 0.944079 0.000000
vt  0.338973 0.938344 0.000000
vt  0.345281 0.944079 0.000000
vt  0.367356 0.984092 0.000000
vt  0.361049 0.978358 0.000000
vt  0.367357 0.938345 0.000000
vt  0.361049 0.944079 0.000000
vt  0.367356 0.984092 0.000000
vt  0.367357 0.938345 0.000000
vt  0.338973 0.984092 0.000000
vt  0.338973 0.938344 0.000000
vt  0.312441 0.977951 0.000000
vt  0.312441 0.944486 0.000000
vt  0.327671 0.977951 0.000000
vt  0.848368 0.069425 0.000000
vt  0.873262 0.060406 0.000000
vt  0.848981 0.083683 0.000000
vt  0.825489 0.074664 0.000000
vt  0.825714 0.060406 0.000000
vt  0.825489 0.074664 0.000000
vt  0.813572 0.073021 0.000000
vt  0.825714 0.060406 0.000000
vt  0.814008 0.058659 0.000000
vt  0.888855 0.042888 0.000000
vt  0.888495 0.104783 0.000000
vt  0.885831 0.041047 0.000000
vt  0.885606 0.104783 0.000000
vt  0.872012 0.381543 0.000000
vt  0.871823 0.141272 0.000000
vt  0.871823 0.184933 0.000000
vt  0.871823 0.112710 0.000000
vt  0.997111 0.042888 0.000000
vt  0.997332 0.104783 0.000000
vt  0.992930 0.537453 0.000000
vt  0.992786 0.444171 0.000000
vt  0.873262 0.016862 0.000000
vt  0.880869 0.038634 0.000000
vt  0.848368 0.007844 0.000000
vt  0.819346 0.038634 0.000000
vt  0.825714 0.016862 0.000000
vt  0.813553 0.399627 0.000000
vt  0.832577 0.407507 0.000000
vt  0.794529 0.407507 0.000000
vt  0.840457 0.426531 0.000000
vt  0.832577 0.445555 0.000000
vt  0.813553 0.453435 0.000000
vt  0.794529 0.445555 0.000000
vt  0.786649 0.426531 0.000000
vt  0.885831 0.041047 0.000000
vt  0.885606 0.104783 0.000000
vt  0.777319 0.204495 0.000000
vt  0.777319 0.157289 0.000000
vt  0.762565 0.193164 0.000000
vt  0.762565 0.193164 0.000000
vt  0.762565 0.157289 0.000000
vt  0.777319 0.204495 0.000000
vt  0.777319 0.157289 0.000000
vt  0.777319 0.204495 0.000000
vt  0.762565 0.157289 0.000000
vt  0.737790 0.077890 0.000000
vt  0.724051 0.064152 0.000000
vt  0.764175 0.077890 0.000000
vt  0.724051 0.064152 0.000000
vt  0.724051 0.046312 0.000000
vt  0.764175 0.077890 0.000000
vt  0.724051 0.046312 0.000000
vt  0.777913 0.046311 0.000000
vt  0.764175 0.077890 0.000000
vt  0.777913 0.046311 0.000000
vt  0.777914 0.064151 0.000000
vt  0.764175 0.077890 0.000000
vt  0.762565 0.126758 0.000000
vt  0.762565 0.086858 0.000000
vt  0.777319 0.126758 0.000000
vt  0.777319 0.086858 0.000000
vt  0.777319 0.126758 0.000000
vt  0.762565 0.086858 0.000000
vt  0.757767 0.125936 0.000000
vt  0.757767 0.086132 0.000000
vt  0.729499 0.125936 0.000000
vt  0.729499 0.086132 0.000000
vt  0.729499 0.125936 0.000000
vt  0.757767 0.086132 0.000000
vt  0.777319 0.126758 0.000000
vt  0.777319 0.086858 0.000000
vt  0.762565 0.126758 0.000000
vt  0.762565 0.086858 0.000000
vt  0.762565 0.126758 0.000000
vt  0.777319 0.086858 0.000000
vt  0.796478 0.126758 0.000000
vt  0.796478 0.086858 0.000000
vt  0.777319 0.126758 0.000000
vt  0.777319 0.086858 0.000000
vt  0.777319 0.126758 0.000000
vt  0.796478 0.086858 0.000000
vt  0.796478 0.126758 0.000000
vt  0.796478 0.086858 0.000000
vt  0.796478 0.126758 0.000000
vt  0.796478 0.086858 0.000000
vt  0.796478 0.126758 0.000000
vt  0.796478 0.086858 0.000000
vt  0.777319 0.126758 0.000000
vt  0.777319 0.086858 0.000000
vt  0.796478 0.126758 0.000000
vt  0.426642 0.375965 0.000000
vt  0.364105 0.375965 0.000000
vt  0.370449 0.414149 0.000000
vt  0.364105 0.375965 0.000000
vt  0.364105 0.407774 0.000000
vt  0.370449 0.414149 0.000000
vt  0.364105 0.363292 0.000000
vt  0.364105 0.375965 0.000000
vt  0.426642 0.363292 0.000000
vt  0.426642 0.375965 0.000000
vt  0.426642 0.363292 0.000000
vt  0.364105 0.375965 0.000000
vt  0.729499 0.156393 0.000000
vt  0.729499 0.192182 0.000000
vt  0.757767 0.156393 0.000000
vt  0.757767 0.192182 0.000000
vt  0.757767 0.156393 0.000000
vt  0.729499 0.192182 0.000000
vt  0.770896 0.255151 0.000000
vt  0.784634 0.241412 0.000000
vt  0.744511 0.255151 0.000000
vt  0.784634 0.241412 0.000000
vt  0.784634 0.223572 0.000000
vt  0.744511 0.255151 0.000000
vt  0.784634 0.223572 0.000000
vt  0.730771 0.223574 0.000000
vt  0.744511 0.255151 0.000000
vt  0.730771 0.223574 0.000000
vt  0.730772 0.241413 0.000000
vt  0.744511 0.255151 0.000000
vt  0.796478 0.157289 0.000000
vt  0.777319 0.157289 0.000000
vt  0.796478 0.219208 0.000000
vt  0.777319 0.204495 0.000000
vt  0.796478 0.219208 0.000000
vt  0.777319 0.157289 0.000000
vt  0.674782 0.188783 0.000000
vt  0.661044 0.175045 0.000000
vt  0.701168 0.188783 0.000000
vt  0.661044 0.175045 0.000000
vt  0.661043 0.157206 0.000000
vt  0.701168 0.188783 0.000000
vt  0.661043 0.157206 0.000000
vt  0.714906 0.157204 0.000000
vt  0.701168 0.188783 0.000000
vt  0.714906 0.157204 0.000000
vt  0.714906 0.175044 0.000000
vt  0.701168 0.188783 0.000000
vt  0.796478 0.219208 0.000000
vt  0.777319 0.204495 0.000000
vt  0.796478 0.157289 0.000000
vt  0.777319 0.157289 0.000000
vt  0.796478 0.157289 0.000000
vt  0.777319 0.204495 0.000000
vt  0.762565 0.157289 0.000000
vt  0.762565 0.193164 0.000000
vt  0.777319 0.157289 0.000000
vt  0.648480 0.163091 0.000000
vt  0.634659 0.163091 0.000000
vt  0.648480 0.015403 0.000000
vt  0.634661 0.015087 0.000000
vt  0.648480 0.015403 0.000000
vt  0.634659 0.163091 0.000000
vt  0.367071 0.008023 0.000000
vt  0.367069 0.208674 0.000000
vt  0.360071 0.007842 0.000000
vt  0.360072 0.208674 0.000000
vt  0.360071 0.007842 0.000000
vt  0.367069 0.208674 0.000000
vt  0.498373 0.306492 0.000000
vt  0.511788 0.306492 0.000000
vt  0.498373 0.288236 0.000000
vt  0.511788 0.288235 0.000000
vt  0.409200 0.154965 0.000000
vt  0.409200 0.137600 0.000000
vt  0.391477 0.154965 0.000000
vt  0.461260 0.079519 0.000000
vt  0.391477 0.120585 0.000000
vt  0.461473 0.106227 0.000000
vt  0.461473 0.106227 0.000000
vt  0.391477 0.120585 0.000000
vt  0.409200 0.137600 0.000000
vt  0.409200 0.137600 0.000000
vt  0.391477 0.120585 0.000000
vt  0.391477 0.154965 0.000000
vt  0.536521 0.277690 0.000000
vt  0.560082 0.277689 0.000000
vt  0.559044 0.255261 0.000000
vt  0.582370 0.255261 0.000000
vt  0.102313 0.199145 0.000000
vt  0.102313 0.236032 0.000000
vt  0.028757 0.242511 0.000000
vt  0.028757 0.265876 0.000000
vt  0.028757 0.242511 0.000000
vt  0.102313 0.236032 0.000000
vt  0.102313 0.199145 0.000000
vt  0.213824 0.198204 0.000000
vt  0.102313 0.236032 0.000000
vt  0.213824 0.236002 0.000000
vt  0.028757 0.265876 0.000000
vt  0.028757 0.265876 0.000000
vt  0.102313 0.236032 0.000000
vt  0.102313 0.236032 0.000000
vt  0.102313 0.236032 0.000000
vt  0.102313 0.236032 0.000000
vt  0.213824 0.236002 0.000000
vt  0.796478 0.086858 0.000000
vt  0.796478 0.126758 0.000000
vt  0.777319 0.086858 0.000000
vt  0.717426 0.106156 0.000000
vt  0.717426 0.088316 0.000000
vt  0.703688 0.119895 0.000000
vt  0.663563 0.088317 0.000000
vt  0.663564 0.106157 0.000000
vt  0.717426 0.088316 0.000000
vt  0.717426 0.088316 0.000000
vt  0.663564 0.106157 0.000000
vt  0.703688 0.119895 0.000000
vt  0.663564 0.106157 0.000000
vt  0.677303 0.119895 0.000000
vt  0.703688 0.119895 0.000000
vt  0.796478 0.219208 0.000000
vt  0.796478 0.157289 0.000000
vt  0.796478 0.219208 0.000000
vt  0.796478 0.157289 0.000000
vt  0.796478 0.219208 0.000000
vt  0.796478 0.157289 0.000000
vt  0.283377 0.208674 0.000000
vt  0.283376 0.007842 0.000000
vt  0.360072 0.208674 0.000000
vt  0.360071 0.007842 0.000000
vt  0.360072 0.208674 0.000000
vt  0.283376 0.007842 0.000000
vt  0.648480 0.015403 0.000000
vt  0.567052 0.015583 0.000000
vt  0.648480 0.163091 0.000000
vt  0.567053 0.163091 0.000000
vt  0.648480 0.163091 0.000000
vt  0.567052 0.015583 0.000000
vt  0.624898 0.255263 0.000000
vt  0.600900 0.255263 0.000000
vt  0.624897 0.178568 0.000000
vt  0.600899 0.171816 0.000000
vt  0.617792 0.171567 0.000000
vt  0.582369 0.178565 0.000000
vt  0.575265 0.171567 0.000000
vt  0.582370 0.255261 0.000000
vt  0.559044 0.171813 0.000000
vt  0.624898 0.255263 0.000000
vt  0.515936 0.364236 0.000000
vt  0.600900 0.255263 0.000000
vt  0.491938 0.364236 0.000000
vt  0.289747 0.562472 0.000000
vt  0.265156 0.562472 0.000000
vt  0.289747 0.539250 0.000000
vt  0.349300 0.521008 0.000000
vt  0.442053 0.521008 0.000000
vt  0.349300 0.545769 0.000000
vt  0.442053 0.545769 0.000000
vt  0.349300 0.545769 0.000000
vt  0.442053 0.521008 0.000000
vt  0.496708 0.538551 0.000000
vt  0.521299 0.538551 0.000000
vt  0.496708 0.561772 0.000000
vt  0.521299 0.561772 0.000000
vt  0.496708 0.561772 0.000000
vt  0.521299 0.538551 0.000000
vt  0.521299 0.538551 0.000000
vt  0.612604 0.538551 0.000000
vt  0.521299 0.561772 0.000000
vt  0.612604 0.538551 0.000000
vt  0.653018 0.555353 0.000000
vt  0.521299 0.561772 0.000000
vt  0.653018 0.555353 0.000000
vt  0.651737 0.561772 0.000000
vt  0.521299 0.561772 0.000000
vt  0.336896 0.247699 0.000000
vt  0.336896 0.282411 0.000000
vt  0.351258 0.234437 0.000000
vt  0.336896 0.282411 0.000000
vt  0.453850 0.282410 0.000000
vt  0.351258 0.234437 0.000000
vt  0.453850 0.282410 0.000000
vt  0.453850 0.247698 0.000000
vt  0.351258 0.234437 0.000000
vt  0.453850 0.247698 0.000000
vt  0.439488 0.234437 0.000000
vt  0.351258 0.234437 0.000000
vt  0.133438 0.556052 0.000000
vt  0.173852 0.539250 0.000000
vt  0.134719 0.562472 0.000000
vt  0.173852 0.539250 0.000000
vt  0.265156 0.539250 0.000000
vt  0.134719 0.562472 0.000000
vt  0.265156 0.539250 0.000000
vt  0.265156 0.562472 0.000000
vt  0.134719 0.562472 0.000000
vt  0.265156 0.477332 0.000000
vt  0.289747 0.477332 0.000000
vt  0.265156 0.539250 0.000000
vt  0.289747 0.539250 0.000000
vt  0.265156 0.539250 0.000000
vt  0.289747 0.477332 0.000000
vt  0.349300 0.454984 0.000000
vt  0.442053 0.454984 0.000000
vt  0.349300 0.521008 0.000000
vt  0.442053 0.521008 0.000000
vt  0.349300 0.521008 0.000000
vt  0.442053 0.454984 0.000000
vt  0.081715 0.631864 0.000000
vt  0.098228 0.615350 0.000000
vt  0.023299 0.631864 0.000000
vt  0.098228 0.527754 0.000000
vt  0.086999 0.516525 0.000000
vt  0.018014 0.516525 0.000000
vt  0.006785 0.527755 0.000000
vt  0.006785 0.615350 0.000000
vt  0.265156 0.562472 0.000000
vt  0.289747 0.562472 0.000000
vt  0.265156 0.636046 0.000000
vt  0.289747 0.636046 0.000000
vt  0.265156 0.636046 0.000000
vt  0.289747 0.562472 0.000000
vt  0.349300 0.545769 0.000000
vt  0.442053 0.545769 0.000000
vt  0.349300 0.624221 0.000000
vt  0.442053 0.624221 0.000000
vt  0.349300 0.624221 0.000000
vt  0.442053 0.545769 0.000000
vt  0.496708 0.561772 0.000000
vt  0.521299 0.561772 0.000000
vt  0.496708 0.635346 0.000000
vt  0.521299 0.635346 0.000000
vt  0.496708 0.635346 0.000000
vt  0.521299 0.561772 0.000000
vt  0.521299 0.561772 0.000000
vt  0.651737 0.561772 0.000000
vt  0.521299 0.635346 0.000000
vt  0.651737 0.635346 0.000000
vt  0.521299 0.635346 0.000000
vt  0.651737 0.561772 0.000000
vt  0.771317 0.566678 0.000000
vt  0.677575 0.566678 0.000000
vt  0.771317 0.633819 0.000000
vt  0.677575 0.633819 0.000000
vt  0.771317 0.633819 0.000000
vt  0.677575 0.566678 0.000000
vt  0.134719 0.562472 0.000000
vt  0.265156 0.562472 0.000000
vt  0.134719 0.636046 0.000000
vt  0.265156 0.636046 0.000000
vt  0.265156 0.539250 0.000000
vt  0.289747 0.539250 0.000000
vt  0.265156 0.562472 0.000000
vt  0.336903 0.426426 0.000000
vt  0.336903 0.372634 0.000000
vt  0.268949 0.434136 0.000000
vt  0.336903 0.372634 0.000000
vt  0.261276 0.372635 0.000000
vt  0.268949 0.434136 0.000000
vt  0.261276 0.372635 0.000000
vt  0.261277 0.426426 0.000000
vt  0.268949 0.434136 0.000000
vt  0.319810 0.448611 0.000000
vt  0.327233 0.448611 0.000000
vt  0.319810 0.562472 0.000000
vt  0.327233 0.562472 0.000000
vt  0.319810 0.562472 0.000000
vt  0.327233 0.448611 0.000000
vt  0.364733 0.424359 0.000000
vt  0.426620 0.424359 0.000000
vt  0.364733 0.545769 0.000000
vt  0.426620 0.545769 0.000000
vt  0.364733 0.545769 0.000000
vt  0.426620 0.424359 0.000000
vt  0.459223 0.447912 0.000000
vt  0.466646 0.447912 0.000000
vt  0.459223 0.561772 0.000000
vt  0.466646 0.561772 0.000000
vt  0.459223 0.561772 0.000000
vt  0.466646 0.447912 0.000000
vt  0.518435 0.462666 0.000000
vt  0.518435 0.561772 0.000000
vt  0.503680 0.447912 0.000000
vt  0.518435 0.561772 0.000000
vt  0.466646 0.561772 0.000000
vt  0.503680 0.447912 0.000000
vt  0.466646 0.561772 0.000000
vt  0.466646 0.447912 0.000000
vt  0.503680 0.447912 0.000000
vt  0.364105 0.363292 0.000000
vt  0.426642 0.363292 0.000000
vt  0.364105 0.363292 0.000000
vt  0.426642 0.363292 0.000000
vt  0.364105 0.363292 0.000000
vt  0.426642 0.363292 0.000000
vt  0.319810 0.562472 0.000000
vt  0.268021 0.562472 0.000000
vt  0.319810 0.448611 0.000000
vt  0.268021 0.562472 0.000000
vt  0.268021 0.463365 0.000000
vt  0.319810 0.448611 0.000000
vt  0.268021 0.463365 0.000000
vt  0.282775 0.448611 0.000000
vt  0.319810 0.448611 0.000000
vt  0.420298 0.414149 0.000000
vt  0.426642 0.407773 0.000000
vt  0.370449 0.414149 0.000000
vt  0.426642 0.407773 0.000000
vt  0.426642 0.375965 0.000000
vt  0.370449 0.414149 0.000000
vt  0.496708 0.476632 0.000000
vt  0.521299 0.476632 0.000000
vt  0.496708 0.538551 0.000000
vt  0.521299 0.538551 0.000000
vt  0.496708 0.538551 0.000000
vt  0.521299 0.476632 0.000000
vt  0.521299 0.476632 0.000000
vt  0.612604 0.476632 0.000000
vt  0.521299 0.538551 0.000000
vt  0.612604 0.538551 0.000000
vt  0.521299 0.538551 0.000000
vt  0.612604 0.476632 0.000000
vt  0.336896 0.282411 0.000000
vt  0.453850 0.282410 0.000000
vt  0.336896 0.282411 0.000000
vt  0.453850 0.282410 0.000000
vt  0.336896 0.282411 0.000000
vt  0.453850 0.282410 0.000000
vt  0.173852 0.477332 0.000000
vt  0.265156 0.477332 0.000000
vt  0.173852 0.539250 0.000000
vt  0.265156 0.539250 0.000000
vt  0.173852 0.539250 0.000000
vt  0.265156 0.477332 0.000000
vt  0.453850 0.282410 0.000000
vt  0.336896 0.282411 0.000000
vt  0.453850 0.360832 0.000000
vt  0.336896 0.360832 0.000000
vt  0.358017 0.381953 0.000000
vt  0.336896 0.282411 0.000000
vt  0.336896 0.282411 0.000000
vt  0.358017 0.381953 0.000000
vt  0.453850 0.360832 0.000000
vt  0.358017 0.381953 0.000000
vt  0.432730 0.381953 0.000000
vt  0.453850 0.360832 0.000000
vt  0.651737 0.561772 0.000000
vt  0.653018 0.555353 0.000000
vt  0.668459 0.561772 0.000000
vt  0.117997 0.562472 0.000000
vt  0.133438 0.556052 0.000000
vt  0.134719 0.562472 0.000000
vt  0.651737 0.561772 0.000000
vt  0.668459 0.561772 0.000000
vt  0.651737 0.635346 0.000000
vt  0.668459 0.635346 0.000000
vt  0.651737 0.635346 0.000000
vt  0.668459 0.561772 0.000000
vt  0.117997 0.562472 0.000000
vt  0.134719 0.562472 0.000000
vt  0.117997 0.636046 0.000000
vt  0.134719 0.636046 0.000000
vt  0.117997 0.636046 0.000000
vt  0.134719 0.562472 0.000000
vt  0.329231 0.434136 0.000000
vt  0.336903 0.426426 0.000000
vt  0.268949 0.434136 0.000000
vt  0.349300 0.747280 0.000000
vt  0.360362 0.723397 0.000000
vt  0.389093 0.747280 0.000000
vt  0.360362 0.687218 0.000000
vt  0.349300 0.687218 0.000000
vt  0.349300 0.644290 0.000000
vt  0.442053 0.644290 0.000000
vt  0.442053 0.798161 0.000000
vt  0.389093 0.783460 0.000000
vt  0.349300 0.798161 0.000000
vt  0.349300 0.747280 0.000000
vt  0.389093 0.747280 0.000000
vt  0.349300 0.783460 0.000000
vt  0.389093 0.783460 0.000000
vt  0.237620 0.780250 0.000000
vt  0.245071 0.746320 0.000000
vt  0.261083 0.785383 0.000000
vt  0.268535 0.751453 0.000000
vt  0.261083 0.785383 0.000000
vt  0.245071 0.746320 0.000000
vt  0.237620 0.780250 0.000000
vt  0.210421 0.774301 0.000000
vt  0.245071 0.746320 0.000000
vt  0.217844 0.740365 0.000000
vt  0.245071 0.746320 0.000000
vt  0.210421 0.774301 0.000000
vt  0.318699 0.733477 0.000000
vt  0.312854 0.747480 0.000000
vt  0.300801 0.716421 0.000000
vt  0.286519 0.722292 0.000000
vt  0.300801 0.716421 0.000000
vt  0.312854 0.747480 0.000000
vt  0.345861 0.733477 0.000000
vt  0.345861 0.748597 0.000000
vt  0.318699 0.733477 0.000000
vt  0.312854 0.747480 0.000000
vt  0.318699 0.733477 0.000000
vt  0.345861 0.748597 0.000000
vt  0.316766 0.711020 0.000000
vt  0.313772 0.724298 0.000000
vt  0.338427 0.715904 0.000000
vt  0.249990 0.723922 0.000000
vt  0.245071 0.746320 0.000000
vt  0.232822 0.720167 0.000000
vt  0.245071 0.746320 0.000000
vt  0.217844 0.740365 0.000000
vt  0.232822 0.720167 0.000000
vt  0.237620 0.780250 0.000000
vt  0.233464 0.799170 0.000000
vt  0.210421 0.774301 0.000000
vt  0.233464 0.799170 0.000000
vt  0.179966 0.799170 0.000000
vt  0.210421 0.774301 0.000000
vt  0.210421 0.774301 0.000000
vt  0.179966 0.799170 0.000000
vt  0.217844 0.740365 0.000000
vt  0.179966 0.799170 0.000000
vt  0.134719 0.753923 0.000000
vt  0.217844 0.740365 0.000000
vt  0.134719 0.753923 0.000000
vt  0.134719 0.654867 0.000000
vt  0.217844 0.740365 0.000000
vt  0.257442 0.689993 0.000000
vt  0.240246 0.686231 0.000000
vt  0.265156 0.654867 0.000000
vt  0.265156 0.654867 0.000000
vt  0.240246 0.686231 0.000000
vt  0.134719 0.654867 0.000000
vt  0.134719 0.654867 0.000000
vt  0.240246 0.686231 0.000000
vt  0.217844 0.740365 0.000000
vt  0.217844 0.740365 0.000000
vt  0.240246 0.686231 0.000000
vt  0.232822 0.720167 0.000000
vt  0.249990 0.723922 0.000000
vt  0.257442 0.689993 0.000000
vt  0.273454 0.729055 0.000000
vt  0.280905 0.695125 0.000000
vt  0.273454 0.729055 0.000000
vt  0.257442 0.689993 0.000000
vt  0.349300 0.723397 0.000000
vt  0.233464 0.799170 0.000000
vt  0.237620 0.780250 0.000000
vt  0.258055 0.799170 0.000000
vt  0.261083 0.785383 0.000000
vt  0.258055 0.799170 0.000000
vt  0.237620 0.780250 0.000000
vt  0.349300 0.783460 0.000000
vt  0.150873 0.891870 0.000000
vt  0.071010 0.892479 0.000000
vt  0.145386 0.931496 0.000000
vt  0.104540 0.917475 0.000000
vt  0.003950 0.906501 0.000000
vt  0.043577 0.917475 0.000000
vt  0.004560 0.894308 0.000000
vt  0.017362 0.885773 0.000000
vt  0.063085 0.885773 0.000000
vt  0.181597 0.858812 0.000000
vt  0.181597 0.839186 0.000000
vt  0.291331 0.858812 0.000000
vt  0.291331 0.839186 0.000000
vt  0.362755 0.830012 0.000000
vt  0.362755 0.810387 0.000000
vt  0.361535 0.830012 0.000000
vt  0.361535 0.810386 0.000000
vt  0.361535 0.830012 0.000000
vt  0.361535 0.810386 0.000000
vt  0.349343 0.830012 0.000000
vt  0.349343 0.810386 0.000000
vt  0.349343 0.830012 0.000000
vt  0.361535 0.810386 0.000000
vt  0.349343 0.830012 0.000000
vt  0.349343 0.810386 0.000000
vt  0.326786 0.830012 0.000000
vt  0.326786 0.810387 0.000000
vt  0.326786 0.830012 0.000000
vt  0.349343 0.810386 0.000000
vt  0.148676 0.858812 0.000000
vt  0.148676 0.839186 0.000000
vt  0.181597 0.858812 0.000000
vt  0.181597 0.839186 0.000000
vt  0.181597 0.858812 0.000000
vt  0.148676 0.839186 0.000000
vt  0.326786 0.830012 0.000000
vt  0.326786 0.810387 0.000000
vt  0.224881 0.830012 0.000000
vt  0.224881 0.810387 0.000000
vt  0.224881 0.830012 0.000000
vt  0.326786 0.810387 0.000000
vt  0.335433 0.729183 0.000000
vt  0.338427 0.715904 0.000000
vt  0.313772 0.724298 0.000000
vt  0.314168 0.775230 0.000000
vt  0.308320 0.789231 0.000000
vt  0.341330 0.775230 0.000000
vt  0.341330 0.790349 0.000000
vt  0.341330 0.775230 0.000000
vt  0.308320 0.789231 0.000000
vt  0.296270 0.758173 0.000000
vt  0.281985 0.764039 0.000000
vt  0.314168 0.775230 0.000000
vt  0.308320 0.789231 0.000000
vt  0.314168 0.775230 0.000000
vt  0.281985 0.764039 0.000000
vt  0.296270 0.738402 0.000000
vt  0.280771 0.738402 0.000000
vt  0.296270 0.758173 0.000000
vt  0.281985 0.764039 0.000000
vt  0.296270 0.758173 0.000000
vt  0.280771 0.738402 0.000000
vt  0.339272 0.704492 0.000000
vt  0.339272 0.691534 0.000000
vt  0.318646 0.704492 0.000000
vt  0.318646 0.691534 0.000000
vt  0.318646 0.704492 0.000000
vt  0.339272 0.691534 0.000000
vt  0.300801 0.716421 0.000000
vt  0.286519 0.722292 0.000000
vt  0.300801 0.696629 0.000000
vt  0.285303 0.696629 0.000000
vt  0.300801 0.696629 0.000000
vt  0.286519 0.722292 0.000000
vt  0.115514 0.932106 0.000000
vt  0.288041 0.983315 0.000000
vt  0.286822 0.950395 0.000000
vt  0.178307 0.983315 0.000000
vt  0.274629 0.933935 0.000000
vt  0.252073 0.933325 0.000000
vt  0.221591 0.885773 0.000000
vt  0.158188 0.885773 0.000000
vt  0.461473 0.106227 0.000000
vt  0.545279 0.106046 0.000000
vt  0.461260 0.079519 0.000000
vt  0.567052 0.015583 0.000000
vt  0.627777 0.275201 0.000000
vt  0.622173 0.275201 0.000000
vt  0.536510 0.366812 0.000000
vt  0.528052 0.369075 0.000000
vt  0.078149 0.208675 0.000000
vt  0.055106 0.208675 0.000000
vt  0.078149 0.174005 0.000000
vt  0.055106 0.150589 0.000000
vt  0.078149 0.174005 0.000000
vt  0.055106 0.150589 0.000000
vt  0.148467 0.130639 0.000000
vt  0.145834 0.094635 0.000000
vt  0.491938 0.436118 0.000000
vt  0.491938 0.364236 0.000000
vt  0.515936 0.436118 0.000000
vt  0.515936 0.364236 0.000000
vt  0.378146 0.163092 0.000000
vt  0.391477 0.154965 0.000000
vt  0.378146 0.163092 0.000000
vt  0.391477 0.120585 0.000000
vt  0.378146 0.120382 0.000000
vt  0.528048 0.427242 0.000000
vt  0.536344 0.427242 0.000000
vt  0.528052 0.369075 0.000000
vt  0.536510 0.366812 0.000000
vt  0.554284 0.427242 0.000000
vt  0.556513 0.366812 0.000000
vt  0.547848 0.427242 0.000000
vt  0.548014 0.366812 0.000000
vt  0.512132 0.247665 0.000000
vt  0.524481 0.260024 0.000000
vt  0.512155 0.221258 0.000000
vt  0.539200 0.221257 0.000000
vt  0.532566 0.221257 0.000000
vt  0.539481 0.260024 0.000000
vt  0.213824 0.236002 0.000000
vt  0.102313 0.199145 0.000000
vt  0.028756 0.242511 0.000000
vt  0.102313 0.236032 0.000000
vt  0.028757 0.265876 0.000000
vt  0.213824 0.198204 0.000000
vt  0.102313 0.199145 0.000000
vt  0.213824 0.236002 0.000000
vt  0.102313 0.236032 0.000000
vt  0.255068 0.208674 0.000000
vt  0.255068 0.131092 0.000000
vt  0.283377 0.208674 0.000000
vt  0.283376 0.007842 0.000000
vt  0.283376 0.007842 0.000000
vt  0.255068 0.131092 0.000000
vt  0.145834 0.094635 0.000000
vt  0.148467 0.130639 0.000000
vt  0.647947 0.275201 0.000000
vt  0.639282 0.275201 0.000000
vt  0.556513 0.366812 0.000000
vt  0.548014 0.366812 0.000000
vt  0.496592 0.260024 0.000000
vt  0.487551 0.213980 0.000000
vt  0.496700 0.173275 0.000000
vt  0.487768 0.173275 0.000000
vt  0.475909 0.173275 0.000000
vt  0.475691 0.213980 0.000000
vt  0.470131 0.173275 0.000000
vt  0.470247 0.260024 0.000000
vt  0.496592 0.260024 0.000000
vt  0.470247 0.260024 0.000000
vt  0.487551 0.213980 0.000000
vt  0.475691 0.213980 0.000000
vt  0.567052 0.015583 0.000000
vt  0.545279 0.106046 0.000000
vt  0.567053 0.163091 0.000000
vt  0.545279 0.163091 0.000000
vt  0.605392 0.803291 0.000000
vt  0.650959 0.803292 0.000000
vt  0.605390 0.940422 0.000000
vt  0.667798 0.820132 0.000000
vt  0.667797 0.923583 0.000000
vt  0.650959 0.803292 0.000000
vt  0.650959 0.803292 0.000000
vt  0.667797 0.923583 0.000000
vt  0.605390 0.940422 0.000000
vt  0.667797 0.923583 0.000000
vt  0.650957 0.940423 0.000000
vt  0.605390 0.940422 0.000000
vt  0.289747 0.654867 0.000000
vt  0.280905 0.695125 0.000000
vt  0.265156 0.654867 0.000000
vt  0.257442 0.689993 0.000000
vt  0.265156 0.654867 0.000000
vt  0.280905 0.695125 0.000000
vt  0.552991 0.798471 0.000000
vt  0.528401 0.798471 0.000000
vt  0.521299 0.654167 0.000000
vt  0.496708 0.654167 0.000000
vt  0.521299 0.654167 0.000000
vt  0.528401 0.798471 0.000000
vt  0.134719 0.753923 0.000000
vt  0.117997 0.737202 0.000000
vt  0.134719 0.654867 0.000000
vt  0.117997 0.654867 0.000000
vt  0.134719 0.654867 0.000000
vt  0.117997 0.737202 0.000000
vt  0.668855 0.736467 0.000000
vt  0.652687 0.753151 0.000000
vt  0.668855 0.654318 0.000000
vt  0.652687 0.654318 0.000000
vt  0.668855 0.654318 0.000000
vt  0.652687 0.753151 0.000000
vt  0.888279 0.988513 0.000000
vt  0.879560 0.988562 0.000000
vt  0.895612 0.981098 0.000000
vt  0.879560 0.988562 0.000000
vt  0.874264 0.965073 0.000000
vt  0.895612 0.981098 0.000000
vt  0.874264 0.965073 0.000000
vt  0.895522 0.964954 0.000000
vt  0.895612 0.981098 0.000000
vt  0.273454 0.729055 0.000000
vt  0.268535 0.751453 0.000000
vt  0.249990 0.723922 0.000000
vt  0.245071 0.746320 0.000000
vt  0.249990 0.723922 0.000000
vt  0.268535 0.751453 0.000000
vt  0.257442 0.689993 0.000000
vt  0.249990 0.723922 0.000000
vt  0.240246 0.686231 0.000000
vt  0.240246 0.686231 0.000000
vt  0.532566 0.221257 0.000000
vt  0.532757 0.247383 0.000000
vt  0.539481 0.260024 0.000000
vt  0.539481 0.260024 0.000000
vt  0.532757 0.247383 0.000000
vt  0.524481 0.260024 0.000000
vt  0.532757 0.247383 0.000000
vt  0.520897 0.247383 0.000000
vt  0.524481 0.260024 0.000000
vt  0.524481 0.260024 0.000000
vt  0.520897 0.247383 0.000000
vt  0.512155 0.221258 0.000000
vt  0.520897 0.247383 0.000000
vt  0.520706 0.221258 0.000000
vt  0.512155 0.221258 0.000000
vt  0.498373 0.306492 0.000000
vt  0.498373 0.288236 0.000000
vt  0.487329 0.306492 0.000000
vt  0.487329 0.288236 0.000000
vt  0.487329 0.306492 0.000000
vt  0.498373 0.288236 0.000000
vt  0.097180 0.656845 0.000000
vt  0.097180 0.738657 0.000000
vt  0.086692 0.646357 0.000000
vt  0.081757 0.754081 0.000000
vt  0.027198 0.754081 0.000000
vt  0.011774 0.738658 0.000000
vt  0.011774 0.656845 0.000000
vt  0.022262 0.646357 0.000000
vt  0.526748 0.915656 0.000000
vt  0.526749 0.828055 0.000000
vt  0.551513 0.940421 0.000000
vt  0.551514 0.803291 0.000000
vt  0.605392 0.803291 0.000000
vt  0.605390 0.940422 0.000000
vt  0.677575 0.726130 0.000000
vt  0.771317 0.726130 0.000000
vt  0.677575 0.650994 0.000000
vt  0.771317 0.650994 0.000000
vt  0.409200 0.137600 0.000000
vt  0.409200 0.154965 0.000000
vt  0.391477 0.154965 0.000000
vt  0.498373 0.288236 0.000000
vt  0.511788 0.288235 0.000000
vt  0.511788 0.306492 0.000000
vt  0.498373 0.306492 0.000000
vt  0.360071 0.007842 0.000000
vt  0.360072 0.208674 0.000000
vt  0.367069 0.208674 0.000000
vt  0.367069 0.208674 0.000000
vt  0.367071 0.008023 0.000000
vt  0.360071 0.007842 0.000000
vt  0.648480 0.015403 0.000000
vt  0.634661 0.015087 0.000000
vt  0.634659 0.163091 0.000000
vt  0.634659 0.163091 0.000000
vt  0.648480 0.163091 0.000000
vt  0.648480 0.015403 0.000000
vt  0.600900 0.255263 0.000000
vt  0.491938 0.364236 0.000000
vt  0.515936 0.364236 0.000000
vt  0.624898 0.255263 0.000000
vt  0.559044 0.255261 0.000000
vt  0.559044 0.171813 0.000000
vt  0.582370 0.255261 0.000000
vt  0.575265 0.171567 0.000000
vt  0.582369 0.178565 0.000000
vt  0.617792 0.171567 0.000000
vt  0.600899 0.171816 0.000000
vt  0.624897 0.178568 0.000000
vt  0.600900 0.255263 0.000000
vt  0.624898 0.255263 0.000000
vt  0.648480 0.163091 0.000000
vt  0.567053 0.163091 0.000000
vt  0.567052 0.015583 0.000000
vt  0.567052 0.015583 0.000000
vt  0.648480 0.015403 0.000000
vt  0.648480 0.163091 0.000000
vt  0.360072 0.208674 0.000000
vt  0.360071 0.007842 0.000000
vt  0.283376 0.007842 0.000000
vt  0.283376 0.007842 0.000000
vt  0.283377 0.208674 0.000000
vt  0.360072 0.208674 0.000000
vt  0.796478 0.219208 0.000000
vt  0.796478 0.157289 0.000000
vt  0.796478 0.157289 0.000000
vt  0.796478 0.157289 0.000000
vt  0.796478 0.219208 0.000000
vt  0.796478 0.219208 0.000000
vt  0.677303 0.119895 0.000000
vt  0.663564 0.106157 0.000000
vt  0.703688 0.119895 0.000000
vt  0.663564 0.106157 0.000000
vt  0.717426 0.088316 0.000000
vt  0.703688 0.119895 0.000000
vt  0.663564 0.106157 0.000000
vt  0.663563 0.088317 0.000000
vt  0.717426 0.088316 0.000000
vt  0.717426 0.088316 0.000000
vt  0.717426 0.106156 0.000000
vt  0.703688 0.119895 0.000000
vt  0.796478 0.126758 0.000000
vt  0.796478 0.086858 0.000000
vt  0.777319 0.086858 0.000000
vt  0.777319 0.086858 0.000000
vt  0.777319 0.126758 0.000000
vt  0.796478 0.126758 0.000000
vt  0.796478 0.126758 0.000000
vt  0.796478 0.086858 0.000000
vt  0.796478 0.086858 0.000000
vt  0.796478 0.086858 0.000000
vt  0.796478 0.126758 0.000000
vt  0.796478 0.126758 0.000000
vt  0.777319 0.126758 0.000000
vt  0.777319 0.086858 0.000000
vt  0.796478 0.086858 0.000000
vt  0.796478 0.086858 0.000000
vt  0.796478 0.126758 0.000000
vt  0.777319 0.126758 0.000000
vt  0.762565 0.126758 0.000000
vt  0.762565 0.086858 0.000000
vt  0.777319 0.086858 0.000000
vt  0.461260 0.079519 0.000000
vt  0.567052 0.015583 0.000000
vt  0.545279 0.106046 0.000000
vt  0.461473 0.106227 0.000000
vt  0.567053 0.163091 0.000000
vt  0.545279 0.163091 0.000000
vt  0.545279 0.106046 0.000000
vt  0.567052 0.015583 0.000000
vt  0.487551 0.213980 0.000000
vt  0.475691 0.213980 0.000000
vt  0.470247 0.260024 0.000000
vt  0.496592 0.260024 0.000000
vt  0.470131 0.173275 0.000000
vt  0.470247 0.260024 0.000000
vt  0.475691 0.213980 0.000000
vt  0.475909 0.173275 0.000000
vt  0.496700 0.173275 0.000000
vt  0.487768 0.173275 0.000000
vt  0.487551 0.213980 0.000000
vt  0.556513 0.366812 0.000000
vt  0.548014 0.366812 0.000000
vt  0.639282 0.275201 0.000000
vt  0.647947 0.275201 0.000000
vt  0.145834 0.094635 0.000000
vt  0.148467 0.130639 0.000000
vt  0.255068 0.131092 0.000000
vt  0.283376 0.007842 0.000000
vt  0.283377 0.208674 0.000000
vt  0.283376 0.007842 0.000000
vt  0.255068 0.131092 0.000000
vt  0.255068 0.208674 0.000000
vt  0.391477 0.120585 0.000000
vt  0.461260 0.079519 0.000000
vt  0.461473 0.106227 0.000000
vt  0.391477 0.120585 0.000000
vt  0.461473 0.106227 0.000000
vt  0.409200 0.137600 0.000000
vt  0.391477 0.120585 0.000000
vt  0.409200 0.137600 0.000000
vt  0.391477 0.154965 0.000000
vt  0.560082 0.277689 0.000000
vt  0.536521 0.277690 0.000000
vt  0.559044 0.255261 0.000000
vt  0.582370 0.255261 0.000000
vt  0.102313 0.236032 0.000000
vt  0.102313 0.199145 0.000000
vt  0.028757 0.242511 0.000000
vt  0.028757 0.242511 0.000000
vt  0.028757 0.265876 0.000000
vt  0.102313 0.236032 0.000000
vt  0.213824 0.198204 0.000000
vt  0.102313 0.199145 0.000000
vt  0.102313 0.236032 0.000000
vt  0.213824 0.236002 0.000000
vt  0.028757 0.265876 0.000000
vt  0.028757 0.265876 0.000000
vt  0.102313 0.236032 0.000000
vt  0.102313 0.236032 0.000000
vt  0.102313 0.236032 0.000000
vt  0.028757 0.265876 0.000000
vt  0.102313 0.236032 0.000000
vt  0.102313 0.236032 0.000000
vt  0.213824 0.236002 0.000000
vt  0.213824 0.236002 0.000000
vt  0.028756 0.242511 0.000000
vt  0.102313 0.199145 0.000000
vt  0.102313 0.236032 0.000000
vt  0.028757 0.265876 0.000000
vt  0.102313 0.199145 0.000000
vt  0.213824 0.198204 0.000000
vt  0.213824 0.236002 0.000000
vt  0.102313 0.236032 0.000000
vt  0.282775 0.448611 0.000000
vt  0.268021 0.463365 0.000000
vt  0.319810 0.448611 0.000000
vt  0.268021 0.463365 0.000000
vt  0.268021 0.562472 0.000000
vt  0.319810 0.448611 0.000000
vt  0.268021 0.562472 0.000000
vt  0.319810 0.562472 0.000000
vt  0.319810 0.448611 0.000000
vt  0.364105 0.363292 0.000000
vt  0.426642 0.363292 0.000000
vt  0.426642 0.363292 0.000000
vt  0.426642 0.363292 0.000000
vt  0.364105 0.363292 0.000000
vt  0.364105 0.363292 0.000000
vt  0.466646 0.447912 0.000000
vt  0.466646 0.561772 0.000000
vt  0.503680 0.447912 0.000000
vt  0.466646 0.561772 0.000000
vt  0.518435 0.561772 0.000000
vt  0.503680 0.447912 0.000000
vt  0.518435 0.561772 0.000000
vt  0.518435 0.462666 0.000000
vt  0.503680 0.447912 0.000000
vt  0.459223 0.561772 0.000000
vt  0.466646 0.561772 0.000000
vt  0.466646 0.447912 0.000000
vt  0.466646 0.447912 0.000000
vt  0.459223 0.447912 0.000000
vt  0.459223 0.561772 0.000000
vt  0.364733 0.545769 0.000000
vt  0.426620 0.545769 0.000000
vt  0.426620 0.424359 0.000000
vt  0.426620 0.424359 0.000000
vt  0.364733 0.424359 0.000000
vt  0.364733 0.545769 0.000000
vt  0.319810 0.562472 0.000000
vt  0.327233 0.562472 0.000000
vt  0.327233 0.448611 0.000000
vt  0.327233 0.448611 0.000000
vt  0.319810 0.448611 0.000000
vt  0.319810 0.562472 0.000000
vt  0.261277 0.426426 0.000000
vt  0.261276 0.372635 0.000000
vt  0.268949 0.434136 0.000000
vt  0.261276 0.372635 0.000000
vt  0.336903 0.372634 0.000000
vt  0.268949 0.434136 0.000000
vt  0.336903 0.372634 0.000000
vt  0.336903 0.426426 0.000000
vt  0.268949 0.434136 0.000000
vt  0.336903 0.426426 0.000000
vt  0.329231 0.434136 0.000000
vt  0.268949 0.434136 0.000000
vt  0.117997 0.636046 0.000000
vt  0.134719 0.636046 0.000000
vt  0.134719 0.562472 0.000000
vt  0.134719 0.562472 0.000000
vt  0.117997 0.562472 0.000000
vt  0.117997 0.636046 0.000000
vt  0.651737 0.635346 0.000000
vt  0.668459 0.635346 0.000000
vt  0.668459 0.561772 0.000000
vt  0.668459 0.561772 0.000000
vt  0.651737 0.561772 0.000000
vt  0.651737 0.635346 0.000000
vt  0.133438 0.556052 0.000000
vt  0.117997 0.562472 0.000000
vt  0.134719 0.562472 0.000000
vt  0.653018 0.555353 0.000000
vt  0.651737 0.561772 0.000000
vt  0.668459 0.561772 0.000000
vt  0.432730 0.381953 0.000000
vt  0.358017 0.381953 0.000000
vt  0.453850 0.360832 0.000000
vt  0.358017 0.381953 0.000000
vt  0.336896 0.282411 0.000000
vt  0.453850 0.360832 0.000000
vt  0.358017 0.381953 0.000000
vt  0.336896 0.360832 0.000000
vt  0.336896 0.282411 0.000000
vt  0.336896 0.282411 0.000000
vt  0.453850 0.282410 0.000000
vt  0.453850 0.360832 0.000000
vt  0.173852 0.539250 0.000000
vt  0.265156 0.539250 0.000000
vt  0.265156 0.477332 0.000000
vt  0.265156 0.477332 0.000000
vt  0.173852 0.477332 0.000000
vt  0.173852 0.539250 0.000000
vt  0.336896 0.282411 0.000000
vt  0.453850 0.282410 0.000000
vt  0.453850 0.282410 0.000000
vt  0.453850 0.282410 0.000000
vt  0.336896 0.282411 0.000000
vt  0.336896 0.282411 0.000000
vt  0.777319 0.086858 0.000000
vt  0.777319 0.126758 0.000000
vt  0.762565 0.126758 0.000000
vt  0.729499 0.125936 0.000000
vt  0.729499 0.086132 0.000000
vt  0.757767 0.086132 0.000000
vt  0.757767 0.086132 0.000000
vt  0.757767 0.125936 0.000000
vt  0.729499 0.125936 0.000000
vt  0.777319 0.126758 0.000000
vt  0.777319 0.086858 0.000000
vt  0.762565 0.086858 0.000000
vt  0.762565 0.086858 0.000000
vt  0.762565 0.126758 0.000000
vt  0.777319 0.126758 0.000000
vt  0.777914 0.064151 0.000000
vt  0.777913 0.046311 0.000000
vt  0.764175 0.077890 0.000000
vt  0.777913 0.046311 0.000000
vt  0.724051 0.046312 0.000000
vt  0.764175 0.077890 0.000000
vt  0.724051 0.046312 0.000000
vt  0.724051 0.064152 0.000000
vt  0.764175 0.077890 0.000000
vt  0.724051 0.064152 0.000000
vt  0.737790 0.077890 0.000000
vt  0.764175 0.077890 0.000000
vt  0.777319 0.204495 0.000000
vt  0.777319 0.157289 0.000000
vt  0.762565 0.157289 0.000000
vt  0.762565 0.157289 0.000000
vt  0.762565 0.193164 0.000000
vt  0.777319 0.204495 0.000000
vt  0.777319 0.157289 0.000000
vt  0.777319 0.204495 0.000000
vt  0.762565 0.193164 0.000000
vt  0.762565 0.193164 0.000000
vt  0.762565 0.157289 0.000000
vt  0.777319 0.157289 0.000000
vt  0.796478 0.157289 0.000000
vt  0.777319 0.157289 0.000000
vt  0.777319 0.204495 0.000000
vt  0.777319 0.204495 0.000000
vt  0.796478 0.219208 0.000000
vt  0.796478 0.157289 0.000000
vt  0.714906 0.175044 0.000000
vt  0.714906 0.157204 0.000000
vt  0.701168 0.188783 0.000000
vt  0.426642 0.407773 0.000000
vt  0.420298 0.414149 0.000000
vt  0.370449 0.414149 0.000000
vt  0.426642 0.375965 0.000000
vt  0.426642 0.407773 0.000000
vt  0.370449 0.414149 0.000000
vt  0.364105 0.375965 0.000000
vt  0.426642 0.375965 0.000000
vt  0.370449 0.414149 0.000000
vt  0.364105 0.407774 0.000000
vt  0.364105 0.375965 0.000000
vt  0.370449 0.414149 0.000000
vt  0.364105 0.375965 0.000000
vt  0.364105 0.363292 0.000000
vt  0.426642 0.363292 0.000000
vt  0.426642 0.363292 0.000000
vt  0.426642 0.375965 0.000000
vt  0.364105 0.375965 0.000000
vt  0.729499 0.192182 0.000000
vt  0.729499 0.156393 0.000000
vt  0.757767 0.156393 0.000000
vt  0.757767 0.192182 0.000000
vt  0.784634 0.241412 0.000000
vt  0.770896 0.255151 0.000000
vt  0.744511 0.255151 0.000000
vt  0.784634 0.223572 0.000000
vt  0.784634 0.241412 0.000000
vt  0.744511 0.255151 0.000000
vt  0.730771 0.223574 0.000000
vt  0.784634 0.223572 0.000000
vt  0.744511 0.255151 0.000000
vt  0.730772 0.241413 0.000000
vt  0.730771 0.223574 0.000000
vt  0.744511 0.255151 0.000000
vt  0.777319 0.157289 0.000000
vt  0.796478 0.157289 0.000000
vt  0.796478 0.219208 0.000000
vt  0.796478 0.219208 0.000000
vt  0.777319 0.204495 0.000000
vt  0.777319 0.157289 0.000000
vt  0.661044 0.175045 0.000000
vt  0.674782 0.188783 0.000000
vt  0.701168 0.188783 0.000000
vt  0.661043 0.157206 0.000000
vt  0.661044 0.175045 0.000000
vt  0.701168 0.188783 0.000000
vt  0.714906 0.157204 0.000000
vt  0.661043 0.157206 0.000000
vt  0.701168 0.188783 0.000000
vt  0.314168 0.775230 0.000000
vt  0.308320 0.789231 0.000000
vt  0.281985 0.764039 0.000000
vt  0.281985 0.764039 0.000000
vt  0.296270 0.758173 0.000000
vt  0.314168 0.775230 0.000000
vt  0.341330 0.775230 0.000000
vt  0.341330 0.790349 0.000000
vt  0.308320 0.789231 0.000000
vt  0.308320 0.789231 0.000000
vt  0.314168 0.775230 0.000000
vt  0.341330 0.775230 0.000000
vt  0.338427 0.715904 0.000000
vt  0.335433 0.729183 0.000000
vt  0.313772 0.724298 0.000000
vt  0.313772 0.724298 0.000000
vt  0.316766 0.711020 0.000000
vt  0.338427 0.715904 0.000000
vt  0.318699 0.733477 0.000000
vt  0.312854 0.747480 0.000000
vt  0.345861 0.748597 0.000000
vt  0.345861 0.748597 0.000000
vt  0.345861 0.733477 0.000000
vt  0.318699 0.733477 0.000000
vt  0.300801 0.716421 0.000000
vt  0.286519 0.722292 0.000000
vt  0.312854 0.747480 0.000000
vt  0.312854 0.747480 0.000000
vt  0.318699 0.733477 0.000000
vt  0.300801 0.716421 0.000000
vt  0.245071 0.746320 0.000000
vt  0.217844 0.740365 0.000000
vt  0.210421 0.774301 0.000000
vt  0.210421 0.774301 0.000000
vt  0.237620 0.780250 0.000000
vt  0.245071 0.746320 0.000000
vt  0.261083 0.785383 0.000000
vt  0.268535 0.751453 0.000000
vt  0.245071 0.746320 0.000000
vt  0.245071 0.746320 0.000000
vt  0.237620 0.780250 0.000000
vt  0.261083 0.785383 0.000000
vt  0.349300 0.783460 0.000000
vt  0.389093 0.783460 0.000000
vt  0.389093 0.747280 0.000000
vt  0.349300 0.747280 0.000000
vt  0.442053 0.798161 0.000000
vt  0.389093 0.783460 0.000000
vt  0.349300 0.798161 0.000000
vt  0.389093 0.747280 0.000000
vt  0.360362 0.687218 0.000000
vt  0.442053 0.644290 0.000000
vt  0.349300 0.644290 0.000000
vt  0.349300 0.687218 0.000000
vt  0.360362 0.723397 0.000000
vt  0.349300 0.747280 0.000000
vt  0.349300 0.723397 0.000000
vt  0.349300 0.783460 0.000000
vt  0.258055 0.799170 0.000000
vt  0.261083 0.785383 0.000000
vt  0.237620 0.780250 0.000000
vt  0.237620 0.780250 0.000000
vt  0.233464 0.799170 0.000000
vt  0.258055 0.799170 0.000000
vt  0.273454 0.729055 0.000000
vt  0.280905 0.695125 0.000000
vt  0.257442 0.689993 0.000000
vt  0.257442 0.689993 0.000000
vt  0.249990 0.723922 0.000000
vt  0.273454 0.729055 0.000000
vt  0.224881 0.830012 0.000000
vt  0.224881 0.810387 0.000000
vt  0.326786 0.810387 0.000000
vt  0.326786 0.810387 0.000000
vt  0.326786 0.830012 0.000000
vt  0.224881 0.830012 0.000000
vt  0.181597 0.858812 0.000000
vt  0.181597 0.839186 0.000000
vt  0.148676 0.839186 0.000000
vt  0.148676 0.858812 0.000000
vt  0.326786 0.830012 0.000000
vt  0.326786 0.810387 0.000000
vt  0.349343 0.810386 0.000000
vt  0.349343 0.810386 0.000000
vt  0.349343 0.830012 0.000000
vt  0.326786 0.830012 0.000000
vt  0.349343 0.830012 0.000000
vt  0.349343 0.810386 0.000000
vt  0.361535 0.810386 0.000000
vt  0.361535 0.810386 0.000000
vt  0.361535 0.830012 0.000000
vt  0.349343 0.830012 0.000000
vt  0.361535 0.830012 0.000000
vt  0.361535 0.810386 0.000000
vt  0.362755 0.810387 0.000000
vt  0.362755 0.830012 0.000000
vt  0.291331 0.858812 0.000000
vt  0.291331 0.839186 0.000000
vt  0.181597 0.839186 0.000000
vt  0.181597 0.858812 0.000000
vt  0.043577 0.917475 0.000000
vt  0.071010 0.892479 0.000000
vt  0.104540 0.917475 0.000000
vt  0.063085 0.885773 0.000000
vt  0.017362 0.885773 0.000000
vt  0.004560 0.894308 0.000000
vt  0.280771 0.738402 0.000000
vt  0.296270 0.738402 0.000000
vt  0.296270 0.758173 0.000000
vt  0.296270 0.758173 0.000000
vt  0.281985 0.764039 0.000000
vt  0.280771 0.738402 0.000000
vt  0.339272 0.691534 0.000000
vt  0.339272 0.704492 0.000000
vt  0.318646 0.704492 0.000000
vt  0.318646 0.704492 0.000000
vt  0.318646 0.691534 0.000000
vt  0.339272 0.691534 0.000000
vt  0.286519 0.722292 0.000000
vt  0.300801 0.716421 0.000000
vt  0.300801 0.696629 0.000000
vt  0.300801 0.696629 0.000000
vt  0.285303 0.696629 0.000000
vt  0.286519 0.722292 0.000000
vt  0.145386 0.931496 0.000000
vt  0.115514 0.932106 0.000000
vt  0.286822 0.950395 0.000000
vt  0.288041 0.983315 0.000000
vt  0.178307 0.983315 0.000000
vt  0.274629 0.933935 0.000000
vt  0.252073 0.933325 0.000000
vt  0.221591 0.885773 0.000000
vt  0.158188 0.885773 0.000000
vt  0.150873 0.891870 0.000000
vt  0.003950 0.906501 0.000000
vt  0.605392 0.803291 0.000000
vt  0.526749 0.828055 0.000000
vt  0.551513 0.940421 0.000000
vt  0.551514 0.803291 0.000000
vt  0.526748 0.915656 0.000000
vt  0.022262 0.646357 0.000000
vt  0.011774 0.656845 0.000000
vt  0.086692 0.646357 0.000000
vt  0.027198 0.754081 0.000000
vt  0.011774 0.738658 0.000000
vt  0.097180 0.738657 0.000000
vt  0.081757 0.754081 0.000000
vt  0.097180 0.656845 0.000000
vt  0.487329 0.306492 0.000000
vt  0.487329 0.288236 0.000000
vt  0.498373 0.288236 0.000000
vt  0.498373 0.288236 0.000000
vt  0.498373 0.306492 0.000000
vt  0.487329 0.306492 0.000000
vt  0.520706 0.221258 0.000000
vt  0.520897 0.247383 0.000000
vt  0.512155 0.221258 0.000000
vt  0.520897 0.247383 0.000000
vt  0.524481 0.260024 0.000000
vt  0.512155 0.221258 0.000000
vt  0.520897 0.247383 0.000000
vt  0.532757 0.247383 0.000000
vt  0.524481 0.260024 0.000000
vt  0.532757 0.247383 0.000000
vt  0.539481 0.260024 0.000000
vt  0.524481 0.260024 0.000000
vt  0.532757 0.247383 0.000000
vt  0.532566 0.221257 0.000000
vt  0.539481 0.260024 0.000000
vt  0.622173 0.275201 0.000000
vt  0.627777 0.275201 0.000000
vt  0.536510 0.366812 0.000000
vt  0.528052 0.369075 0.000000
vt  0.055106 0.208675 0.000000
vt  0.078149 0.208675 0.000000
vt  0.078149 0.174005 0.000000
vt  0.055106 0.150589 0.000000
vt  0.055106 0.150589 0.000000
vt  0.078149 0.174005 0.000000
vt  0.148467 0.130639 0.000000
vt  0.145834 0.094635 0.000000
vt  0.491938 0.364236 0.000000
vt  0.491938 0.436118 0.000000
vt  0.515936 0.436118 0.000000
vt  0.515936 0.364236 0.000000
vt  0.391477 0.154965 0.000000
vt  0.378146 0.163092 0.000000
vt  0.378146 0.163092 0.000000
vt  0.391477 0.120585 0.000000
vt  0.378146 0.120382 0.000000
vt  0.536344 0.427242 0.000000
vt  0.528048 0.427242 0.000000
vt  0.528052 0.369075 0.000000
vt  0.536510 0.366812 0.000000
vt  0.556513 0.366812 0.000000
vt  0.554284 0.427242 0.000000
vt  0.547848 0.427242 0.000000
vt  0.548014 0.366812 0.000000
vt  0.524481 0.260024 0.000000
vt  0.512132 0.247665 0.000000
vt  0.512155 0.221258 0.000000
vt  0.532566 0.221257 0.000000
vt  0.539200 0.221257 0.000000
vt  0.539481 0.260024 0.000000
vt  0.240246 0.686231 0.000000
vt  0.217844 0.740365 0.000000
vt  0.232822 0.720167 0.000000
vt  0.240246 0.686231 0.000000
vt  0.134719 0.654867 0.000000
vt  0.217844 0.740365 0.000000
vt  0.240246 0.686231 0.000000
vt  0.265156 0.654867 0.000000
vt  0.134719 0.654867 0.000000
vt  0.240246 0.686231 0.000000
vt  0.257442 0.689993 0.000000
vt  0.265156 0.654867 0.000000
vt  0.134719 0.654867 0.000000
vt  0.134719 0.753923 0.000000
vt  0.217844 0.740365 0.000000
vt  0.134719 0.753923 0.000000
vt  0.179966 0.799170 0.000000
vt  0.217844 0.740365 0.000000
vt  0.179966 0.799170 0.000000
vt  0.210421 0.774301 0.000000
vt  0.217844 0.740365 0.000000
vt  0.233464 0.799170 0.000000
vt  0.210421 0.774301 0.000000
vt  0.233464 0.799170 0.000000
vt  0.237620 0.780250 0.000000
vt  0.210421 0.774301 0.000000
vt  0.217844 0.740365 0.000000
vt  0.245071 0.746320 0.000000
vt  0.232822 0.720167 0.000000
vt  0.245071 0.746320 0.000000
vt  0.249990 0.723922 0.000000
vt  0.232822 0.720167 0.000000
vt  0.240246 0.686231 0.000000
vt  0.249990 0.723922 0.000000
vt  0.257442 0.689993 0.000000
vt  0.240246 0.686231 0.000000
vt  0.249990 0.723922 0.000000
vt  0.245071 0.746320 0.000000
vt  0.268535 0.751453 0.000000
vt  0.268535 0.751453 0.000000
vt  0.273454 0.729055 0.000000
vt  0.249990 0.723922 0.000000
vt  0.895522 0.964954 0.000000
vt  0.874264 0.965073 0.000000
vt  0.895612 0.981098 0.000000
vt  0.605390 0.940422 0.000000
vt  0.771317 0.726130 0.000000
vt  0.677575 0.726130 0.000000
vt  0.677575 0.650994 0.000000
vt  0.771317 0.650994 0.000000
vt  0.650959 0.803292 0.000000
vt  0.605392 0.803291 0.000000
vt  0.605390 0.940422 0.000000
vt  0.667797 0.923583 0.000000
vt  0.667798 0.820132 0.000000
vt  0.650959 0.803292 0.000000
vt  0.667797 0.923583 0.000000
vt  0.650959 0.803292 0.000000
vt  0.605390 0.940422 0.000000
vt  0.650957 0.940423 0.000000
vt  0.667797 0.923583 0.000000
vt  0.605390 0.940422 0.000000
vt  0.280905 0.695125 0.000000
vt  0.289747 0.654867 0.000000
vt  0.265156 0.654867 0.000000
vt  0.265156 0.654867 0.000000
vt  0.257442 0.689993 0.000000
vt  0.280905 0.695125 0.000000
vt  0.528401 0.798471 0.000000
vt  0.552991 0.798471 0.000000
vt  0.521299 0.654167 0.000000
vt  0.521299 0.654167 0.000000
vt  0.496708 0.654167 0.000000
vt  0.528401 0.798471 0.000000
vt  0.117997 0.737202 0.000000
vt  0.134719 0.753923 0.000000
vt  0.134719 0.654867 0.000000
vt  0.134719 0.654867 0.000000
vt  0.117997 0.654867 0.000000
vt  0.117997 0.737202 0.000000
vt  0.652687 0.753151 0.000000
vt  0.668855 0.736467 0.000000
vt  0.668855 0.654318 0.000000
vt  0.668855 0.654318 0.000000
vt  0.652687 0.654318 0.000000
vt  0.652687 0.753151 0.000000
vt  0.879560 0.988562 0.000000
vt  0.888279 0.988513 0.000000
vt  0.895612 0.981098 0.000000
vt  0.874264 0.965073 0.000000
vt  0.879560 0.988562 0.000000
vt  0.895612 0.981098 0.000000
vt  0.154373 0.893742 0.000000
vt  0.204185 0.893742 0.000000
vt  0.189596 0.928965 0.000000
vt  0.154373 0.943555 0.000000
vt  0.119150 0.928965 0.000000
vt  0.104560 0.893742 0.000000
vt  0.119150 0.858519 0.000000
vt  0.154373 0.843930 0.000000
vt  0.189596 0.858519 0.000000
vt  0.204185 0.893742 0.000000
vt  0.189596 0.858519 0.000000
vt  0.218161 0.893742 0.000000
vt  0.199478 0.848637 0.000000
vt  0.189596 0.928965 0.000000
vt  0.199478 0.938848 0.000000
vt  0.154373 0.943555 0.000000
vt  0.154373 0.957531 0.000000
vt  0.119150 0.928965 0.000000
vt  0.109267 0.938848 0.000000
vt  0.897102 0.394333 0.000000
vt  0.831854 0.394333 0.000000
vt  0.897102 0.208038 0.000000
vt  0.831854 0.208038 0.000000
vt  0.804828 0.394333 0.000000
vt  0.804828 0.208038 0.000000
vt  0.831854 0.394333 0.000000
vt  0.831854 0.208038 0.000000
vt  0.897102 0.394333 0.000000
vt  0.897102 0.208038 0.000000
vt  0.962351 0.394333 0.000000
vt  0.962351 0.208038 0.000000
vt  0.989377 0.394333 0.000000
vt  0.989377 0.208038 0.000000
vt  0.962351 0.394333 0.000000
vt  0.962351 0.208038 0.000000
vt  0.239814 0.450951 0.000000
vt  0.216012 0.450951 0.000000
vt  0.239814 0.346608 0.000000
vt  0.216012 0.346608 0.000000
vt  0.216012 0.450951 0.000000
vt  0.216012 0.346608 0.000000
vt  0.158547 0.450951 0.000000
vt  0.158547 0.346608 0.000000
vt  0.101082 0.450951 0.000000
vt  0.101082 0.346608 0.000000
vt  0.077280 0.346608 0.000000
vt  0.097395 0.319330 0.000000
vt  0.115306 0.319330 0.000000
vt  0.101082 0.346608 0.000000
vt  0.115306 0.319330 0.000000
vt  0.158547 0.346608 0.000000
vt  0.158547 0.319330 0.000000
vt  0.201787 0.319330 0.000000
vt  0.219698 0.319330 0.000000
vt  0.201787 0.319330 0.000000
vt  0.158547 0.319330 0.000000
vt  0.154373 0.829954 0.000000
vt  0.154373 0.843930 0.000000
vt  0.109267 0.848637 0.000000
vt  0.119150 0.858519 0.000000
vt  0.090584 0.893742 0.000000
vt  0.104560 0.893742 0.000000
vt  0.850707 0.177756 0.000000
vt  0.831489 0.177756 0.000000
vt  0.850707 0.146722 0.000000
vt  0.850707 0.146722 0.000000
vt  0.831489 0.146722 0.000000
vt  0.850707 0.177756 0.000000
vt  0.897102 0.146722 0.000000
vt  0.897102 0.177756 0.000000
vt  0.943498 0.146722 0.000000
vt  0.943498 0.177756 0.000000
vt  0.962716 0.146722 0.000000
vt  0.962716 0.177756 0.000000
vt  0.943498 0.146722 0.000000
vt  0.943498 0.177756 0.000000
vt  0.897102 0.146722 0.000000
vt  0.897102 0.177756 0.000000
vt  0.954567 0.041746 0.000000
vt  0.978370 0.041746 0.000000
vt  0.954567 0.146089 0.000000
vt  0.978370 0.146089 0.000000
vt  0.954567 0.041746 0.000000
vt  0.954567 0.146089 0.000000
vt  0.897102 0.041746 0.000000
vt  0.897102 0.146089 0.000000
vt  0.839638 0.041746 0.000000
vt  0.839638 0.146089 0.000000
vt  0.815835 0.041746 0.000000
vt  0.815835 0.146089 0.000000
vt  0.839638 0.041746 0.000000
vt  0.839638 0.146089 0.000000
vt  0.897102 0.041746 0.000000
vt  0.897102 0.146089 0.000000
vt  0.940343 0.014468 0.000000
vt  0.958254 0.014468 0.000000
vt  0.940343 0.014468 0.000000
vt  0.897102 0.394333 0.000000
vt  0.831854 0.394333 0.000000
vt  0.962351 0.394333 0.000000
vt  0.804828 0.394333 0.000000
vt  0.831854 0.394333 0.000000
vt  0.897102 0.394333 0.000000
vt  0.962351 0.394333 0.000000
vt  0.989377 0.394333 0.000000
vt  0.725082 0.957691 0.000000
vt  0.791829 0.985339 0.000000
vt  0.697435 0.890944 0.000000
vt  0.858576 0.957691 0.000000
vt  0.886224 0.890944 0.000000
vt  0.858576 0.824197 0.000000
vt  0.791829 0.796550 0.000000
vt  0.725082 0.824197 0.000000
vt  0.514401 0.788755 0.000000
vt  0.514401 0.768412 0.000000
vt  0.508458 0.795630 0.000000
vt  0.514401 0.768412 0.000000
vt  0.455813 0.768412 0.000000
vt  0.508458 0.795630 0.000000
vt  0.455813 0.768412 0.000000
vt  0.455813 0.788755 0.000000
vt  0.508458 0.795630 0.000000
vt  0.455813 0.788755 0.000000
vt  0.461756 0.795630 0.000000
vt  0.508458 0.795630 0.000000
vt  0.320594 0.736174 0.000000
vt  0.320594 0.721052 0.000000
vt  0.323502 0.739082 0.000000
vt  0.322878 0.718768 0.000000
vt  0.334416 0.718768 0.000000
vt  0.336700 0.721052 0.000000
vt  0.336700 0.736174 0.000000
vt  0.333791 0.739082 0.000000
vt  0.144886 0.636046 0.000000
vt  0.255597 0.636046 0.000000
vt  0.144886 0.654491 0.000000
vt  0.255597 0.654491 0.000000
vt  0.144886 0.654491 0.000000
vt  0.255597 0.636046 0.000000
vt  0.762989 0.633819 0.000000
vt  0.685904 0.633819 0.000000
vt  0.762989 0.650651 0.000000
vt  0.685904 0.650651 0.000000
vt  0.762989 0.650651 0.000000
vt  0.685904 0.633819 0.000000
vt  0.530858 0.635346 0.000000
vt  0.641569 0.635346 0.000000
vt  0.530858 0.653791 0.000000
vt  0.641569 0.653791 0.000000
vt  0.530858 0.653791 0.000000
vt  0.641569 0.635346 0.000000
vt  0.509564 0.635346 0.000000
vt  0.530858 0.635346 0.000000
vt  0.509564 0.653791 0.000000
vt  0.530858 0.653791 0.000000
vt  0.355516 0.624221 0.000000
vt  0.435836 0.624221 0.000000
vt  0.355516 0.643889 0.000000
vt  0.435836 0.643889 0.000000
vt  0.355516 0.643889 0.000000
vt  0.435836 0.624221 0.000000
vt  0.255597 0.636046 0.000000
vt  0.276892 0.636046 0.000000
vt  0.255597 0.654491 0.000000
vt  0.276892 0.654491 0.000000
vt  0.255597 0.654491 0.000000
vt  0.276892 0.636046 0.000000
vt  0.389712 0.922853 0.000000
vt  0.376413 0.909554 0.000000
vt  0.380398 0.929130 0.000000
vt  0.370463 0.919195 0.000000
vt  0.380398 0.929130 0.000000
vt  0.376413 0.909554 0.000000
vt  0.389712 0.972415 0.000000
vt  0.389712 0.922853 0.000000
vt  0.380398 0.966154 0.000000
vt  0.380398 0.929130 0.000000
vt  0.380398 0.966154 0.000000
vt  0.389712 0.922853 0.000000
vt  0.329501 0.985844 0.000000
vt  0.376282 0.985845 0.000000
vt  0.335418 0.976187 0.000000
vt  0.370365 0.976187 0.000000
vt  0.335418 0.976187 0.000000
vt  0.376282 0.985845 0.000000
vt  0.316071 0.922853 0.000000
vt  0.316071 0.972414 0.000000
vt  0.325385 0.929130 0.000000
vt  0.325385 0.966154 0.000000
vt  0.325385 0.929130 0.000000
vt  0.316071 0.972414 0.000000
vt  0.329370 0.909554 0.000000
vt  0.316071 0.922853 0.000000
vt  0.335320 0.919195 0.000000
vt  0.325385 0.929130 0.000000
vt  0.335320 0.919195 0.000000
vt  0.316071 0.922853 0.000000
vt  0.377308 0.909551 0.000000
vt  0.395311 0.909551 0.000000
vt  0.377308 0.814687 0.000000
vt  0.395311 0.814687 0.000000
vt  0.377308 0.814687 0.000000
vt  0.395311 0.909551 0.000000
vt  0.395311 0.909551 0.000000
vt  0.444118 0.909551 0.000000
vt  0.395311 0.814687 0.000000
vt  0.444118 0.814687 0.000000
vt  0.395311 0.814687 0.000000
vt  0.444118 0.909551 0.000000
vt  0.462329 0.909551 0.000000
vt  0.510274 0.909551 0.000000
vt  0.462329 0.814687 0.000000
vt  0.510274 0.814687 0.000000
vt  0.462329 0.814687 0.000000
vt  0.510274 0.909551 0.000000
vt  0.262340 0.909551 0.000000
vt  0.311147 0.909551 0.000000
vt  0.262340 0.814687 0.000000
vt  0.311147 0.814687 0.000000
vt  0.262340 0.814687 0.000000
vt  0.311147 0.909551 0.000000
vt  0.311147 0.909551 0.000000
vt  0.329149 0.909551 0.000000
vt  0.311147 0.814687 0.000000
vt  0.329149 0.814687 0.000000
vt  0.311147 0.814687 0.000000
vt  0.329149 0.909551 0.000000
vt  0.329149 0.909551 0.000000
vt  0.377308 0.909551 0.000000
vt  0.329149 0.814687 0.000000
vt  0.377308 0.814687 0.000000
vt  0.329149 0.814687 0.000000
vt  0.377308 0.909551 0.000000
vt  0.444118 0.909551 0.000000
vt  0.462329 0.909551 0.000000
vt  0.444118 0.814687 0.000000
vt  0.462329 0.814687 0.000000
vt  0.444118 0.814687 0.000000
vt  0.462329 0.909551 0.000000
vt  0.244128 0.909551 0.000000
vt  0.262340 0.909551 0.000000
vt  0.244128 0.814687 0.000000
vt  0.262340 0.814687 0.000000
vt  0.244128 0.814687 0.000000
vt  0.262340 0.909551 0.000000
vt  0.420400 0.663595 0.000000
vt  0.370952 0.663595 0.000000
vt  0.420400 0.545769 0.000000
vt  0.370952 0.545769 0.000000
vt  0.420400 0.545769 0.000000
vt  0.370952 0.663595 0.000000
vt  0.370952 0.663595 0.000000
vt  0.420400 0.663595 0.000000
vt  0.370952 0.741331 0.000000
vt  0.420400 0.741331 0.000000
vt  0.370952 0.741331 0.000000
vt  0.420400 0.663595 0.000000
vt  0.458979 0.672272 0.000000
vt  0.469618 0.561772 0.000000
vt  0.510998 0.672272 0.000000
vt  0.510998 0.561772 0.000000
vt  0.510998 0.672272 0.000000
vt  0.469618 0.561772 0.000000
vt  0.324674 0.744538 0.000000
vt  0.324674 0.738886 0.000000
vt  0.325480 0.745349 0.000000
vt  0.324674 0.738886 0.000000
vt  0.332620 0.738886 0.000000
vt  0.325480 0.745349 0.000000
vt  0.332620 0.738886 0.000000
vt  0.332620 0.744538 0.000000
vt  0.325480 0.745349 0.000000
vt  0.332620 0.744538 0.000000
vt  0.331814 0.745348 0.000000
vt  0.325480 0.745349 0.000000
vt  0.316837 0.562472 0.000000
vt  0.327476 0.672972 0.000000
vt  0.275458 0.562472 0.000000
vt  0.275458 0.672972 0.000000
vt  0.275458 0.562472 0.000000
vt  0.327476 0.672972 0.000000
vt  0.327476 0.672972 0.000000
vt  0.284618 0.745874 0.000000
vt  0.275458 0.672972 0.000000
vt  0.264418 0.745874 0.000000
vt  0.275458 0.672972 0.000000
vt  0.284618 0.745874 0.000000
vt  0.501838 0.745174 0.000000
vt  0.458979 0.672272 0.000000
vt  0.522038 0.745174 0.000000
vt  0.510998 0.672272 0.000000
vt  0.522038 0.745174 0.000000
vt  0.458979 0.672272 0.000000
vt  0.458979 0.672272 0.000000
vt  0.452632 0.672272 0.000000
vt  0.469618 0.561772 0.000000
vt  0.463687 0.561772 0.000000
vt  0.469618 0.561772 0.000000
vt  0.452632 0.672272 0.000000
vt  0.316837 0.562472 0.000000
vt  0.322769 0.562472 0.000000
vt  0.327476 0.672972 0.000000
vt  0.333824 0.672972 0.000000
vt  0.327476 0.672972 0.000000
vt  0.322769 0.562472 0.000000
vt  0.327476 0.672972 0.000000
vt  0.333824 0.672972 0.000000
vt  0.284618 0.745874 0.000000
vt  0.291444 0.745874 0.000000
vt  0.284618 0.745874 0.000000
vt  0.333824 0.672972 0.000000
vt  0.501838 0.745174 0.000000
vt  0.495012 0.745174 0.000000
vt  0.458979 0.672272 0.000000
vt  0.452632 0.672272 0.000000
vt  0.458979 0.672272 0.000000
vt  0.495012 0.745174 0.000000
vt  0.377308 0.814687 0.000000
vt  0.395311 0.814687 0.000000
vt  0.329149 0.814687 0.000000
vt  0.444118 0.814687 0.000000
vt  0.462329 0.814687 0.000000
vt  0.395311 0.814687 0.000000
vt  0.244128 0.814687 0.000000
vt  0.262340 0.814687 0.000000
vt  0.462329 0.814687 0.000000
vt  0.462329 0.814687 0.000000
vt  0.262340 0.814687 0.000000
vt  0.395311 0.814687 0.000000
vt  0.395311 0.814687 0.000000
vt  0.262340 0.814687 0.000000
vt  0.329149 0.814687 0.000000
vt  0.262340 0.814687 0.000000
vt  0.311147 0.814687 0.000000
vt  0.329149 0.814687 0.000000
vt  0.321050 0.754442 0.000000
vt  0.297386 0.754442 0.000000
vt  0.324624 0.758016 0.000000
vt  0.292835 0.758994 0.000000
vt  0.292835 0.775094 0.000000
vt  0.297386 0.754442 0.000000
vt  0.297386 0.779646 0.000000
vt  0.321050 0.779646 0.000000
vt  0.292835 0.775094 0.000000
vt  0.292835 0.775094 0.000000
vt  0.321050 0.779646 0.000000
vt  0.297386 0.754442 0.000000
vt  0.297386 0.754442 0.000000
vt  0.321050 0.779646 0.000000
vt  0.324624 0.758016 0.000000
vt  0.321050 0.779646 0.000000
vt  0.324624 0.776072 0.000000
vt  0.324624 0.758016 0.000000
vt  0.295501 0.760826 0.000000
vt  0.295501 0.773261 0.000000
vt  0.293141 0.760826 0.000000
vt  0.293141 0.773261 0.000000
vt  0.293141 0.760826 0.000000
vt  0.293141 0.760826 0.000000
vt  0.293141 0.773261 0.000000
vt  0.293141 0.773261 0.000000
vt  0.293141 0.773261 0.000000
vt  0.293141 0.760826 0.000000
vt  0.077280 0.450951 0.000000
vt  0.101082 0.450951 0.000000
vt  0.158547 0.450951 0.000000
vt  0.376413 0.909554 0.000000
vt  0.329370 0.909554 0.000000
vt  0.370463 0.919195 0.000000
vt  0.335320 0.919195 0.000000
vt  0.370463 0.919195 0.000000
vt  0.329370 0.909554 0.000000
vt  0.376282 0.985845 0.000000
vt  0.389712 0.972415 0.000000
vt  0.370365 0.976187 0.000000
vt  0.380398 0.966154 0.000000
vt  0.370365 0.976187 0.000000
vt  0.389712 0.972415 0.000000
vt  0.316071 0.972414 0.000000
vt  0.329501 0.985844 0.000000
vt  0.325385 0.966154 0.000000
vt  0.335418 0.976187 0.000000
vt  0.325385 0.966154 0.000000
vt  0.329501 0.985844 0.000000
vt  0.380398 0.929130 0.000000
vt  0.370463 0.919195 0.000000
vt  0.374701 0.932969 0.000000
vt  0.366824 0.925092 0.000000
vt  0.374701 0.932969 0.000000
vt  0.370463 0.919195 0.000000
vt  0.380398 0.966154 0.000000
vt  0.380398 0.929130 0.000000
vt  0.374701 0.962325 0.000000
vt  0.374701 0.932969 0.000000
vt  0.374701 0.962325 0.000000
vt  0.380398 0.929130 0.000000
vt  0.335418 0.976187 0.000000
vt  0.370365 0.976187 0.000000
vt  0.339037 0.970280 0.000000
vt  0.366746 0.970280 0.000000
vt  0.339037 0.970280 0.000000
vt  0.370365 0.976187 0.000000
vt  0.325385 0.929130 0.000000
vt  0.325385 0.966154 0.000000
vt  0.331082 0.932969 0.000000
vt  0.331082 0.962325 0.000000
vt  0.331082 0.932969 0.000000
vt  0.325385 0.966154 0.000000
vt  0.335320 0.919195 0.000000
vt  0.325385 0.929130 0.000000
vt  0.338959 0.925092 0.000000
vt  0.331082 0.932969 0.000000
vt  0.338959 0.925092 0.000000
vt  0.325385 0.929130 0.000000
vt  0.370463 0.919195 0.000000
vt  0.335320 0.919195 0.000000
vt  0.366824 0.925092 0.000000
vt  0.338959 0.925092 0.000000
vt  0.366824 0.925092 0.000000
vt  0.335320 0.919195 0.000000
vt  0.370365 0.976187 0.000000
vt  0.380398 0.966154 0.000000
vt  0.366746 0.970280 0.000000
vt  0.374701 0.962325 0.000000
vt  0.366746 0.970280 0.000000
vt  0.380398 0.966154 0.000000
vt  0.325385 0.966154 0.000000
vt  0.335418 0.976187 0.000000
vt  0.331082 0.962325 0.000000
vt  0.339037 0.970280 0.000000
vt  0.331082 0.962325 0.000000
vt  0.335418 0.976187 0.000000
vt  0.374701 0.932969 0.000000
vt  0.366824 0.925092 0.000000
vt  0.374701 0.962325 0.000000
vt  0.338959 0.925092 0.000000
vt  0.331082 0.932969 0.000000
vt  0.366824 0.925092 0.000000
vt  0.366824 0.925092 0.000000
vt  0.331082 0.932969 0.000000
vt  0.374701 0.962325 0.000000
vt  0.331082 0.962325 0.000000
vt  0.339037 0.970280 0.000000
vt  0.331082 0.932969 0.000000
vt  0.331082 0.932969 0.000000
vt  0.339037 0.970280 0.000000
vt  0.374701 0.962325 0.000000
vt  0.339037 0.970280 0.000000
vt  0.366746 0.970280 0.000000
vt  0.374701 0.962325 0.000000
vt  0.128165 0.636046 0.000000
vt  0.144886 0.636046 0.000000
vt  0.128165 0.654491 0.000000
vt  0.144886 0.654491 0.000000
vt  0.128165 0.654491 0.000000
vt  0.144886 0.636046 0.000000
vt  0.641569 0.635346 0.000000
vt  0.658291 0.635346 0.000000
vt  0.641569 0.653791 0.000000
vt  0.658291 0.653791 0.000000
vt  0.641569 0.653791 0.000000
vt  0.658291 0.635346 0.000000
vt  0.101082 0.450951 0.000000
vt  0.077280 0.450951 0.000000
vt  0.077280 0.346608 0.000000
vt  0.101082 0.346608 0.000000
vt  0.101082 0.450951 0.000000
vt  0.101082 0.346608 0.000000
vt  0.158547 0.450951 0.000000
vt  0.158547 0.346608 0.000000
vt  0.216012 0.450951 0.000000
vt  0.216012 0.346608 0.000000
vt  0.239814 0.450951 0.000000
vt  0.239814 0.346608 0.000000
vt  0.216012 0.450951 0.000000
vt  0.216012 0.346608 0.000000
vt  0.158547 0.450951 0.000000
vt  0.158547 0.346608 0.000000
vt  0.097395 0.319330 0.000000
vt  0.115306 0.319330 0.000000
vt  0.115306 0.319330 0.000000
vt  0.158547 0.319330 0.000000
vt  0.201787 0.319330 0.000000
vt  0.219698 0.319330 0.000000
vt  0.201787 0.319330 0.000000
vt  0.158547 0.319330 0.000000
vt  0.331082 0.932969 0.000000
vt  0.366824 0.925092 0.000000
vt  0.374701 0.962325 0.000000
vt  0.339037 0.970280 0.000000
vt  0.331082 0.962325 0.000000
vt  0.331082 0.932969 0.000000
vt  0.339037 0.970280 0.000000
vt  0.331082 0.932969 0.000000
vt  0.374701 0.962325 0.000000
vt  0.366746 0.970280 0.000000
vt  0.339037 0.970280 0.000000
vt  0.374701 0.962325 0.000000
vt  0.144886 0.636046 0.000000
vt  0.128165 0.636046 0.000000
vt  0.128165 0.654491 0.000000
vt  0.128165 0.654491 0.000000
vt  0.144886 0.654491 0.000000
vt  0.144886 0.636046 0.000000
vt  0.658291 0.635346 0.000000
vt  0.641569 0.635346 0.000000
vt  0.641569 0.653791 0.000000
vt  0.641569 0.653791 0.000000
vt  0.658291 0.653791 0.000000
vt  0.658291 0.635346 0.000000
vt  0.452632 0.672272 0.000000
vt  0.458979 0.672272 0.000000
vt  0.469618 0.561772 0.000000
vt  0.469618 0.561772 0.000000
vt  0.463687 0.561772 0.000000
vt  0.452632 0.672272 0.000000
vt  0.322769 0.562472 0.000000
vt  0.316837 0.562472 0.000000
vt  0.327476 0.672972 0.000000
vt  0.327476 0.672972 0.000000
vt  0.333824 0.672972 0.000000
vt  0.322769 0.562472 0.000000
vt  0.333824 0.672972 0.000000
vt  0.327476 0.672972 0.000000
vt  0.284618 0.745874 0.000000
vt  0.284618 0.745874 0.000000
vt  0.291444 0.745874 0.000000
vt  0.333824 0.672972 0.000000
vt  0.495012 0.745174 0.000000
vt  0.501838 0.745174 0.000000
vt  0.458979 0.672272 0.000000
vt  0.458979 0.672272 0.000000
vt  0.452632 0.672272 0.000000
vt  0.495012 0.745174 0.000000
vt  0.395311 0.814687 0.000000
vt  0.377308 0.814687 0.000000
vt  0.329149 0.814687 0.000000
vt  0.462329 0.814687 0.000000
vt  0.444118 0.814687 0.000000
vt  0.395311 0.814687 0.000000
vt  0.262340 0.814687 0.000000
vt  0.244128 0.814687 0.000000
vt  0.462329 0.814687 0.000000
vt  0.262340 0.814687 0.000000
vt  0.462329 0.814687 0.000000
vt  0.395311 0.814687 0.000000
vt  0.262340 0.814687 0.000000
vt  0.395311 0.814687 0.000000
vt  0.329149 0.814687 0.000000
vt  0.311147 0.814687 0.000000
vt  0.262340 0.814687 0.000000
vt  0.329149 0.814687 0.000000
vt  0.297386 0.754442 0.000000
vt  0.321050 0.754442 0.000000
vt  0.324624 0.758016 0.000000
vt  0.292835 0.775094 0.000000
vt  0.292835 0.758994 0.000000
vt  0.297386 0.754442 0.000000
vt  0.321050 0.779646 0.000000
vt  0.297386 0.779646 0.000000
vt  0.292835 0.775094 0.000000
vt  0.321050 0.779646 0.000000
vt  0.292835 0.775094 0.000000
vt  0.297386 0.754442 0.000000
vt  0.321050 0.779646 0.000000
vt  0.297386 0.754442 0.000000
vt  0.324624 0.758016 0.000000
vt  0.324624 0.776072 0.000000
vt  0.321050 0.779646 0.000000
vt  0.324624 0.758016 0.000000
vt  0.295501 0.773261 0.000000
vt  0.295501 0.760826 0.000000
vt  0.293141 0.760826 0.000000
vt  0.293141 0.773261 0.000000
vt  0.293141 0.760826 0.000000
vt  0.293141 0.760826 0.000000
vt  0.293141 0.773261 0.000000
vt  0.293141 0.773261 0.000000
vt  0.293141 0.773261 0.000000
vt  0.293141 0.760826 0.000000
vt  0.897102 0.208038 0.000000
vt  0.962351 0.208038 0.000000
vt  0.962351 0.394333 0.000000
vt  0.989377 0.394333 0.000000
vt  0.989377 0.208038 0.000000
vt  0.962351 0.394333 0.000000
vt  0.962351 0.208038 0.000000
vt  0.897102 0.394333 0.000000
vt  0.897102 0.208038 0.000000
vt  0.831854 0.394333 0.000000
vt  0.897102 0.394333 0.000000
vt  0.962351 0.394333 0.000000
vt  0.831854 0.394333 0.000000
vt  0.804828 0.394333 0.000000
vt  0.962351 0.394333 0.000000
vt  0.897102 0.394333 0.000000
vt  0.989377 0.394333 0.000000
vt  0.791829 0.985339 0.000000
vt  0.725082 0.957691 0.000000
vt  0.697435 0.890944 0.000000
vt  0.886224 0.890944 0.000000
vt  0.858576 0.957691 0.000000
vt  0.791829 0.796550 0.000000
vt  0.858576 0.824197 0.000000
vt  0.725082 0.824197 0.000000
vt  0.897102 0.177756 0.000000
vt  0.850707 0.177756 0.000000
vt  0.831854 0.208038 0.000000
vt  0.831489 0.177756 0.000000
vt  0.804828 0.208038 0.000000
vt  0.850707 0.177756 0.000000
vt  0.831854 0.208038 0.000000
vt  0.897102 0.177756 0.000000
vt  0.943498 0.177756 0.000000
vt  0.962716 0.177756 0.000000
vt  0.943498 0.177756 0.000000
vt  0.199478 0.848637 0.000000
vt  0.154373 0.829954 0.000000
vt  0.154373 0.843930 0.000000
vt  0.189596 0.858519 0.000000
vt  0.109267 0.848637 0.000000
vt  0.119150 0.858519 0.000000
vt  0.090584 0.893742 0.000000
vt  0.104560 0.893742 0.000000
vt  0.109267 0.938848 0.000000
vt  0.119150 0.928965 0.000000
vt  0.154373 0.957531 0.000000
vt  0.154373 0.943555 0.000000
vt  0.199478 0.938848 0.000000
vt  0.189596 0.928965 0.000000
vt  0.218161 0.893742 0.000000
vt  0.204185 0.893742 0.000000
vt  0.897102 0.394333 0.000000
vt  0.831854 0.394333 0.000000
vt  0.804828 0.394333 0.000000
vt  0.831854 0.394333 0.000000
vt  0.189596 0.858519 0.000000
vt  0.154373 0.893742 0.000000
vt  0.204185 0.893742 0.000000
vt  0.189596 0.928965 0.000000
vt  0.154373 0.943555 0.000000
vt  0.119150 0.928965 0.000000
vt  0.104560 0.893742 0.000000
vt  0.119150 0.858519 0.000000
vt  0.154373 0.843930 0.000000
vt  0.795695 0.126758 0.000000
vt  0.795695 0.157896 0.000000
vt  0.773419 0.157896 0.000000
vt  0.795695 0.157896 0.000000
vt  0.783110 0.157896 0.000000
vt  0.773419 0.157896 0.000000
vt  0.783110 0.157896 0.000000
vt  0.773419 0.157896 0.000000
vt  0.773419 0.157896 0.000000
vt  0.781603 0.528687 0.000000
vt  0.805406 0.528687 0.000000
vt  0.724139 0.528687 0.000000
vt  0.781603 0.528687 0.000000
vt  0.724139 0.528687 0.000000
vt  0.805406 0.528687 0.000000
vt  0.666674 0.528687 0.000000
vt  0.642871 0.528687 0.000000
vt  0.724139 0.528687 0.000000
vt  0.724139 0.528687 0.000000
vt  0.642871 0.528687 0.000000
vt  0.805406 0.528687 0.000000
vt  0.805406 0.528687 0.000000
vt  0.642871 0.528687 0.000000
vt  0.724139 0.528687 0.000000
vt  0.642871 0.528687 0.000000
vt  0.666674 0.528687 0.000000
vt  0.724139 0.528687 0.000000
vt  0.395311 0.909551 0.000000
vt  0.377308 0.909551 0.000000
vt  0.377308 0.814687 0.000000
vt  0.377308 0.814687 0.000000
vt  0.395311 0.814687 0.000000
vt  0.395311 0.909551 0.000000
vt  0.444118 0.909551 0.000000
vt  0.395311 0.909551 0.000000
vt  0.395311 0.814687 0.000000
vt  0.395311 0.814687 0.000000
vt  0.444118 0.814687 0.000000
vt  0.444118 0.909551 0.000000
vt  0.510274 0.909551 0.000000
vt  0.462329 0.909551 0.000000
vt  0.462329 0.814687 0.000000
vt  0.462329 0.814687 0.000000
vt  0.510274 0.814687 0.000000
vt  0.510274 0.909551 0.000000
vt  0.311147 0.909551 0.000000
vt  0.262340 0.909551 0.000000
vt  0.262340 0.814687 0.000000
vt  0.262340 0.814687 0.000000
vt  0.311147 0.814687 0.000000
vt  0.311147 0.909551 0.000000
vt  0.329149 0.909551 0.000000
vt  0.311147 0.909551 0.000000
vt  0.311147 0.814687 0.000000
vt  0.311147 0.814687 0.000000
vt  0.329149 0.814687 0.000000
vt  0.329149 0.909551 0.000000
vt  0.377308 0.909551 0.000000
vt  0.329149 0.909551 0.000000
vt  0.329149 0.814687 0.000000
vt  0.329149 0.814687 0.000000
vt  0.377308 0.814687 0.000000
vt  0.377308 0.909551 0.000000
vt  0.462329 0.909551 0.000000
vt  0.444118 0.909551 0.000000
vt  0.444118 0.814687 0.000000
vt  0.444118 0.814687 0.000000
vt  0.462329 0.814687 0.000000
vt  0.462329 0.909551 0.000000
vt  0.262340 0.909551 0.000000
vt  0.244128 0.909551 0.000000
vt  0.244128 0.814687 0.000000
vt  0.244128 0.814687 0.000000
vt  0.262340 0.814687 0.000000
vt  0.262340 0.909551 0.000000
vt  0.370952 0.663595 0.000000
vt  0.420400 0.663595 0.000000
vt  0.420400 0.545769 0.000000
vt  0.370952 0.545769 0.000000
vt  0.420400 0.663595 0.000000
vt  0.370952 0.663595 0.000000
vt  0.370952 0.741331 0.000000
vt  0.370952 0.741331 0.000000
vt  0.420400 0.741331 0.000000
vt  0.420400 0.663595 0.000000
vt  0.469618 0.561772 0.000000
vt  0.458979 0.672272 0.000000
vt  0.510998 0.672272 0.000000
vt  0.510998 0.672272 0.000000
vt  0.510998 0.561772 0.000000
vt  0.469618 0.561772 0.000000
vt  0.324674 0.738886 0.000000
vt  0.324674 0.744538 0.000000
vt  0.325480 0.745349 0.000000
vt  0.119150 0.858519 0.000000
vt  0.104560 0.893742 0.000000
vt  0.109267 0.848637 0.000000
vt  0.109267 0.938848 0.000000
vt  0.090584 0.893742 0.000000
vt  0.119150 0.928965 0.000000
vt  0.154373 0.957531 0.000000
vt  0.154373 0.943555 0.000000
vt  0.199478 0.938848 0.000000
vt  0.189596 0.928965 0.000000
vt  0.218161 0.893742 0.000000
vt  0.204185 0.893742 0.000000
vt  0.199478 0.848637 0.000000
vt  0.189596 0.858519 0.000000
vt  0.154373 0.893742 0.000000
vt  0.154373 0.843930 0.000000
vt  0.189596 0.858519 0.000000
vt  0.119150 0.858519 0.000000
vt  0.104560 0.893742 0.000000
vt  0.119150 0.928965 0.000000
vt  0.154373 0.943555 0.000000
vt  0.189596 0.928965 0.000000
vt  0.204185 0.893742 0.000000
vt  0.216012 0.450951 0.000000
vt  0.239814 0.450951 0.000000
vt  0.158547 0.450951 0.000000
vt  0.216012 0.450951 0.000000
vt  0.158547 0.450951 0.000000
vt  0.239814 0.450951 0.000000
vt  0.101082 0.450951 0.000000
vt  0.077280 0.450951 0.000000
vt  0.158547 0.450951 0.000000
vt  0.158547 0.450951 0.000000
vt  0.077280 0.450951 0.000000
vt  0.239814 0.450951 0.000000
vt  0.239814 0.450951 0.000000
vt  0.077280 0.450951 0.000000
vt  0.158547 0.450951 0.000000
vt  0.077280 0.450951 0.000000
vt  0.101082 0.450951 0.000000
vt  0.158547 0.450951 0.000000
vt  0.897102 0.146722 0.000000
vt  0.943498 0.146722 0.000000
vt  0.850707 0.146722 0.000000
vt  0.962716 0.146722 0.000000
vt  0.943498 0.146722 0.000000
vt  0.943498 0.146722 0.000000
vt  0.897102 0.146722 0.000000
vt  0.850707 0.146722 0.000000
vt  0.943498 0.146722 0.000000
vt  0.943498 0.146722 0.000000
vt  0.850707 0.146722 0.000000
vt  0.943498 0.146722 0.000000
vt  0.943498 0.146722 0.000000
vt  0.850707 0.146722 0.000000
vt  0.850707 0.146722 0.000000
vt  0.850707 0.146722 0.000000
vt  0.831489 0.146722 0.000000
vt  0.850707 0.146722 0.000000
vt  0.783110 0.157896 0.000000
vt  0.795695 0.126758 0.000000
vt  0.773419 0.157896 0.000000
vt  0.389712 0.922853 0.000000
vt  0.389712 0.972415 0.000000
vt  0.380398 0.966154 0.000000
vt  0.380398 0.966154 0.000000
vt  0.380398 0.929130 0.000000
vt  0.389712 0.922853 0.000000
vt  0.376282 0.985845 0.000000
vt  0.329501 0.985844 0.000000
vt  0.335418 0.976187 0.000000
vt  0.335418 0.976187 0.000000
vt  0.370365 0.976187 0.000000
vt  0.376282 0.985845 0.000000
vt  0.316071 0.972414 0.000000
vt  0.316071 0.922853 0.000000
vt  0.325385 0.929130 0.000000
vt  0.325385 0.929130 0.000000
vt  0.325385 0.966154 0.000000
vt  0.316071 0.972414 0.000000
vt  0.316071 0.922853 0.000000
vt  0.329370 0.909554 0.000000
vt  0.335320 0.919195 0.000000
vt  0.335320 0.919195 0.000000
vt  0.325385 0.929130 0.000000
vt  0.316071 0.922853 0.000000
vt  0.329370 0.909554 0.000000
vt  0.376413 0.909554 0.000000
vt  0.370463 0.919195 0.000000
vt  0.370463 0.919195 0.000000
vt  0.335320 0.919195 0.000000
vt  0.329370 0.909554 0.000000
vt  0.389712 0.972415 0.000000
vt  0.376282 0.985845 0.000000
vt  0.370365 0.976187 0.000000
vt  0.370365 0.976187 0.000000
vt  0.380398 0.966154 0.000000
vt  0.389712 0.972415 0.000000
vt  0.329501 0.985844 0.000000
vt  0.316071 0.972414 0.000000
vt  0.325385 0.966154 0.000000
vt  0.325385 0.966154 0.000000
vt  0.335418 0.976187 0.000000
vt  0.329501 0.985844 0.000000
vt  0.370463 0.919195 0.000000
vt  0.380398 0.929130 0.000000
vt  0.374701 0.932969 0.000000
vt  0.374701 0.932969 0.000000
vt  0.366824 0.925092 0.000000
vt  0.370463 0.919195 0.000000
vt  0.380398 0.929130 0.000000
vt  0.380398 0.966154 0.000000
vt  0.374701 0.962325 0.000000
vt  0.374701 0.962325 0.000000
vt  0.374701 0.932969 0.000000
vt  0.380398 0.929130 0.000000
vt  0.370365 0.976187 0.000000
vt  0.335418 0.976187 0.000000
vt  0.339037 0.970280 0.000000
vt  0.339037 0.970280 0.000000
vt  0.366746 0.970280 0.000000
vt  0.370365 0.976187 0.000000
vt  0.325385 0.966154 0.000000
vt  0.325385 0.929130 0.000000
vt  0.331082 0.932969 0.000000
vt  0.331082 0.932969 0.000000
vt  0.331082 0.962325 0.000000
vt  0.325385 0.966154 0.000000
vt  0.325385 0.929130 0.000000
vt  0.335320 0.919195 0.000000
vt  0.338959 0.925092 0.000000
vt  0.338959 0.925092 0.000000
vt  0.331082 0.932969 0.000000
vt  0.325385 0.929130 0.000000
vt  0.335320 0.919195 0.000000
vt  0.370463 0.919195 0.000000
vt  0.366824 0.925092 0.000000
vt  0.366824 0.925092 0.000000
vt  0.338959 0.925092 0.000000
vt  0.335320 0.919195 0.000000
vt  0.380398 0.966154 0.000000
vt  0.370365 0.976187 0.000000
vt  0.366746 0.970280 0.000000
vt  0.366746 0.970280 0.000000
vt  0.374701 0.962325 0.000000
vt  0.380398 0.966154 0.000000
vt  0.335418 0.976187 0.000000
vt  0.325385 0.966154 0.000000
vt  0.331082 0.962325 0.000000
vt  0.331082 0.962325 0.000000
vt  0.339037 0.970280 0.000000
vt  0.335418 0.976187 0.000000
vt  0.366824 0.925092 0.000000
vt  0.374701 0.932969 0.000000
vt  0.374701 0.962325 0.000000
vt  0.331082 0.932969 0.000000
vt  0.338959 0.925092 0.000000
vt  0.366824 0.925092 0.000000
vt  0.332620 0.738886 0.000000
vt  0.324674 0.738886 0.000000
vt  0.325480 0.745349 0.000000
vt  0.332620 0.744538 0.000000
vt  0.332620 0.738886 0.000000
vt  0.325480 0.745349 0.000000
vt  0.331814 0.745348 0.000000
vt  0.332620 0.744538 0.000000
vt  0.325480 0.745349 0.000000
vt  0.327476 0.672972 0.000000
vt  0.316837 0.562472 0.000000
vt  0.275458 0.562472 0.000000
vt  0.275458 0.562472 0.000000
vt  0.275458 0.672972 0.000000
vt  0.327476 0.672972 0.000000
vt  0.284618 0.745874 0.000000
vt  0.327476 0.672972 0.000000
vt  0.275458 0.672972 0.000000
vt  0.275458 0.672972 0.000000
vt  0.264418 0.745874 0.000000
vt  0.284618 0.745874 0.000000
vt  0.458979 0.672272 0.000000
vt  0.501838 0.745174 0.000000
vt  0.522038 0.745174 0.000000
vt  0.522038 0.745174 0.000000
vt  0.510998 0.672272 0.000000
vt  0.458979 0.672272 0.000000
vt  0.514401 0.768412 0.000000
vt  0.514401 0.788755 0.000000
vt  0.508458 0.795630 0.000000
vt  0.455813 0.768412 0.000000
vt  0.514401 0.768412 0.000000
vt  0.508458 0.795630 0.000000
vt  0.455813 0.788755 0.000000
vt  0.455813 0.768412 0.000000
vt  0.508458 0.795630 0.000000
vt  0.461756 0.795630 0.000000
vt  0.455813 0.788755 0.000000
vt  0.508458 0.795630 0.000000
vt  0.320594 0.721052 0.000000
vt  0.320594 0.736174 0.000000
vt  0.323502 0.739082 0.000000
vt  0.334416 0.718768 0.000000
vt  0.322878 0.718768 0.000000
vt  0.380398 0.929130 0.000000
vt  0.370463 0.919195 0.000000
vt  0.376413 0.909554 0.000000
vt  0.376413 0.909554 0.000000
vt  0.389712 0.922853 0.000000
vt  0.380398 0.929130 0.000000
vt  0.255597 0.654491 0.000000
vt  0.276892 0.654491 0.000000
vt  0.276892 0.636046 0.000000
vt  0.276892 0.636046 0.000000
vt  0.255597 0.636046 0.000000
vt  0.255597 0.654491 0.000000
vt  0.355516 0.643889 0.000000
vt  0.435836 0.643889 0.000000
vt  0.435836 0.624221 0.000000
vt  0.435836 0.624221 0.000000
vt  0.355516 0.624221 0.000000
vt  0.355516 0.643889 0.000000
vt  0.509564 0.653791 0.000000
vt  0.530858 0.653791 0.000000
vt  0.530858 0.635346 0.000000
vt  0.530858 0.635346 0.000000
vt  0.509564 0.635346 0.000000
vt  0.509564 0.653791 0.000000
vt  0.530858 0.653791 0.000000
vt  0.641569 0.653791 0.000000
vt  0.641569 0.635346 0.000000
vt  0.641569 0.635346 0.000000
vt  0.530858 0.635346 0.000000
vt  0.530858 0.653791 0.000000
vt  0.762989 0.650651 0.000000
vt  0.685904 0.650651 0.000000
vt  0.685904 0.633819 0.000000
vt  0.685904 0.633819 0.000000
vt  0.762989 0.633819 0.000000
vt  0.762989 0.650651 0.000000
vt  0.144886 0.654491 0.000000
vt  0.255597 0.654491 0.000000
vt  0.255597 0.636046 0.000000
vt  0.144886 0.636046 0.000000
vt  0.333791 0.739082 0.000000
vt  0.336700 0.736174 0.000000
vt  0.336700 0.721052 0.000000
vt  0.773419 0.157896 0.000000
vt  0.783110 0.157896 0.000000
vt  0.773419 0.157896 0.000000
vt  0.805406 0.528687 0.000000
vt  0.781603 0.528687 0.000000
vt  0.724139 0.528687 0.000000
vt  0.724139 0.528687 0.000000
vt  0.781603 0.528687 0.000000
vt  0.805406 0.528687 0.000000
vt  0.642871 0.528687 0.000000
vt  0.666674 0.528687 0.000000
vt  0.724139 0.528687 0.000000
vt  0.642871 0.528687 0.000000
vt  0.724139 0.528687 0.000000
vt  0.805406 0.528687 0.000000
vt  0.642871 0.528687 0.000000
vt  0.805406 0.528687 0.000000
vt  0.724139 0.528687 0.000000
vt  0.666674 0.528687 0.000000
vt  0.642871 0.528687 0.000000
vt  0.724139 0.528687 0.000000
vt  0.154373 0.843930 0.000000
vt  0.154373 0.829954 0.000000
vt  0.724139 0.397066 0.000000
vt  0.680898 0.397066 0.000000
vt  0.724139 0.424345 0.000000
vt  0.666674 0.424345 0.000000
vt  0.767379 0.397066 0.000000
vt  0.781603 0.424345 0.000000
vt  0.785290 0.397066 0.000000
vt  0.805406 0.424345 0.000000
vt  0.767379 0.397066 0.000000
vt  0.781603 0.424345 0.000000
vt  0.724139 0.397066 0.000000
vt  0.724139 0.424345 0.000000
vt  0.680898 0.397066 0.000000
vt  0.666674 0.424345 0.000000
vt  0.662987 0.397066 0.000000
vt  0.642871 0.424345 0.000000
vt  0.724139 0.528687 0.000000
vt  0.666674 0.528687 0.000000
vt  0.781603 0.528687 0.000000
vt  0.119150 0.928965 0.000000
vt  0.104560 0.893742 0.000000
vt  0.090584 0.893742 0.000000
vt  0.109267 0.938848 0.000000
vt  0.154373 0.957531 0.000000
vt  0.154373 0.943555 0.000000
vt  0.199478 0.938848 0.000000
vt  0.189596 0.928965 0.000000
vt  0.218161 0.893742 0.000000
vt  0.204185 0.893742 0.000000
vt  0.199478 0.848637 0.000000
vt  0.189596 0.858519 0.000000
vt  0.154373 0.843930 0.000000
vt  0.154373 0.893742 0.000000
vt  0.189596 0.858519 0.000000
vt  0.119150 0.858519 0.000000
vt  0.104560 0.893742 0.000000
vt  0.119150 0.928965 0.000000
vt  0.154373 0.943555 0.000000
vt  0.189596 0.928965 0.000000
vt  0.204185 0.893742 0.000000
vt  0.239814 0.450951 0.000000
vt  0.216012 0.450951 0.000000
vt  0.158547 0.450951 0.000000
vt  0.158547 0.450951 0.000000
vt  0.216012 0.450951 0.000000
vt  0.239814 0.450951 0.000000
vt  0.077280 0.450951 0.000000
vt  0.101082 0.450951 0.000000
vt  0.158547 0.450951 0.000000
vt  0.077280 0.450951 0.000000
vt  0.158547 0.450951 0.000000
vt  0.239814 0.450951 0.000000
vt  0.077280 0.450951 0.000000
vt  0.239814 0.450951 0.000000
vt  0.158547 0.450951 0.000000
vt  0.101082 0.450951 0.000000
vt  0.077280 0.450951 0.000000
vt  0.158547 0.450951 0.000000
vt  0.943498 0.146722 0.000000
vt  0.897102 0.146722 0.000000
vt  0.850707 0.146722 0.000000
vt  0.943498 0.146722 0.000000
vt  0.962716 0.146722 0.000000
vt  0.943498 0.146722 0.000000
vt  0.850707 0.146722 0.000000
vt  0.897102 0.146722 0.000000
vt  0.943498 0.146722 0.000000
vt  0.850707 0.146722 0.000000
vt  0.943498 0.146722 0.000000
vt  0.943498 0.146722 0.000000
vt  0.850707 0.146722 0.000000
vt  0.943498 0.146722 0.000000
vt  0.850707 0.146722 0.000000
vt  0.831489 0.146722 0.000000
vt  0.850707 0.146722 0.000000
vt  0.850707 0.146722 0.000000
vt  0.795695 0.126758 0.000000
vt  0.783110 0.157896 0.000000
vt  0.773419 0.157896 0.000000
vt  0.795695 0.157896 0.000000
vt  0.795695 0.126758 0.000000
vt  0.773419 0.157896 0.000000
vt  0.783110 0.157896 0.000000
vt  0.795695 0.157896 0.000000
vt  0.773419 0.157896 0.000000
vt  0.154373 0.893742 0.000000
vt  0.104560 0.893742 0.000000
vt  0.119150 0.858519 0.000000
vt  0.154373 0.843930 0.000000
vt  0.189596 0.858519 0.000000
vt  0.199478 0.848637 0.000000
vt  0.218161 0.893742 0.000000
vt  0.189596 0.858519 0.000000
vt  0.204185 0.893742 0.000000
vt  0.199478 0.938848 0.000000
vt  0.189596 0.928965 0.000000
vt  0.154373 0.957531 0.000000
vt  0.154373 0.943555 0.000000
vt  0.109267 0.938848 0.000000
vt  0.119150 0.928965 0.000000
vt  0.090584 0.893742 0.000000
vt  0.104560 0.893742 0.000000
vt  0.109267 0.848637 0.000000
vt  0.119150 0.858519 0.000000
vt  0.154373 0.829954 0.000000
vt  0.154373 0.843930 0.000000
vt  0.897102 0.014468 0.000000
vt  0.853862 0.014468 0.000000
vt  0.835951 0.014468 0.000000
vt  0.853862 0.014468 0.000000
vt  0.897102 0.014468 0.000000
vt  0.805406 0.528687 0.000000
vt  0.781603 0.528687 0.000000
vt  0.724139 0.528687 0.000000
vt  0.666674 0.528687 0.000000
vt  0.642871 0.528687 0.000000
vt  0.795695 0.126758 0.000000
vt  0.796478 0.126758 0.000000
vt  0.795695 0.126758 0.000000
vt  0.796478 0.126758 0.000000
vt  0.783110 0.126758 0.000000
vt  0.783110 0.157896 0.000000
vt  0.773419 0.126758 0.000000
vt  0.773419 0.157896 0.000000
vt  0.773419 0.126758 0.000000
vt  0.783110 0.157896 0.000000
vt  0.119150 0.928965 0.000000
vt  0.154373 0.943555 0.000000
vt  0.189596 0.928965 0.000000
vt  0.204185 0.893742 0.000000
vt  0.773419 0.126758 0.000000
vt  0.783110 0.126758 0.000000
vt  0.773419 0.126758 0.000000
vt  0.795695 0.126758 0.000000
vt  0.795695 0.126758 0.000000
vt  0.783110 0.126758 0.000000
vt  0.783110 0.126758 0.000000
vt  0.795695 0.126758 0.000000
vt  0.773419 0.126758 0.000000
vt  0.795695 0.126758 0.000000
vt  0.783110 0.126758 0.000000
vt  0.773419 0.126758 0.000000
vt  0.783110 0.157896 0.000000
vt  0.783110 0.126758 0.000000
vt  0.795695 0.157896 0.000000
vt  0.795695 0.126758 0.000000
vt  0.795695 0.157896 0.000000
vt  0.795695 0.126758 0.000000
vt  0.783110 0.157896 0.000000
vt  0.783110 0.126758 0.000000
vt  0.783110 0.157896 0.000000
vt  0.795695 0.126758 0.000000
vt  0.783110 0.157896 0.000000
vt  0.783110 0.126758 0.000000
vt  0.773419 0.157896 0.000000
vt  0.773419 0.126758 0.000000
vt  0.773419 0.157896 0.000000
vt  0.783110 0.126758 0.000000
vt  0.773419 0.157896 0.000000
vt  0.773419 0.126758 0.000000
vt  0.773419 0.157896 0.000000
vt  0.773419 0.126758 0.000000
vt  0.773419 0.157896 0.000000
vt  0.773419 0.126758 0.000000
vt  0.954567 0.041746 0.000000
vt  0.897102 0.041746 0.000000
vt  0.897102 0.146089 0.000000
vt  0.954567 0.146089 0.000000
vt  0.958254 0.014468 0.000000
vt  0.940343 0.014468 0.000000
vt  0.978370 0.041746 0.000000
vt  0.940343 0.014468 0.000000
vt  0.954567 0.041746 0.000000
vt  0.897102 0.014468 0.000000
vt  0.897102 0.041746 0.000000
vt  0.853862 0.014468 0.000000
vt  0.839638 0.041746 0.000000
vt  0.835951 0.014468 0.000000
vt  0.815835 0.041746 0.000000
vt  0.853862 0.014468 0.000000
vt  0.839638 0.041746 0.000000
vt  0.897102 0.014468 0.000000
vt  0.154373 0.843930 0.000000
vt  0.189596 0.858519 0.000000
vt  0.199478 0.848637 0.000000
vt  0.154373 0.829954 0.000000
vt  0.119150 0.858519 0.000000
vt  0.109267 0.848637 0.000000
vt  0.104560 0.893742 0.000000
vt  0.090584 0.893742 0.000000
vt  0.119150 0.928965 0.000000
vt  0.109267 0.938848 0.000000
vt  0.154373 0.943555 0.000000
vt  0.154373 0.957531 0.000000
vt  0.189596 0.928965 0.000000
vt  0.199478 0.938848 0.000000
vt  0.204185 0.893742 0.000000
vt  0.218161 0.893742 0.000000
vt  0.897102 0.146722 0.000000
vt  0.850707 0.146722 0.000000
vt  0.831489 0.146722 0.000000
vt  0.850707 0.146722 0.000000
vt  0.897102 0.146722 0.000000
vt  0.943498 0.146722 0.000000
vt  0.962716 0.146722 0.000000
vt  0.943498 0.146722 0.000000
vt  0.839638 0.146089 0.000000
vt  0.815835 0.146089 0.000000
vt  0.839638 0.146089 0.000000
vt  0.897102 0.146089 0.000000
vt  0.954567 0.146089 0.000000
vt  0.978370 0.146089 0.000000
vt  0.781603 0.424345 0.000000
vt  0.724139 0.424345 0.000000
vt  0.724139 0.528687 0.000000
vt  0.781603 0.528687 0.000000
vt  0.805406 0.528687 0.000000
vt  0.805406 0.424345 0.000000
vt  0.781603 0.528687 0.000000
vt  0.781603 0.424345 0.000000
vt  0.724139 0.528687 0.000000
vt  0.724139 0.424345 0.000000
vt  0.666674 0.528687 0.000000
vt  0.666674 0.424345 0.000000
vt  0.642871 0.424345 0.000000
vt  0.662987 0.397066 0.000000
vt  0.680898 0.397066 0.000000
vt  0.666674 0.424345 0.000000
vt  0.680898 0.397066 0.000000
vt  0.724139 0.397066 0.000000
vt  0.767379 0.397066 0.000000
vt  0.785290 0.397066 0.000000
vt  0.767379 0.397066 0.000000
vt  0.724139 0.397066 0.000000
vt  0.154373 0.829954 0.000000
vt  0.154373 0.843930 0.000000
vt  0.109267 0.848637 0.000000
vt  0.119150 0.858519 0.000000
vt  0.154373 0.843930 0.000000
vt  0.154373 0.893742 0.000000
vt  0.189596 0.858519 0.000000
vt  0.119150 0.858519 0.000000
vt  0.104560 0.893742 0.000000
vt  0.119150 0.928965 0.000000
vt  0.154373 0.943555 0.000000
vt  0.189596 0.928965 0.000000
vt  0.204185 0.893742 0.000000
vt  0.783110 0.126758 0.000000
vt  0.773419 0.126758 0.000000
vt  0.773419 0.126758 0.000000
vt  0.795695 0.126758 0.000000
vt  0.795695 0.126758 0.000000
vt  0.783110 0.126758 0.000000
vt  0.795695 0.126758 0.000000
vt  0.783110 0.126758 0.000000
vt  0.773419 0.126758 0.000000
vt  0.783110 0.126758 0.000000
vt  0.795695 0.126758 0.000000
vt  0.773419 0.126758 0.000000
vt  0.783110 0.126758 0.000000
vt  0.783110 0.157896 0.000000
vt  0.795695 0.157896 0.000000
vt  0.795695 0.126758 0.000000
vt  0.666674 0.528687 0.000000
vt  0.642871 0.528687 0.000000
vt  0.796478 0.126758 0.000000
vt  0.795695 0.126758 0.000000
vt  0.795695 0.126758 0.000000
vt  0.796478 0.126758 0.000000
vt  0.783110 0.157896 0.000000
vt  0.783110 0.126758 0.000000
vt  0.773419 0.126758 0.000000
vt  0.773419 0.126758 0.000000
vt  0.773419 0.157896 0.000000
vt  0.783110 0.157896 0.000000
vt  0.773419 0.157896 0.000000
vt  0.773419 0.126758 0.000000
vt  0.773419 0.126758 0.000000
vt  0.773419 0.157896 0.000000
vt  0.773419 0.157896 0.000000
vt  0.773419 0.126758 0.000000
vt  0.783110 0.126758 0.000000
vt  0.783110 0.126758 0.000000
vt  0.783110 0.157896 0.000000
vt  0.773419 0.157896 0.000000
vt  0.783110 0.157896 0.000000
vt  0.783110 0.126758 0.000000
vt  0.795695 0.126758 0.000000
vt  0.795695 0.157896 0.000000
# 5052 texture vertices

g Material__2
usemtl valkire_sm
f 1/1 3/3 2/2
f 1/1 2/2 4/4
f 2/2 3/3 5/5
f 3/3 7/7 6/6
f 8/8 10/10 9/9
f 10/11 8/13 11/12
f 10/14 13/16 12/15
f 13/17 10/19 11/18
f 9/20 12/22 14/21
f 12/22 9/20 10/23
f 8/24 14/26 15/25
f 14/27 8/29 9/28
f 11/30 15/32 13/31
f 15/32 11/30 8/33
f 14/34 13/36 15/35
f 13/37 14/39 12/38
f 16/40 18/42 17/41
f 18/42 16/40 19/43
f 4/44 21/46 20/45
f 20/45 1/47 4/44
f 1/47 20/45 22/48
f 22/48 23/49 1/47
f 23/49 22/48 24/50
f 24/50 25/51 23/49
f 25/51 24/50 26/52
f 26/52 27/53 25/51
f 27/53 26/52 28/54
f 28/54 7/55 27/53
f 7/55 28/54 29/56
f 29/56 6/57 7/55
f 6/57 29/56 30/58
f 30/59 3/61 6/60
f 3/61 30/59 31/62
f 27/63 7/7 25/64
f 25/64 7/7 3/3
f 25/64 3/3 1/1
f 25/64 1/1 23/65
f 32/66 34/68 33/67
f 33/69 34/71 35/70
f 35/72 34/74 36/73
f 37/75 36/77 38/76
f 36/78 37/80 35/79
f 34/81 38/83 36/82
f 38/84 34/86 39/85
f 40/87 42/89 41/88
f 42/90 40/92 43/91
f 44/93 46/95 45/94
f 46/96 44/98 47/97
f 48/99 50/101 49/100
f 50/102 48/104 51/103
f 50/105 40/107 41/106
f 40/107 50/105 51/108
f 41/109 42/111 50/110
f 50/112 42/114 49/113
f 49/115 42/117 44/116
f 44/118 42/120 47/119
f 18/121 53/123 52/122
f 53/123 18/121 19/124
f 17/125 52/127 54/126
f 52/127 17/125 18/128
f 16/129 54/131 55/130
f 54/131 16/129 17/132
f 19/133 55/135 53/134
f 55/135 19/133 16/136
f 54/137 53/139 55/138
f 53/139 54/137 52/140
f 56/141 34/143 32/142
f 34/144 56/146 39/145
f 35/147 57/149 33/148
f 57/149 35/147 37/150
f 37/151 38/153 57/152
f 57/154 38/156 56/155
f 56/157 38/159 39/158
f 33/160 56/162 32/161
f 56/162 33/160 57/163
f 58/164 60/166 59/165
f 60/166 58/164 61/167
f 61/168 62/170 60/169
f 62/170 61/168 63/171
f 62/172 64/174 31/173
f 64/174 62/172 65/175
f 65/175 21/176 64/174
f 21/176 65/175 66/177
f 66/177 20/178 21/176
f 20/178 66/177 67/179
f 67/179 22/180 20/178
f 22/180 67/179 68/181
f 68/181 24/182 22/180
f 24/182 68/181 69/183
f 69/183 26/184 24/182
f 26/184 69/183 70/185
f 70/185 28/186 26/184
f 28/186 70/185 71/187
f 71/187 29/188 28/186
f 61/189 73/191 72/190
f 72/190 63/192 61/189
f 63/192 72/190 74/193
f 63/171 65/194 62/170
f 65/194 63/171 75/195
f 75/195 66/196 65/194
f 66/196 75/195 76/197
f 76/197 67/198 66/196
f 67/198 76/197 77/199
f 77/199 68/200 67/198
f 68/200 77/199 78/201
f 78/201 69/202 68/200
f 69/202 78/201 79/203
f 79/203 70/204 69/202
f 70/204 79/203 80/205
f 80/205 71/206 70/204
f 71/206 80/205 81/207
f 81/207 59/165 71/206
f 59/165 81/207 58/164
f 82/208 84/210 83/209
f 84/210 82/208 85/211
f 85/211 86/212 84/210
f 86/212 85/211 87/213
f 87/213 88/214 86/212
f 88/214 87/213 89/215
f 89/215 90/216 88/214
f 90/216 89/215 91/217
f 84/218 86/220 83/219
f 83/219 86/220 90/221
f 83/219 90/221 92/222
f 83/219 92/222 93/223
f 92/222 90/221 94/224
f 90/221 86/220 88/225
f 31/62 5/226 3/61
f 5/226 31/62 64/227
f 64/227 2/228 5/226
f 2/228 64/227 21/46
f 21/46 4/44 2/228
f 29/188 71/187 59/229
f 59/229 30/230 29/188
f 30/230 59/229 60/231
f 60/231 31/173 30/230
f 31/173 60/231 62/172
f 85/232 82/234 87/233
f 87/233 82/234 95/235
f 87/233 95/235 91/236
f 87/233 91/236 89/237
f 91/236 95/235 96/238
f 95/235 82/234 97/239
f 91/240 94/242 90/241
f 94/242 91/240 96/243
f 96/243 92/244 94/242
f 92/244 96/243 95/245
f 95/245 93/246 92/244
f 93/246 95/245 97/247
f 97/247 83/209 93/246
f 83/209 97/247 82/208
f 98/248 100/250 99/249
f 101/251 103/253 102/252
f 103/254 101/256 100/255
f 104/257 106/259 105/258
f 106/259 104/257 107/260
f 105/258 109/262 108/261
f 109/262 105/258 106/259
f 108/261 111/264 110/263
f 111/264 108/261 109/262
f 110/263 113/266 112/265
f 113/266 110/263 111/264
f 105/267 115/269 114/268
f 115/270 105/272 108/271
f 104/273 114/275 116/274
f 114/276 104/278 105/277
f 107/279 116/281 117/280
f 116/281 107/279 104/282
f 106/283 117/285 118/284
f 117/286 106/288 107/287
f 119/289 121/291 120/290
f 121/292 119/294 122/293
f 123/295 125/297 124/296
f 125/298 123/300 126/299
f 127/301 124/303 128/302
f 124/304 127/306 123/305
f 129/307 128/309 130/308
f 128/310 129/312 127/311
f 125/313 120/315 124/314
f 124/316 120/318 128/317
f 128/319 120/321 131/320
f 128/322 131/324 130/323
f 131/325 120/327 132/326
f 132/328 120/330 121/329
f 99/331 133/333 98/332
f 133/334 99/336 134/335
f 134/337 102/339 133/338
f 102/340 134/342 101/341
f 100/343 98/345 103/344
f 135/346 137/348 136/347
f 138/349 98/351 139/350
f 139/352 98/354 140/353
f 139/355 140/357 141/356
f 140/358 98/360 133/359
f 140/361 102/363 142/362
f 102/364 140/366 133/365
f 98/367 143/369 103/368
f 143/370 98/372 138/371
f 138/373 144/375 143/374
f 144/376 138/378 139/377
f 139/379 145/381 144/380
f 145/381 139/379 141/382
f 141/383 142/385 145/384
f 142/386 141/388 140/387
f 103/389 143/391 145/390
f 103/392 145/394 102/393
f 102/395 145/397 142/396
f 145/398 143/400 144/399
f 109/401 118/403 146/402
f 118/403 109/401 106/404
f 111/405 146/407 135/406
f 146/408 111/410 109/409
f 113/411 135/413 136/412
f 135/414 113/416 111/415
f 112/417 136/419 137/418
f 136/420 112/422 113/421
f 110/423 137/425 147/424
f 137/426 110/428 112/427
f 108/429 147/431 115/430
f 147/432 108/434 110/433
f 118/435 117/437 146/436
f 146/438 117/440 115/439
f 115/441 117/443 114/442
f 114/444 117/446 116/445
f 147/447 137/348 115/448
f 115/448 137/348 135/346
f 115/448 135/346 146/449
f 148/450 150/452 149/451
f 149/453 152/455 151/454
f 152/456 149/458 153/457
f 154/459 156/461 155/460
f 156/462 154/464 150/463
f 152/465 157/467 151/466
f 157/468 152/470 158/469
f 159/471 156/473 160/472
f 156/474 159/476 155/475
f 158/477 160/479 157/478
f 160/480 158/482 159/481
f 148/483 151/485 161/484
f 151/486 148/488 149/487
f 150/489 162/491 156/490
f 162/492 150/494 163/493
f 151/495 164/497 161/496
f 164/498 151/500 157/499
f 162/501 165/503 156/502
f 160/504 156/506 165/505
f 48/507 44/509 45/508
f 44/510 48/512 49/511
f 45/513 46/515 48/514
f 48/516 46/518 51/517
f 51/519 46/521 40/520
f 40/522 46/524 43/523
f 47/525 43/527 46/526
f 43/527 47/525 42/528
f 153/529 154/531 152/530
f 152/532 154/534 159/533
f 152/535 159/537 158/536
f 159/538 154/540 155/539
f 163/541 148/543 162/542
f 162/544 148/546 164/545
f 162/547 164/549 165/548
f 164/550 148/552 161/551
f 154/553 149/451 150/452
f 149/451 154/553 153/554
f 150/452 148/450 163/555
f 166/556 168/558 167/557
f 169/559 171/561 170/560
f 172/562 170/564 171/563
f 167/565 171/567 166/566
f 171/568 167/570 172/569
f 122/571 132/573 121/572
f 132/574 122/576 173/575
f 126/577 120/579 125/578
f 120/580 126/582 119/581
f 173/583 122/585 174/584
f 174/586 122/588 126/587
f 174/589 126/591 123/590
f 174/592 123/594 127/593
f 174/595 127/597 129/596
f 126/598 122/600 119/599
f 174/601 130/603 131/602
f 130/603 174/601 129/604
f 173/605 131/607 132/606
f 131/608 173/610 174/609
f 157/611 165/613 164/612
f 165/614 157/616 160/615
f 100/617 134/619 99/618
f 134/620 100/622 101/621
f 175/623 177/625 176/624
f 177/626 175/628 178/627
f 172/629 168/631 170/630
f 168/631 172/629 167/632
f 170/633 177/635 178/634
f 177/635 170/633 168/636
f 175/637 179/639 169/638
f 179/639 175/637 176/640
f 169/641 166/643 171/642
f 166/643 169/641 179/644
f 176/645 168/647 179/646
f 168/648 176/650 177/649
f 178/651 169/653 170/652
f 169/654 178/656 175/655
f 168/657 166/659 179/658
f 180/660 182/662 181/661
f 182/663 180/665 183/664
f 184/666 186/668 185/667
f 181/669 186/671 184/670
f 182/672 186/674 181/673
f 187/675 186/677 182/676
f 188/678 190/680 189/679
f 191/681 190/683 188/682
f 192/684 190/686 191/685
f 193/687 190/689 192/688
f 189/690 195/692 194/691
f 195/693 189/695 190/694
f 194/696 197/698 196/697
f 197/698 194/696 195/699
f 185/700 199/702 198/701
f 199/703 185/705 186/704
f 198/706 201/708 200/707
f 201/709 198/711 199/710
f 202/712 200/714 201/713
f 203/715 200/717 202/716
f 204/718 200/720 203/719
f 205/721 200/723 204/722
f 182/724 206/726 187/725
f 191/727 182/729 183/728
f 207/730 191/732 188/731
f 207/733 182/735 191/734
f 203/736 209/738 208/737
f 203/739 207/741 209/740
f 210/742 212/744 211/743
f 213/745 215/747 214/746
f 215/748 213/750 216/749
f 217/751 219/753 218/752
f 219/754 217/756 212/755
f 220/757 222/759 221/758
f 222/760 220/762 223/761
f 216/763 221/765 215/764
f 221/766 216/768 220/767
f 223/769 218/771 222/770
f 218/772 223/774 217/773
f 224/775 226/777 225/776
f 226/778 224/780 227/779
f 211/781 228/783 210/782
f 228/784 211/786 229/785
f 216/787 223/789 220/788
f 223/789 216/787 217/790
f 213/791 217/790 216/787
f 217/790 213/791 212/792
f 227/793 212/792 213/791
f 212/792 227/793 211/794
f 224/795 211/794 227/793
f 211/794 224/795 229/796
f 230/797 232/799 231/798
f 233/800 232/802 230/801
f 234/803 232/805 233/804
f 235/806 232/808 234/807
f 183/809 192/811 191/810
f 192/811 183/809 180/812
f 236/813 196/815 197/814
f 208/816 238/818 237/817
f 238/819 208/821 209/820
f 239/822 241/824 240/823
f 241/825 239/827 242/826
f 242/828 237/830 241/829
f 237/831 242/833 208/832
f 209/834 243/836 238/835
f 243/837 209/839 196/838
f 197/840 240/842 236/841
f 240/843 197/845 239/844
f 243/846 237/848 238/847
f 240/849 243/851 236/850
f 240/852 237/854 243/853
f 241/855 237/857 240/856
f 208/858 204/860 203/859
f 204/861 208/863 242/862
f 244/864 246/866 245/865
f 246/867 244/869 247/868
f 247/870 249/872 248/871
f 249/873 247/875 244/874
f 246/876 248/878 250/877
f 248/879 246/881 247/880
f 245/882 250/884 251/883
f 250/884 245/882 246/885
f 244/886 251/888 249/887
f 251/889 244/891 245/890
f 251/892 248/894 249/893
f 248/895 251/897 250/896
f 203/898 182/900 207/899
f 203/901 206/903 182/902
f 202/904 206/906 203/905
f 192/907 252/909 193/908
f 181/910 192/912 180/911
f 253/913 181/915 184/914
f 253/916 192/918 181/917
f 253/919 252/921 192/920
f 204/922 253/924 205/923
f 204/925 252/927 253/926
f 242/928 252/930 204/929
f 239/931 252/933 242/932
f 194/934 188/936 189/935
f 188/937 194/939 207/938
f 190/940 252/942 195/941
f 252/943 190/945 193/944
f 196/946 207/948 194/947
f 207/949 196/951 209/950
f 195/952 239/954 197/953
f 239/955 195/957 252/956
f 198/958 184/960 185/959
f 184/961 198/963 253/962
f 186/964 206/966 199/965
f 206/967 186/969 187/968
f 200/970 253/972 198/971
f 253/973 200/975 205/974
f 199/976 202/978 201/977
f 202/979 199/981 206/980
f 196/982 236/984 243/983
f 254/985 256/987 255/986
f 254/985 257/988 256/987
f 254/985 258/989 257/988
f 254/985 259/990 258/989
f 254/985 260/991 259/990
f 254/985 261/992 260/991
f 254/985 262/993 261/992
f 254/985 263/994 262/993
f 254/985 264/995 263/994
f 264/995 266/997 265/996
f 266/997 264/995 255/986
f 255/986 267/998 266/997
f 267/998 255/986 256/987
f 256/987 268/999 267/998
f 268/999 256/987 257/988
f 257/988 269/1000 268/999
f 269/1000 257/988 258/989
f 258/989 270/1001 269/1000
f 270/1001 258/989 259/990
f 259/990 271/1002 270/1001
f 271/1002 259/990 260/991
f 260/991 272/1003 271/1002
f 232/1004 273/1006 231/1005
f 274/1007 276/1009 275/1008
f 276/1010 274/1012 277/1011
f 278/1013 233/1015 279/1014
f 233/1016 278/1018 234/1017
f 280/1019 282/1021 281/1020
f 281/1022 282/1024 277/1023
f 277/1025 282/1027 276/1026
f 276/1028 282/1030 283/1029
f 235/1031 283/1033 232/1032
f 232/1032 283/1033 284/1034
f 232/1032 284/1034 285/1035
f 284/1034 283/1033 282/1036
f 286/1037 285/1039 284/1038
f 285/1039 286/1037 273/1040
f 234/1041 278/1043 235/1042
f 235/1044 278/1046 283/1045
f 283/1047 278/1049 276/1048
f 276/1050 278/1052 275/1051
f 279/1053 275/1055 278/1054
f 275/1056 279/1058 274/1057
f 254/985 255/986 264/995
f 73/1059 272/1003 287/1060
f 287/1060 72/1061 73/1059
f 72/1061 287/1060 288/1062
f 288/1062 74/1063 72/1061
f 74/1063 288/1062 265/996
f 74/193 75/1064 63/192
f 75/1064 74/193 289/1065
f 289/1065 76/1066 75/1064
f 76/1066 289/1065 290/1067
f 290/1067 77/1068 76/1066
f 77/1068 290/1067 291/1069
f 291/1069 78/1070 77/1068
f 78/1070 291/1069 292/1071
f 292/1071 79/1072 78/1070
f 79/1072 292/1071 293/1073
f 293/1073 80/1074 79/1072
f 80/1074 293/1073 294/1075
f 294/1075 81/1076 80/1074
f 81/1076 294/1075 295/1077
f 295/1077 58/1078 81/1076
f 58/1078 295/1077 73/191
f 73/191 61/189 58/1078
f 272/1003 260/991 261/992
f 261/992 287/1060 272/1003
f 287/1060 261/992 262/993
f 262/993 288/1062 287/1060
f 288/1062 262/993 263/994
f 263/994 265/996 288/1062
f 265/996 263/994 264/995
f 265/996 289/1079 74/1063
f 289/1079 265/996 266/997
f 266/997 290/1080 289/1079
f 290/1080 266/997 267/998
f 267/998 291/1081 290/1080
f 291/1081 267/998 268/999
f 268/999 292/1082 291/1081
f 292/1082 268/999 269/1000
f 269/1000 293/1083 292/1082
f 293/1083 269/1000 270/1001
f 270/1001 294/1084 293/1083
f 294/1084 270/1001 271/1002
f 271/1002 295/1085 294/1084
f 295/1085 271/1002 272/1003
f 272/1003 73/1059 295/1085
f 273/1086 232/1088 285/1087
f 280/1089 284/1091 282/1090
f 284/1092 280/1094 286/1093
f 226/1095 230/1097 231/1096
f 230/1098 226/1100 214/1099
f 228/1101 273/1103 286/1102
f 273/1104 228/1106 225/1105
f 219/1107 280/1109 281/1108
f 280/1110 219/1112 210/1111
f 214/1113 233/1115 230/1114
f 233/1116 214/1118 215/1117
f 218/1119 281/1121 277/1120
f 281/1122 218/1124 219/1123
f 221/1125 274/1127 279/1126
f 212/744 210/742 219/1128
f 225/1129 229/1131 224/1130
f 229/1132 225/1134 228/1133
f 214/1135 227/1137 213/1136
f 227/1138 214/1140 226/1139
f 286/1141 210/1143 228/1142
f 210/1144 286/1146 280/1145
f 231/1147 225/1149 226/1148
f 225/1150 231/1152 273/1151
f 277/1153 222/1155 218/1154
f 222/1156 277/1158 274/1157
f 279/1159 215/1161 221/1160
f 215/1162 279/1164 233/1163
f 274/1165 221/1167 222/1166
usemtl tower_tank_build
f 296/1168 298/1170 297/1169
f 299/1171 301/1173 300/1172
f 301/1173 299/1171 302/1174
f 297/1175 302/1177 299/1176
f 303/1178 297/1175 298/1179
f 304/1180 303/1178 305/1181
f 304/1180 297/1175 303/1178
f 304/1180 302/1177 297/1175
f 306/1182 302/1177 304/1180
f 302/1174 307/1183 301/1173
f 307/1183 302/1174 306/1184
f 298/1170 296/1168 308/1185
f 309/1186 305/1188 303/1187
f 305/1188 309/1186 310/1189
f 311/1190 306/1184 304/1191
f 306/1184 311/1190 307/1183
f 301/1192 307/1194 300/1193
f 300/1193 307/1194 308/1195
f 300/1193 308/1195 296/1196
f 308/1195 307/1194 310/1197
f 308/1195 310/1197 309/1198
f 310/1197 307/1194 311/1199
f 312/1200 314/1202 313/1201
f 313/1201 315/1203 312/1200
f 315/1203 313/1201 316/1204
f 317/1205 318/1207 316/1206
f 318/1207 317/1205 319/1208
f 319/1208 320/1209 318/1207
f 320/1209 319/1208 321/1210
f 321/1210 322/1211 320/1209
f 322/1211 321/1210 323/1212
f 323/1212 324/1213 322/1211
f 324/1213 323/1212 325/1214
f 325/1214 326/1215 324/1213
f 326/1215 325/1214 327/1216
f 319/1217 317/1219 328/1218
f 319/1217 328/1218 323/1220
f 319/1217 323/1220 321/1221
f 323/1220 328/1218 327/1222
f 323/1220 327/1222 325/1223
f 327/1222 328/1218 329/1224
f 316/1206 328/1225 317/1205
f 328/1225 316/1206 313/1226
f 313/1226 329/1227 328/1225
f 329/1227 313/1226 314/1228
f 314/1229 327/1216 329/1230
f 327/1216 314/1229 326/1215
f 304/1191 310/1189 311/1190
f 310/1189 304/1191 305/1188
f 303/1187 308/1185 309/1186
f 308/1185 303/1187 298/1170
f 297/1169 300/1172 296/1168
f 300/1172 297/1169 299/1171
f 330/1231 315/1203 331/1232
f 332/1233 330/1231 333/1234
f 332/1233 315/1203 330/1231
f 334/1235 332/1233 335/1236
f 334/1235 315/1203 332/1233
f 312/1200 315/1203 334/1235
f 314/1202 312/1200 334/1235
f 334/1235 326/1237 314/1202
f 326/1237 334/1235 335/1236
f 335/1236 324/1238 326/1237
f 324/1238 335/1236 332/1233
f 332/1233 322/1239 324/1238
f 322/1239 332/1233 333/1234
f 333/1234 320/1240 322/1239
f 320/1240 333/1234 330/1231
f 330/1231 318/1241 320/1240
f 318/1241 330/1231 331/1232
f 331/1232 316/1204 318/1241
f 316/1204 331/1232 315/1203
usemtl turbina_builder
f 336/1242 338/1244 337/1243
f 338/1244 336/1242 339/1245
f 340/1246 339/1245 336/1242
f 339/1245 340/1246 341/1247
f 342/1248 341/1247 340/1246
f 341/1247 342/1248 343/1249
f 344/1250 343/1249 342/1248
f 343/1249 344/1250 345/1251
f 346/1252 345/1251 344/1250
f 345/1251 346/1252 347/1253
f 348/1254 347/1253 346/1252
f 347/1253 348/1254 349/1255
f 338/1256 349/1258 350/1257
f 341/1259 338/1256 339/1260
f 341/1259 349/1258 338/1256
f 345/1261 341/1259 343/1262
f 350/1263 337/1243 338/1244
f 337/1243 350/1263 351/1264
f 349/1255 351/1264 350/1263
f 351/1264 349/1255 348/1254
f 352/1265 354/1267 353/1266
f 353/1266 354/1267 355/1268
f 353/1266 355/1268 356/1269
f 355/1268 354/1267 357/1270
f 355/1268 357/1270 358/1271
f 357/1270 354/1267 359/1272
f 360/1273 362/1275 361/1274
f 361/1274 362/1275 363/1276
f 361/1274 363/1276 364/1277
f 363/1276 362/1275 365/1278
f 363/1276 365/1278 366/1279
f 365/1278 362/1275 367/1280
f 368/1281 370/1283 369/1282
f 369/1284 371/1286 368/1285
f 371/1286 369/1284 372/1287
f 372/1288 373/1290 371/1289
f 373/1291 372/1293 374/1292
f 371/1294 373/1296 375/1295
f 371/1297 375/1299 376/1298
f 376/1300 375/1302 377/1301
f 376/1303 377/1305 378/1304
f 378/1306 377/1308 379/1307
f 375/1309 373/1311 380/1310
f 379/1312 381/1314 378/1313
f 381/1315 379/1317 382/1316
f 383/1318 380/1320 373/1319
f 380/1321 383/1323 384/1322
f 385/1324 381/1326 386/1325
f 345/1261 349/1258 341/1259
f 347/1327 349/1258 345/1261
f 342/1328 346/1330 344/1329
f 336/1331 342/1328 340/1332
f 336/1331 346/1330 342/1328
f 351/1333 336/1331 337/1334
f 351/1333 346/1330 336/1331
f 348/1335 346/1330 351/1333
f 381/1336 376/1338 378/1337
f 376/1339 381/1341 385/1340
f 385/1342 371/1344 376/1343
f 371/1345 385/1347 368/1346
f 386/1348 381/1350 382/1349
f 383/1351 387/1353 384/1352
f 368/1354 387/1356 383/1355
f 385/1357 387/1359 368/1358
f 385/1360 386/1362 387/1361
f 388/1363 390/1365 389/1364
f 388/1366 389/1368 391/1367
f 389/1369 390/1371 392/1370
f 390/1372 394/1374 393/1373
f 394/1375 396/1377 395/1376
f 394/1378 395/1380 397/1379
f 397/1381 395/1383 398/1382
f 395/1384 396/1386 399/1385
f 396/1387 401/1389 400/1388
f 400/1390 401/1392 402/1391
f 403/1393 390/1395 393/1394
f 390/1396 403/1398 404/1397
f 405/1399 393/1401 394/1400
f 393/1402 405/1404 403/1403
f 404/1405 392/1407 390/1406
f 392/1407 404/1405 406/1408
f 407/1409 409/1411 408/1410
f 409/1412 407/1414 410/1413
f 411/1415 408/1417 388/1416
f 408/1417 411/1415 407/1418
f 412/1419 388/1421 391/1420
f 388/1421 412/1419 411/1422
f 406/1423 389/1425 392/1424
f 389/1426 406/1428 413/1427
f 413/1429 391/1431 389/1430
f 391/1432 413/1434 412/1433
f 410/1435 401/1437 409/1436
f 401/1438 410/1440 414/1439
f 414/1441 402/1443 401/1442
f 402/1443 414/1441 415/1444
f 415/1445 400/1447 402/1446
f 400/1447 415/1445 416/1448
f 360/1449 352/1451 362/1450
f 352/1451 360/1449 354/1452
f 361/1453 354/1452 360/1449
f 354/1452 361/1453 359/1454
f 364/1455 359/1454 361/1453
f 359/1454 364/1455 357/1456
f 363/1457 357/1456 364/1455
f 357/1456 363/1457 358/1458
f 366/1459 358/1458 363/1457
f 358/1458 366/1459 355/1460
f 365/1461 355/1460 366/1459
f 355/1460 365/1461 356/1462
f 367/1463 356/1462 365/1461
f 356/1462 367/1463 353/1464
f 362/1450 353/1464 367/1463
f 353/1464 362/1450 352/1451
f 388/1465 394/1467 390/1466
f 388/1468 396/1470 394/1469
f 409/1471 388/1473 408/1472
f 409/1474 396/1476 388/1475
f 409/1477 401/1479 396/1478
f 417/1480 419/1482 418/1481
f 419/1483 417/1485 420/1484
f 421/1486 418/1488 419/1487
f 418/1489 421/1491 422/1490
f 422/1492 417/1494 418/1493
f 417/1495 422/1497 423/1496
f 423/1498 420/1500 417/1499
f 420/1501 423/1503 424/1502
f 424/1504 419/1506 420/1505
f 419/1507 424/1509 421/1508
f 422/1510 424/1512 423/1511
f 424/1513 422/1515 421/1514
f 425/1516 427/1518 426/1517
f 428/1519 426/1521 427/1520
f 426/1521 428/1519 429/1522
f 430/1523 432/1525 431/1524
f 432/1525 430/1523 425/1526
f 433/1527 428/1529 434/1528
f 428/1529 433/1527 431/1530
f 435/1531 437/1533 436/1532
f 437/1533 435/1531 438/1534
f 435/1531 433/1527 434/1528
f 433/1527 435/1531 436/1532
f 439/1535 427/1518 430/1536
f 427/1518 439/1535 440/1537
f 439/1538 431/1524 433/1539
f 431/1524 439/1538 430/1523
f 441/1540 438/1542 442/1541
f 438/1542 441/1540 437/1543
f 443/1544 437/1546 441/1545
f 437/1546 443/1544 436/1547
f 444/1548 436/1547 443/1544
f 436/1547 444/1548 433/1549
f 445/1550 433/1549 444/1548
f 433/1549 445/1550 439/1551
f 446/1552 439/1535 445/1553
f 439/1535 446/1552 440/1537
f 447/1554 449/1556 448/1555
f 448/1555 449/1556 450/1557
f 448/1555 450/1557 446/1558
f 450/1557 449/1556 442/1559
f 450/1557 442/1559 451/1560
f 442/1559 449/1556 452/1561
f 453/1562 455/1564 454/1563
f 432/1565 426/1567 429/1566
f 426/1567 432/1565 425/1568
f 456/1569 458/1571 457/1570
f 458/1571 456/1569 459/1572
f 460/1573 462/1575 461/1574
f 462/1575 460/1573 463/1576
f 463/1576 458/1571 462/1575
f 458/1571 463/1576 457/1570
f 464/1577 457/1579 465/1578
f 457/1579 464/1577 456/1580
f 427/1520 465/1578 428/1519
f 465/1578 427/1520 464/1577
f 428/1529 457/1581 434/1528
f 457/1581 428/1529 465/1582
f 440/1537 464/1583 427/1518
f 464/1583 440/1537 456/1584
f 427/1518 425/1516 430/1536
f 429/1585 431/1530 432/1586
f 431/1530 429/1585 428/1529
f 459/1587 450/1589 458/1588
f 450/1589 459/1587 446/1590
f 458/1588 451/1592 462/1591
f 451/1592 458/1588 450/1589
f 462/1591 442/1594 461/1593
f 442/1594 462/1591 451/1592
f 456/1584 446/1552 459/1595
f 446/1552 456/1584 440/1537
f 461/1596 438/1598 460/1597
f 438/1598 461/1596 442/1599
f 463/1600 434/1528 457/1581
f 434/1528 463/1600 435/1531
f 460/1601 435/1531 463/1600
f 435/1531 460/1601 438/1534
f 466/1602 468/1604 467/1603
f 468/1605 466/1607 469/1606
f 470/1608 467/1610 471/1609
f 467/1610 470/1608 466/1611
f 471/1612 468/1614 472/1613
f 468/1615 471/1617 467/1616
f 374/1618 369/1620 370/1619
f 369/1621 374/1623 372/1622
f 473/1624 474/1626 380/1625
f 473/1627 380/1629 384/1628
f 473/1630 384/1632 475/1631
f 475/1633 384/1635 387/1634
f 380/1636 474/1638 375/1637
f 375/1639 474/1641 476/1640
f 477/1642 478/1644 382/1643
f 477/1645 382/1647 379/1646
f 370/1648 368/1650 383/1649
f 383/1651 374/1653 370/1652
f 374/1654 383/1656 373/1655
f 478/1657 474/1659 473/1658
f 474/1659 478/1657 477/1660
f 478/1661 475/1663 479/1662
f 475/1663 478/1661 473/1664
f 474/1665 480/1667 476/1666
f 480/1667 474/1665 477/1668
f 475/1669 386/1671 479/1670
f 386/1671 475/1669 387/1672
f 480/1673 375/1675 476/1674
f 375/1675 480/1673 377/1676
f 386/1677 478/1679 479/1678
f 382/1680 478/1682 386/1681
f 480/1683 379/1685 377/1684
f 477/1686 379/1688 480/1687
f 454/1563 455/1564 443/1544
f 454/1563 443/1544 441/1545
f 443/1544 455/1564 445/1550
f 443/1544 445/1550 444/1548
f 445/1550 455/1564 481/1689
f 453/1690 447/1692 455/1691
f 447/1692 453/1690 449/1693
f 454/1694 449/1693 453/1690
f 449/1693 454/1694 452/1695
f 441/1696 452/1695 454/1694
f 452/1695 441/1696 442/1697
f 481/1698 446/1552 445/1553
f 446/1552 481/1698 448/1699
f 455/1691 448/1699 481/1698
f 448/1699 455/1691 447/1692
f 482/1700 484/1702 483/1701
f 472/1703 469/1705 485/1704
f 469/1705 472/1703 468/1706
f 471/1707 485/1709 470/1708
f 485/1709 471/1707 472/1710
f 485/1711 466/1713 470/1712
f 466/1713 485/1711 469/1714
f 486/1715 488/1717 487/1716
f 488/1718 486/1720 489/1719
f 487/1721 490/1723 482/1722
f 490/1723 487/1721 488/1724
f 486/1725 482/1727 483/1726
f 482/1728 486/1730 487/1729
f 489/1731 483/1733 484/1732
f 483/1733 489/1731 486/1734
f 488/1735 484/1737 490/1736
f 484/1737 488/1735 489/1738
f 484/1702 482/1700 490/1739
f 491/1740 493/1742 492/1741
f 494/1743 492/1741 495/1744
f 492/1741 493/1742 495/1744
f 495/1744 493/1742 496/1745
f 497/1746 499/1748 498/1747
f 500/1749 498/1747 501/1750
f 498/1747 499/1748 501/1750
f 502/1751 501/1750 503/1752
f 501/1750 499/1748 503/1752
f 503/1752 499/1748 504/1753
f 505/1754 507/1756 506/1755
f 508/1757 506/1759 507/1758
f 507/1760 509/1762 508/1761
f 510/1763 508/1765 509/1764
f 511/1766 506/1768 512/1767
f 513/1769 515/1771 514/1770
f 514/1772 515/1774 510/1773
f 510/1775 515/1777 508/1776
f 516/1778 518/1780 517/1779
f 504/1781 493/1783 503/1782
f 519/1784 503/1782 493/1783
f 503/1782 519/1784 502/1785
f 491/1786 502/1785 519/1784
f 502/1785 491/1786 501/1787
f 520/1788 501/1787 491/1786
f 501/1787 520/1788 500/1789
f 492/1790 500/1789 520/1788
f 500/1789 492/1790 498/1791
f 494/1792 498/1791 492/1790
f 498/1791 494/1792 497/1793
f 495/1794 497/1793 494/1792
f 497/1793 495/1794 499/1795
f 496/1796 499/1795 495/1794
f 499/1795 496/1796 504/1781
f 493/1783 504/1781 496/1796
f 519/1797 493/1742 491/1740
f 520/1798 491/1740 492/1741
f 521/1799 514/1801 522/1800
f 523/1802 525/1804 524/1803
f 526/1805 524/1803 525/1804
f 527/1806 528/1808 524/1807
f 523/1809 524/1807 528/1808
f 529/1810 530/1812 525/1811
f 526/1813 525/1811 530/1812
f 527/1814 512/1816 528/1815
f 515/1817 528/1815 512/1816
f 529/1818 531/1820 530/1819
f 532/1821 530/1819 531/1820
f 527/1822 524/1824 512/1823
f 512/1825 524/1827 511/1826
f 532/1828 533/1830 530/1829
f 530/1831 533/1833 526/1832
f 533/1834 511/1836 526/1835
f 511/1837 524/1839 526/1838
f 529/1840 525/1842 531/1841
f 531/1843 525/1845 534/1844
f 515/1846 512/1848 508/1847
f 512/1849 506/1851 508/1850
f 513/1852 514/1854 534/1853
f 521/1855 534/1857 514/1856
f 511/1858 533/1860 506/1859
f 505/1861 506/1863 533/1862
f 534/1864 521/1866 531/1865
f 533/1867 532/1869 505/1868
f 505/1870 532/1872 507/1871
f 532/1873 531/1875 507/1874
f 507/1876 531/1878 509/1877
f 531/1879 521/1881 509/1880
f 522/1882 535/1884 521/1883
f 509/1885 521/1887 535/1886
f 535/1888 536/1890 509/1889
f 510/1891 509/1889 536/1890
f 536/1892 537/1894 510/1893
f 514/1895 510/1897 537/1896
f 537/1898 522/1800 514/1801
f 538/1899 540/1901 539/1900
f 541/1902 543/1904 542/1903
f 540/1905 542/1907 543/1906
f 544/1908 546/1910 545/1909
f 545/1911 546/1913 547/1912
f 548/1914 547/1916 549/1915
f 550/1917 549/1919 551/1918
f 551/1920 549/1922 538/1921
f 549/1923 547/1925 538/1924
f 540/1926 538/1928 542/1927
f 552/1929 542/1931 553/1930
f 554/1932 553/1934 555/1933
f 553/1935 542/1937 555/1936
f 542/1938 538/1940 555/1939
f 538/1941 547/1943 555/1942
f 556/1944 555/1946 557/1945
f 555/1947 547/1949 557/1948
f 547/1950 546/1952 557/1951
f 558/1953 560/1955 559/1954
f 561/1956 562/1958 545/1957
f 544/1959 545/1961 562/1960
f 562/1962 563/1964 544/1963
f 546/1965 544/1963 563/1964
f 563/1966 564/1968 546/1967
f 557/1969 546/1971 564/1970
f 565/1972 566/1974 554/1973
f 553/1975 554/1977 566/1976
f 566/1978 567/1980 553/1979
f 552/1981 553/1983 567/1982
f 568/1984 565/1986 555/1985
f 554/1987 555/1985 565/1986
f 569/1988 568/1990 556/1989
f 555/1991 556/1989 568/1990
f 564/1992 569/1994 557/1993
f 556/1995 557/1997 569/1996
f 567/1998 541/2000 552/1999
f 542/2001 552/1999 541/2000
f 543/2002 539/1900 540/1901
f 570/2003 572/2005 571/2004
f 573/2006 571/2004 572/2005
f 571/2004 573/2006 574/2007
f 575/2008 574/2007 573/2006
f 574/2007 575/2008 518/2009
f 576/2010 518/2009 575/2008
f 518/2009 576/2010 517/2011
f 577/2012 517/2011 576/2010
f 578/2013 577/2015 579/2014
f 580/2016 579/2014 572/2017
f 579/2014 577/2015 572/2017
f 573/2018 572/2017 575/2019
f 572/2017 577/2015 575/2019
f 575/2019 577/2015 576/2020
f 574/2021 518/1780 571/2022
f 570/2023 571/2022 581/2024
f 571/2022 518/1780 581/2024
f 582/2025 581/2024 516/1778
f 581/2024 518/1780 516/1778
f 583/2026 559/2028 560/2027
f 560/2029 558/2031 584/2030
f 585/2032 584/2034 558/2033
f 558/2035 559/2037 585/2036
f 586/2038 585/2036 559/2037
f 559/2039 583/2041 586/2040
f 587/2042 586/2044 583/2043
f 583/2045 560/2047 587/2046
f 584/2048 587/2050 560/2049
f 586/2051 587/2053 585/2052
f 584/2054 585/2056 587/2055
f 517/2011 577/2012 516/2057
f 578/2058 516/2057 577/2012
f 516/2057 578/2058 582/2059
f 579/2060 582/2059 578/2058
f 582/2059 579/2060 581/2061
f 580/2062 581/2061 579/2060
f 581/2061 580/2062 570/2003
f 572/2005 570/2003 580/2062
f 588/2063 590/2065 589/2064
f 591/2066 593/2068 592/2067
f 594/2069 592/2067 593/2068
f 590/2070 588/2072 591/2071
f 593/2073 591/2071 588/2072
f 595/2074 590/2070 592/2075
f 591/2071 592/2075 590/2070
f 592/2076 597/2078 596/2077
f 598/2079 596/2077 597/2078
f 597/2078 599/2080 598/2079
f 600/2081 598/2079 599/2080
f 601/2082 595/2083 596/2077
f 592/2076 596/2077 595/2083
f 602/2084 604/2086 603/2085
f 605/2087 603/2085 604/2086
f 606/2088 608/2090 607/2089
f 609/2091 608/2090 606/2088
f 610/2092 609/2091 611/2093
f 610/2092 608/2090 609/2091
f 603/2094 588/2063 602/2095
f 612/2096 602/2095 588/2063
f 604/2097 613/2099 605/2098
f 593/2068 605/2098 613/2099
f 596/2100 614/2102 601/2101
f 615/2103 601/2101 614/2102
f 598/2104 616/2105 596/2100
f 614/2102 596/2100 616/2105
f 600/2106 617/2107 598/2104
f 616/2105 598/2104 617/2107
f 601/2108 615/2110 595/2109
f 589/2064 595/2109 615/2110
f 599/2111 618/2113 600/2112
f 617/2114 600/2112 618/2113
f 592/2067 594/2069 597/2115
f 619/2116 597/2115 594/2069
f 597/2115 619/2116 599/2117
f 618/2118 599/2117 619/2116
f 595/2109 589/2064 590/2065
f 620/2119 622/2121 621/2120
f 623/2122 621/2124 622/2123
f 624/2125 621/2127 623/2126
f 625/2128 621/2130 624/2129
f 623/2131 626/2133 624/2132
f 627/2134 626/2136 623/2135
f 628/2137 626/2139 627/2138
f 629/2140 626/2142 628/2141
f 627/2143 630/2145 628/2144
f 631/2146 630/2148 627/2147
f 632/2149 630/2151 631/2150
f 633/2152 631/2154 634/2153
f 631/2155 633/2157 635/2156
f 636/2158 635/2160 633/2159
f 635/2161 636/2163 637/2162
f 638/2164 637/2166 636/2165
f 637/2167 638/2169 622/2168
f 639/2170 622/2172 638/2171
f 622/2173 639/2175 623/2174
f 640/2176 610/2092 641/2177
f 640/2176 608/2090 610/2092
f 642/2178 640/2180 632/2179
f 640/2181 642/2183 608/2182
f 620/2184 608/2186 642/2185
f 608/2187 620/2189 607/2188
f 621/2190 607/2192 620/2191
f 607/2193 621/2195 606/2194
f 625/2196 606/2198 621/2197
f 606/2199 625/2201 609/2200
f 629/2202 611/2204 626/2203
f 611/2205 629/2207 610/2206
f 632/2208 641/2210 630/2209
f 641/2211 632/2213 640/2212
f 635/2214 632/2216 631/2215
f 632/2217 635/2219 642/2218
f 637/2220 642/2222 635/2221
f 642/2223 637/2225 620/2224
f 622/2226 620/2228 637/2227
f 643/2229 645/2231 644/2230
f 646/2232 648/2234 647/2233
f 644/2235 647/2233 648/2234
f 649/2236 646/2238 645/2237
f 647/2239 645/2241 646/2240
f 650/2242 649/2244 643/2243
f 645/2245 643/2243 649/2244
f 648/2246 650/2248 644/2247
f 643/2249 644/2247 650/2248
f 648/2250 646/2252 650/2251
f 649/2253 650/2251 646/2252
f 651/2254 653/2256 652/2255
f 654/2257 652/2255 653/2256
f 652/2255 654/2257 615/2110
f 655/2258 615/2110 654/2257
f 617/2259 657/2261 656/2260
f 658/2262 656/2260 657/2261
f 656/2260 658/2262 659/2263
f 660/2264 659/2263 658/2262
f 515/2265 513/2267 528/2266
f 528/2268 513/2270 523/2269
f 513/2271 534/2273 523/2272
f 534/2274 525/2276 523/2275
f 535/2277 522/2279 536/2278
f 537/2280 536/2282 522/2281
f 661/2283 663/2285 662/2284
f 664/2286 662/2288 663/2287
f 665/2289 666/2291 661/2290
f 663/2292 661/2290 666/2291
f 667/2293 665/2295 662/2294
f 661/2296 662/2298 665/2297
f 668/2299 667/2301 664/2300
f 662/2302 664/2300 667/2301
f 666/2303 668/2305 663/2304
f 664/2306 663/2304 668/2305
f 666/2307 665/2309 668/2308
f 667/2310 668/2308 665/2309
f 647/2311 644/2313 645/2312
f 669/2314 671/2316 670/2315
f 671/2316 669/2314 672/2317
f 657/2318 672/2317 669/2314
f 672/2319 657/2321 618/2320
f 617/2322 618/2320 657/2321
f 612/2323 673/2325 613/2324
f 674/2326 613/2324 673/2325
f 589/2064 673/2327 588/2063
f 612/2096 588/2063 673/2327
f 671/2328 619/2116 674/2329
f 594/2069 674/2329 619/2116
f 618/2118 619/2116 672/2330
f 671/2328 672/2330 619/2116
f 613/2099 674/2329 593/2068
f 594/2069 593/2068 674/2329
f 602/2331 612/2323 604/2332
f 613/2324 604/2332 612/2323
f 605/2333 593/2073 603/2334
f 588/2072 603/2334 593/2073
f 659/2263 660/2264 651/2254
f 653/2256 651/2254 660/2264
f 654/2335 653/2337 655/2336
f 670/2315 655/2336 669/2314
f 655/2336 653/2337 669/2314
f 657/2318 669/2314 658/2338
f 669/2314 653/2337 658/2338
f 658/2338 653/2337 660/2339
f 656/2340 659/2342 617/2341
f 616/2343 617/2341 614/2344
f 617/2341 659/2342 614/2344
f 615/2345 614/2344 652/2346
f 614/2344 659/2342 652/2346
f 652/2346 659/2342 651/2347
f 589/2064 615/2110 673/2327
f 655/2258 673/2327 615/2110
f 673/2348 655/2336 674/2349
f 670/2315 674/2349 655/2336
f 674/2349 670/2315 671/2316
f 675/2350 677/2352 676/2351
f 678/2353 680/2355 679/2354
f 681/2356 679/2358 680/2357
f 682/2359 684/2361 683/2360
f 683/2362 684/2364 685/2363
f 685/2365 684/2367 686/2366
f 686/2368 684/2370 687/2369
f 688/2371 689/2373 684/2372
f 687/2374 684/2376 689/2375
f 690/2377 688/2379 682/2378
f 684/2380 682/2382 688/2381
f 691/2383 690/2385 683/2384
f 682/2386 683/2388 690/2387
f 692/2389 691/2391 685/2390
f 683/2392 685/2394 691/2393
f 693/2395 692/2397 686/2396
f 685/2398 686/2400 692/2399
f 689/2401 693/2403 687/2402
f 694/2404 696/2406 695/2405
f 695/2407 696/2409 697/2408
f 698/2410 699/2412 695/2411
f 694/2413 695/2415 699/2414
f 679/2416 700/2418 678/2417
f 677/2419 678/2421 700/2420
f 678/2422 677/2424 680/2423
f 680/2425 677/2427 701/2426
f 701/2428 677/2430 702/2429
f 702/2431 677/2433 675/2432
f 703/2434 702/2436 676/2435
f 675/2437 676/2439 702/2438
f 700/2440 679/2442 676/2441
f 676/2443 679/2445 703/2444
f 703/2446 679/2448 704/2447
f 704/2449 679/2451 681/2450
f 701/2452 704/2454 680/2453
f 681/2455 680/2457 704/2456
f 700/2458 676/2460 677/2459
f 705/2461 707/2463 706/2462
f 708/2464 706/2466 707/2465
f 708/2467 709/2469 706/2468
f 710/2470 706/2472 709/2471
f 711/2473 713/2475 712/2474
f 714/2476 712/2474 713/2475
f 715/2477 717/2479 716/2478
f 718/2480 720/2482 719/2481
f 720/2483 716/2485 719/2484
f 716/2486 717/2488 719/2487
f 721/2489 723/2491 722/2490
f 724/2492 722/2490 723/2491
f 725/2493 727/2495 726/2494
f 728/2496 726/2498 727/2497
f 725/2499 726/2501 729/2500
f 730/2502 729/2500 726/2501
f 731/2503 732/2505 728/2504
f 726/2506 728/2504 732/2505
f 732/2507 733/2509 726/2508
f 686/2510 687/2512 693/2511
f 689/2513 688/2515 693/2514
f 692/2516 693/2518 691/2517
f 693/2519 688/2521 691/2520
f 691/2522 688/2524 690/2523
f 701/2525 702/2527 704/2526
f 703/2528 704/2530 702/2529
f 724/2531 710/2533 734/2532
f 709/2534 734/2536 710/2535
f 707/2537 705/2539 735/2538
f 723/2540 735/2542 705/2541
f 734/2543 709/2545 735/2544
f 735/2544 709/2545 707/2546
f 707/2546 709/2545 708/2547
f 710/2548 724/2550 706/2549
f 706/2549 724/2550 705/2551
f 705/2551 724/2550 723/2491
f 734/2552 735/2554 736/2553
f 718/2555 736/2553 735/2554
f 737/2556 739/2558 738/2557
f 739/2559 737/2561 740/2560
f 741/2562 740/2564 737/2563
f 740/2565 741/2567 742/2566
f 743/2568 742/2570 741/2569
f 742/2571 743/2573 744/2572
f 744/2574 743/2576 745/2575
f 745/2577 743/2579 746/2578
f 745/2580 747/2582 744/2581
f 744/2583 747/2585 748/2584
f 748/2586 747/2588 749/2587
f 749/2589 747/2591 750/2590
f 749/2592 751/2594 748/2593
f 748/2595 751/2597 752/2596
f 752/2598 751/2600 738/2599
f 753/2601 752/2603 754/2602
f 739/2604 754/2606 752/2605
f 754/2607 739/2609 755/2608
f 740/2610 755/2612 739/2611
f 756/2613 758/2615 757/2614
f 757/2614 758/2615 759/2616
f 760/2617 759/2616 761/2618
f 759/2616 758/2615 761/2618
f 762/2619 761/2618 763/2620
f 761/2618 758/2615 763/2620
f 738/2621 763/2623 737/2622
f 758/2624 737/2626 763/2625
f 737/2627 758/2629 741/2628
f 756/2630 741/2632 758/2631
f 741/2633 756/2635 743/2634
f 757/2636 743/2638 756/2637
f 743/2639 757/2641 746/2640
f 759/2642 746/2644 757/2643
f 747/2645 760/2647 750/2646
f 761/2648 750/2650 760/2649
f 751/2651 762/2653 738/2652
f 763/2654 738/2652 762/2653
f 752/2655 738/2657 739/2656
f 764/2658 766/2660 765/2659
f 765/2661 766/2663 767/2662
f 767/2664 766/2666 768/2665
f 769/2667 768/2669 770/2668
f 766/2670 770/2672 768/2671
f 770/2673 766/2675 696/2674
f 771/2676 696/2678 766/2677
f 696/2679 771/2681 697/2680
f 764/2682 697/2684 771/2683
f 698/2685 695/2687 765/2686
f 765/2688 695/2690 764/2689
f 764/2691 695/2693 697/2692
f 698/2694 765/2696 699/2695
f 767/2697 699/2699 765/2698
f 768/2700 769/2702 767/2701
f 767/2703 769/2705 699/2704
f 699/2706 769/2708 694/2707
f 770/2709 696/2711 769/2710
f 769/2712 696/2714 694/2713
f 755/2715 740/2717 772/2716
f 742/2718 772/2720 740/2719
f 772/2721 742/2723 773/2722
f 744/2724 773/2726 742/2725
f 773/2727 744/2729 774/2728
f 748/2730 774/2732 744/2731
f 774/2733 748/2735 753/2734
f 752/2736 753/2738 748/2737
f 774/2739 753/2741 773/2740
f 772/2742 773/2744 755/2743
f 773/2745 753/2747 755/2746
f 755/2748 753/2750 754/2749
f 746/2751 747/2753 745/2752
f 750/2754 751/2756 749/2755
f 746/2757 759/2759 747/2758
f 760/2760 747/2762 759/2761
f 750/2763 761/2765 751/2764
f 762/2766 751/2768 761/2767
f 771/2769 766/2771 764/2770
f 775/2772 777/2774 776/2773
f 776/2773 777/2774 778/2775
f 779/2776 778/2775 780/2777
f 780/2777 778/2775 781/2778
f 781/2778 778/2775 782/2779
f 778/2775 777/2774 782/2779
f 777/2774 783/2780 782/2779
f 783/2780 784/2781 782/2779
f 785/2782 787/2784 786/2783
f 788/2785 786/2783 787/2784
f 789/2786 787/2788 790/2787
f 785/2789 790/2791 787/2790
f 789/2792 790/2794 791/2793
f 792/2795 791/2797 790/2796
f 775/2798 793/2800 785/2799
f 790/2801 785/2803 793/2802
f 777/2804 775/2806 786/2805
f 785/2807 786/2809 775/2808
f 783/2810 777/2812 788/2811
f 794/2813 795/2815 793/2814
f 793/2816 795/2818 796/2817
f 797/2819 799/2821 798/2820
f 798/2822 799/2824 800/2823
f 799/2825 796/2827 800/2826
f 800/2828 796/2830 801/2829
f 801/2831 796/2833 802/2832
f 803/2834 805/2836 804/2835
f 805/2837 802/2839 804/2838
f 802/2840 796/2842 804/2841
f 796/2843 795/2845 804/2844
f 794/2846 806/2848 803/2847
f 779/2849 803/2851 806/2850
f 776/2773 778/2775 806/2852
f 779/2776 806/2852 778/2775
f 798/2853 784/2855 797/2854
f 807/2856 797/2858 784/2857
f 807/2859 784/2781 783/2780
f 806/2852 775/2772 776/2773
f 563/2860 539/2862 564/2861
f 539/2862 541/2863 564/2861
f 566/2864 565/2866 567/2865
f 565/2866 568/2867 567/2865
f 568/2867 569/2868 567/2865
f 569/2868 564/2861 567/2865
f 564/2861 541/2863 567/2865
f 808/2869 809/2871 551/2870
f 550/2872 551/2870 809/2871
f 809/2873 810/2875 550/2874
f 549/2876 550/2874 810/2875
f 810/2877 811/2879 549/2878
f 548/2880 549/2882 811/2881
f 811/2883 812/2885 548/2884
f 547/2886 548/2888 812/2887
f 539/2889 808/2891 538/2890
f 551/2892 538/2894 808/2893
f 812/2895 561/2897 547/2896
f 545/2898 547/2900 561/2899
f 786/2901 788/2903 777/2902
f 807/2904 783/2906 787/2905
f 788/2907 787/2909 783/2908
f 797/2910 807/2912 789/2911
f 787/2913 789/2915 807/2914
f 799/2916 797/2918 791/2917
f 789/2919 791/2921 797/2920
f 796/2922 799/2924 792/2923
f 791/2925 792/2927 799/2926
f 793/2928 796/2930 790/2929
f 792/2931 790/2933 796/2932
f 543/2934 541/2863 539/2862
f 809/2935 808/2937 810/2936
f 810/2936 808/2937 811/2938
f 811/2938 808/2937 812/2939
f 808/2937 539/2862 812/2939
f 812/2939 539/2862 561/2940
f 561/2940 539/2862 562/2941
f 562/2941 539/2862 563/2860
f 720/2942 718/2944 813/2943
f 735/2945 813/2943 718/2944
f 814/2946 815/2948 813/2947
f 720/2949 813/2947 815/2948
f 714/2950 816/2952 712/2951
f 817/2953 712/2951 816/2952
f 816/2954 818/2956 817/2955
f 736/2957 817/2955 818/2956
f 719/2958 817/2960 718/2959
f 736/2961 718/2959 817/2960
f 711/2962 712/2964 717/2963
f 717/2963 712/2964 719/2965
f 719/2965 712/2964 817/2966
f 716/2967 720/2969 819/2968
f 815/2970 819/2968 720/2969
f 816/2971 727/2973 818/2972
f 725/2974 818/2972 727/2973
f 715/2975 716/2977 713/2976
f 816/2978 714/2980 727/2979
f 730/2981 726/2508 733/2509
f 815/2982 732/2984 819/2983
f 731/2985 819/2983 732/2984
f 814/2986 733/2988 815/2987
f 732/2989 815/2987 733/2988
f 722/2990 724/2992 820/2991
f 734/2993 820/2991 724/2992
f 734/2994 736/2996 820/2995
f 818/2997 820/2995 736/2996
f 820/2998 818/3000 729/2999
f 725/3001 729/2999 818/3000
f 722/3002 820/3004 730/3003
f 729/3005 730/3003 820/3004
f 814/3006 813/3008 733/3007
f 721/3009 733/3007 813/3008
f 722/3010 730/3012 721/3011
f 733/3013 721/3011 730/3012
f 735/3014 723/3016 813/3015
f 721/3017 813/3015 723/3016
f 821/3018 800/3020 822/3019
f 823/3021 822/3023 824/3022
f 822/3024 800/3026 824/3025
f 824/3027 800/3029 801/3028
f 780/3030 805/3032 779/3031
f 803/3033 779/3035 805/3034
f 825/3036 826/3038 782/3037
f 781/3039 782/3041 826/3040
f 801/3042 802/3044 824/3043
f 827/3045 824/3047 802/3046
f 823/3048 828/3050 822/3049
f 829/3051 822/3053 828/3052
f 821/3054 822/3056 825/3055
f 825/3057 822/3059 826/3058
f 826/3060 822/3062 829/3061
f 806/3063 794/3065 775/3064
f 793/3066 775/3068 794/3067
f 803/3069 804/3071 794/3070
f 795/2815 794/2813 804/3072
f 727/3073 714/3075 728/3074
f 714/3076 713/3078 728/3077
f 728/3079 713/3081 731/3080
f 713/3082 716/3084 731/3083
f 731/3085 716/3087 819/3086
f 711/3088 717/3090 713/3089
f 715/3091 713/3093 717/3092
f 829/3094 828/3096 826/3095
f 781/3097 826/3095 780/3098
f 826/3095 828/3096 780/3098
f 805/3099 780/3098 802/3100
f 780/3098 828/3096 802/3100
f 802/3100 828/3096 827/3101
f 784/3102 798/3104 782/3103
f 825/3105 782/3103 821/3106
f 782/3103 798/3104 821/3106
f 821/3106 798/3104 800/3107
f 824/3108 827/3110 823/3109
f 828/3111 823/3109 827/3110
f 830/3112 832/3114 831/3113
f 833/3115 835/3117 834/3116
f 835/3117 833/3115 836/3118
f 837/3119 839/3121 838/3120
f 839/3122 837/3124 840/3123
f 841/3125 839/3127 840/3126
f 839/3128 841/3130 842/3129
f 843/3131 845/3133 844/3132
f 845/3133 843/3131 846/3134
f 847/3135 848/3137 842/3136
f 842/3136 848/3137 839/3138
f 839/3138 848/3137 838/3139
f 840/3140 837/3142 841/3141
f 841/3141 837/3142 843/3143
f 843/3143 837/3142 846/3144
f 842/3145 843/3147 847/3146
f 843/3148 842/3150 841/3149
f 838/3151 846/3153 837/3152
f 846/3154 838/3156 848/3155
f 849/3157 851/3159 850/3158
f 851/3160 849/3162 852/3161
f 853/3163 855/3165 854/3164
f 854/3166 855/3168 856/3167
f 854/3169 856/3171 857/3170
f 856/3172 855/3174 858/3173
f 856/3175 860/3177 859/3176
f 860/3178 856/3180 858/3179
f 857/3181 859/3183 861/3182
f 859/3184 857/3186 856/3185
f 854/3187 861/3189 862/3188
f 861/3190 854/3192 857/3191
f 853/3193 862/3195 863/3194
f 844/3196 864/3198 843/3197
f 864/3198 844/3196 865/3199
f 847/3200 864/3202 866/3201
f 864/3202 847/3200 843/3203
f 867/3204 866/3206 868/3205
f 866/3206 867/3204 869/3207
f 864/3208 868/3210 866/3209
f 868/3210 864/3208 870/3211
f 871/3212 867/3214 872/3213
f 867/3214 871/3212 869/3207
f 873/3215 872/3217 874/3216
f 872/3217 873/3215 871/3218
f 845/3219 871/3221 873/3220
f 871/3221 845/3219 846/3222
f 848/3223 871/3225 846/3224
f 871/3225 848/3223 869/3226
f 875/3227 865/3229 844/3228
f 875/3230 830/3232 865/3231
f 875/3233 832/3235 830/3234
f 869/3236 847/3238 866/3237
f 847/3238 869/3236 848/3239
f 876/3240 877/3242 874/3241
f 877/3243 876/3245 878/3244
f 872/3246 876/3248 874/3247
f 876/3248 872/3246 867/3249
f 878/3250 880/3252 879/3251
f 880/3253 878/3255 876/3254
f 876/3256 868/3258 880/3257
f 868/3258 876/3256 867/3259
f 881/3260 880/3262 882/3261
f 880/3262 881/3260 879/3263
f 882/3264 868/3266 870/3265
f 868/3266 882/3264 880/3267
f 883/3268 885/3270 884/3269
f 884/3271 885/3273 886/3272
f 886/3274 885/3276 887/3275
f 888/3277 884/3279 886/3278
f 884/3280 888/3282 889/3281
f 890/3283 892/3285 891/3284
f 891/3286 892/3288 888/3287
f 888/3289 892/3291 889/3290
f 893/3292 890/3294 891/3293
f 890/3295 893/3297 894/3296
f 895/3298 894/3300 893/3299
f 894/3301 895/3303 896/3302
f 887/3304 896/3306 895/3305
f 896/3307 887/3309 885/3308
f 887/3310 895/3312 886/3311
f 886/3313 895/3315 888/3314
f 888/3316 895/3318 891/3317
f 891/3319 895/3321 893/3320
f 610/3322 630/3324 641/3323
f 630/3325 610/3327 629/3326
f 609/3328 626/3330 611/3329
f 626/3331 609/3333 625/3332
f 628/3334 630/3336 629/3335
f 624/3337 626/3339 625/3338
f 633/3340 634/3342 636/3341
f 636/3343 634/3345 639/3344
f 636/3346 639/3348 638/3347
f 639/3349 634/3351 897/3350
f 627/3352 634/3354 631/3353
f 634/3355 627/3357 897/3356
f 623/3358 897/3360 627/3359
f 897/3361 623/3363 639/3362
f 862/3364 853/3366 854/3365
f 855/3367 863/3369 898/3368
f 863/3370 855/3372 853/3371
f 858/3373 898/3375 860/3374
f 898/3376 858/3378 855/3377
f 860/3379 898/3381 859/3380
f 859/3382 898/3384 861/3383
f 861/3385 898/3387 862/3386
f 862/3388 898/3390 863/3389
f 899/3391 901/3393 900/3392
f 901/3394 899/3396 902/3395
f 903/3397 905/3399 904/3398
f 905/3400 903/3402 906/3401
f 851/3403 899/3405 900/3404
f 899/3406 851/3408 852/3407
f 900/3409 901/3411 851/3410
f 885/3412 894/3414 896/3413
f 883/3415 894/3417 885/3416
f 892/3418 894/3420 883/3419
f 890/3421 894/3423 892/3422
f 892/3424 884/3426 889/3425
f 884/3427 892/3429 883/3428
f 902/3430 906/3432 901/3431
f 906/3432 902/3430 905/3433
f 899/3434 905/3436 902/3435
f 852/3437 905/3439 899/3438
f 849/3440 905/3442 852/3441
f 904/3443 905/3445 849/3444
f 903/3446 849/3448 850/3447
f 849/3449 903/3451 904/3450
f 903/3452 901/3454 906/3453
f 850/3455 901/3457 903/3456
f 851/3458 901/3460 850/3459
f 907/3461 909/3463 908/3462
f 909/3464 907/3466 910/3465
f 911/3467 908/3469 912/3468
f 908/3470 911/3472 907/3471
f 913/3473 912/3475 914/3474
f 912/3476 913/3478 911/3477
f 915/3479 914/3481 916/3480
f 914/3482 915/3484 913/3483
f 917/3485 916/3487 918/3486
f 916/3488 917/3490 915/3489
f 918/3491 920/3493 919/3492
f 920/3494 918/3496 909/3495
f 908/3497 918/3499 916/3498
f 918/3500 908/3502 909/3501
f 908/3503 914/3505 912/3504
f 914/3505 908/3503 916/3506
f 921/3507 922/3509 911/3508
f 921/3507 911/3508 913/3510
f 921/3507 913/3510 923/3511
f 921/3507 923/3511 924/3512
f 924/3512 923/3511 925/3513
f 925/3513 923/3511 926/3514
f 923/3511 913/3510 927/3515
f 927/3515 913/3510 915/3516
f 927/3515 915/3516 928/3517
f 911/3508 922/3509 907/3518
f 922/3519 910/3521 907/3520
f 910/3522 922/3524 929/3523
f 923/3511 928/3517 926/3514
f 928/3517 923/3511 927/3515
f 928/3525 930/3527 926/3526
f 930/3528 928/3530 931/3529
f 416/3531 396/3533 400/3532
f 396/3534 416/3536 932/3535
f 933/3537 394/3539 397/3538
f 394/3539 933/3537 405/3540
f 932/3541 399/3543 396/3542
f 399/3544 932/3546 934/3545
f 934/3547 395/3549 399/3548
f 395/3550 934/3552 935/3551
f 935/3553 398/3555 395/3554
f 398/3555 935/3553 936/3556
f 936/3557 397/3559 398/3558
f 397/3559 936/3557 933/3560
f 406/3561 404/3563 410/3562
f 406/3561 410/3562 407/3564
f 406/3561 407/3564 411/3565
f 406/3561 411/3565 412/3566
f 920/3567 910/3569 937/3568
f 910/3570 920/3572 909/3571
f 919/3573 937/3575 938/3574
f 937/3576 919/3578 920/3577
f 918/3579 938/3581 917/3580
f 938/3582 918/3584 919/3583
f 405/3585 404/3563 403/3586
f 935/3587 933/3589 936/3588
f 934/3590 933/3589 935/3587
f 932/3591 933/3589 934/3590
f 932/3591 405/3585 933/3589
f 416/3592 405/3585 932/3591
f 415/3593 405/3585 416/3592
f 414/3594 405/3585 415/3593
f 410/3562 405/3585 414/3594
f 410/3562 404/3563 405/3585
f 406/3561 412/3566 413/3595
f 939/3596 929/3598 921/3597
f 939/3596 921/3597 940/3599
f 921/3597 929/3598 922/3600
f 941/3601 943/3603 942/3602
f 942/3602 943/3603 925/3604
f 942/3602 925/3604 944/3605
f 925/3604 943/3603 945/3606
f 925/3604 945/3606 924/3607
f 945/3606 943/3603 946/3608
f 832/3609 833/3611 831/3610
f 833/3612 832/3614 836/3613
f 881/3615 830/3617 879/3616
f 879/3618 830/3620 833/3619
f 879/3621 833/3623 878/3622
f 878/3624 833/3626 834/3625
f 878/3627 834/3629 877/3628
f 864/3630 882/3632 870/3631
f 882/3632 864/3630 865/3633
f 835/3634 947/3636 834/3635
f 947/3636 835/3634 948/3637
f 948/3638 873/3640 947/3639
f 873/3640 948/3638 845/3641
f 844/3642 948/3644 875/3643
f 948/3644 844/3642 845/3645
f 832/3646 835/3648 836/3647
f 875/3649 835/3648 832/3646
f 948/3650 835/3648 875/3649
f 881/3651 865/3653 830/3652
f 865/3653 881/3651 882/3654
f 873/3655 877/3657 947/3656
f 877/3657 873/3655 874/3658
f 833/3659 830/3661 831/3660
f 877/3662 834/3664 947/3663
f 949/3665 950/3667 938/3666
f 949/3668 938/3670 942/3669
f 949/3671 942/3673 944/3672
f 949/3674 944/3676 930/3675
f 942/3677 938/3679 951/3678
f 951/3680 938/3682 952/3681
f 952/3683 938/3685 937/3684
f 952/3681 937/3687 929/3686
f 929/3688 937/3690 910/3689
f 938/3691 950/3693 917/3692
f 917/3694 950/3696 931/3695
f 949/3697 931/3695 950/3696
f 931/3698 949/3700 930/3699
f 931/3701 915/3703 917/3702
f 915/3704 931/3706 928/3705
f 946/3707 953/3709 945/3708
f 952/3710 929/3598 939/3596
f 954/3711 941/3713 955/3712
f 941/3713 954/3711 943/3714
f 953/3715 952/3717 939/3716
f 955/3718 953/3720 954/3719
f 955/3721 952/3723 953/3722
f 951/3724 952/3726 955/3725
f 926/3727 944/3729 925/3728
f 944/3730 926/3732 930/3731
f 921/3733 945/3735 940/3734
f 945/3736 921/3738 924/3737
f 955/3739 942/3741 951/3740
f 942/3742 955/3744 941/3743
f 953/3745 943/3747 954/3746
f 943/3748 953/3750 946/3749
f 940/3751 953/3753 939/3752
f 945/3754 953/3756 940/3755
usemtl turbina_building
f 956/3757 958/3759 957/3758
f 956/3757 959/3760 958/3759
f 956/3757 960/3761 959/3760
f 956/3757 961/3762 960/3761
f 956/3757 962/3763 961/3762
f 956/3757 963/3764 962/3763
f 956/3757 964/3765 963/3764
f 957/3766 965/3768 964/3767
f 966/3769 964/3767 965/3768
f 958/3770 967/3771 957/3766
f 965/3768 957/3766 967/3771
f 959/3772 968/3773 958/3770
f 967/3771 958/3770 968/3773
f 960/3774 969/3775 959/3772
f 968/3773 959/3772 969/3775
f 956/3757 957/3758 964/3765
f 970/3776 972/3778 971/3777
f 973/3779 971/3777 972/3778
f 971/3777 973/3779 974/3780
f 975/3781 974/3780 973/3779
f 974/3780 975/3781 976/3782
f 977/3783 976/3782 975/3781
f 976/3782 977/3783 978/3784
f 979/3785 978/3784 977/3783
f 978/3784 979/3785 980/3786
f 981/3787 980/3786 979/3785
f 980/3786 981/3787 982/3788
f 983/3789 982/3788 981/3787
f 982/3788 983/3789 984/3790
f 985/3791 984/3790 983/3789
f 984/3790 985/3791 970/3776
f 986/3792 988/3794 987/3793
f 989/3795 987/3793 988/3794
f 990/3796 991/3797 986/3792
f 988/3794 986/3792 991/3797
f 992/3798 993/3799 990/3796
f 991/3797 990/3796 993/3799
f 994/3800 995/3801 992/3798
f 993/3799 992/3798 995/3801
f 996/3802 997/3803 995/3801
f 966/3804 995/3801 997/3803
f 998/3805 999/3806 996/3802
f 997/3803 996/3802 999/3806
f 1000/3807 1001/3808 998/3805
f 999/3806 998/3805 1001/3808
f 989/3795 969/3809 1000/3807
f 1001/3808 1000/3807 969/3809
f 988/3794 968/3810 989/3795
f 969/3809 989/3795 968/3810
f 991/3797 967/3811 988/3794
f 968/3810 988/3794 967/3811
f 993/3799 965/3812 991/3797
f 967/3811 991/3797 965/3812
f 995/3801 966/3804 993/3799
f 965/3812 993/3799 966/3804
f 997/3813 963/3814 966/3769
f 964/3767 966/3769 963/3814
f 999/3815 962/3816 997/3813
f 963/3814 997/3813 962/3816
f 1001/3817 961/3818 999/3815
f 962/3816 999/3815 961/3818
f 969/3775 960/3774 1001/3817
f 961/3818 1001/3817 960/3774
f 1002/3819 1004/3821 1003/3820
f 1005/3822 1007/3824 1006/3823
f 1003/3820 1006/3823 1007/3824
f 1008/3825 1009/3826 1005/3822
f 1007/3824 1005/3822 1009/3826
f 1010/3827 1011/3828 1008/3825
f 1009/3826 1008/3825 1011/3828
f 1012/3829 1013/3830 1010/3827
f 1011/3828 1010/3827 1013/3830
f 1014/3831 1015/3832 1012/3829
f 1013/3830 1012/3829 1015/3832
f 1016/3833 1017/3834 1014/3831
f 1015/3832 1014/3831 1017/3834
f 1018/3835 1020/3837 1019/3836
f 1021/3838 1019/3836 1020/3837
f 1019/3836 1021/3838 1022/3839
f 1023/3840 1022/3839 1021/3838
f 1022/3839 1023/3840 1024/3841
f 1025/3842 1024/3841 1023/3840
f 1024/3841 1025/3842 1026/3843
f 1027/3844 1026/3843 1025/3842
f 1026/3843 1027/3844 1028/3845
f 1029/3846 1028/3845 1027/3844
f 1028/3845 1029/3846 1030/3847
f 1031/3848 1030/3847 1029/3846
f 1030/3847 1031/3848 1032/3849
f 1033/3850 1032/3849 1031/3848
f 1032/3849 1033/3850 1018/3835
f 1020/3837 1018/3835 1033/3850
f 1034/3851 1018/3835 1035/3852
f 1019/3836 1035/3852 1018/3835
f 1035/3852 1019/3836 1036/3853
f 972/3778 970/3776 985/3791
f 978/3854 980/3856 976/3855
f 974/3857 976/3855 971/3858
f 970/3859 971/3858 984/3860
f 971/3858 976/3855 984/3860
f 976/3855 980/3856 984/3860
f 984/3860 980/3856 982/3861
f 1027/3862 1025/3864 1029/3863
f 1031/3865 1029/3863 1033/3866
f 1029/3863 1025/3864 1033/3866
f 1020/3867 1033/3866 1021/3868
f 1033/3866 1025/3864 1021/3868
f 1021/3868 1025/3864 1023/3869
f 1002/3819 973/3779 1017/3834
f 972/3778 1017/3834 973/3779
f 1003/3820 975/3781 1002/3819
f 973/3779 1002/3819 975/3781
f 1007/3824 977/3783 1003/3820
f 975/3781 1003/3820 977/3783
f 1009/3826 979/3785 1007/3824
f 977/3783 1007/3824 979/3785
f 1011/3828 981/3787 1009/3826
f 979/3785 1009/3826 981/3787
f 1013/3830 983/3789 1011/3828
f 981/3787 1011/3828 983/3789
f 1015/3832 985/3791 1013/3830
f 983/3789 1013/3830 985/3791
f 1017/3834 972/3778 1015/3832
f 985/3791 1015/3832 972/3778
f 1004/3821 1002/3819 1016/3833
f 1017/3834 1016/3833 1002/3819
f 1006/3823 1003/3820 1004/3821
f 1037/3870 1039/3872 1038/3871
f 1038/3873 1039/3875 1040/3874
f 1040/3876 1039/3878 1041/3877
f 1041/3879 1039/3881 1042/3880
f 1043/3882 1045/3884 1044/3883
f 1046/3885 1044/3883 1047/3886
f 1044/3883 1045/3884 1047/3886
f 1048/3887 1047/3886 1049/3888
f 1047/3886 1045/3884 1049/3888
f 1049/3888 1045/3884 1050/3889
f 1044/3890 1051/3892 1043/3891
f 1052/3893 1043/3895 1051/3894
f 1047/3896 1053/3898 1046/3897
f 1054/3899 1046/3901 1053/3900
f 1049/3902 1055/3904 1048/3903
f 1056/3905 1048/3907 1055/3906
f 1050/3908 1057/3910 1049/3909
f 1055/3911 1049/3909 1057/3910
f 1045/3912 1058/3914 1050/3913
f 1057/3915 1050/3917 1058/3916
f 1043/3918 1052/3920 1045/3919
f 1058/3921 1045/3923 1052/3922
f 1059/3924 1061/3926 1060/3925
f 1062/3927 1060/3929 1061/3928
f 1063/3930 1064/3932 1059/3931
f 1061/3933 1059/3935 1064/3934
f 1065/3936 1067/3938 1066/3937
f 1068/3939 1066/3941 1067/3940
f 1069/3942 1071/3944 1070/3943
f 1072/3945 1070/3947 1071/3946
f 1073/3948 1074/3950 1069/3949
f 1071/3951 1069/3953 1074/3952
f 1060/3954 1075/3956 1059/3955
f 1076/3957 1059/3959 1075/3958
f 1059/3960 1076/3962 1063/3961
f 1077/3963 1063/3965 1076/3964
f 1066/3966 1078/3968 1065/3967
f 1079/3969 1065/3971 1078/3970
f 1070/3972 1080/3974 1069/3973
f 1081/3975 1069/3977 1080/3976
f 1069/3978 1081/3980 1073/3979
f 1082/3981 1073/3983 1081/3982
f 1073/3984 1082/3986 1060/3985
f 1075/3987 1060/3989 1082/3988
f 1063/3990 1077/3992 1066/3991
f 1078/3993 1066/3995 1077/3994
f 1065/3996 1079/3998 1070/3997
f 1080/3999 1070/4001 1079/4000
f 1083/4002 1085/4004 1084/4003
f 1086/4005 1084/4007 1085/4006
f 1084/4008 1042/4010 1083/4009
f 1039/4011 1083/4013 1042/4012
f 1087/4014 1089/4016 1088/4015
f 1090/4017 1088/4019 1089/4018
f 1091/4020 1086/4022 1092/4021
f 1092/4023 1086/4025 1090/4024
f 1090/4026 1086/4028 1088/4027
f 1088/4029 1086/4031 1085/4030
f 1091/4032 1092/4034 1093/4033
f 1094/4035 1093/4037 1092/4036
f 1093/4038 1094/4040 1041/4039
f 1040/4041 1041/4043 1094/4042
f 1037/4044 1038/4046 1087/4045
f 1089/4047 1087/4049 1038/4048
f 1087/4050 1088/4052 1083/4051
f 1085/4053 1083/4055 1088/4054
f 1091/4056 1093/4058 1086/4057
f 1084/4059 1086/4061 1093/4060
f 1093/4062 1041/4064 1084/4063
f 1042/4065 1084/4067 1041/4066
f 1037/4068 1087/4070 1039/4069
f 1083/4071 1039/4073 1087/4072
f 1075/4074 1082/4076 1076/4075
f 1077/4077 1076/4079 1078/4078
f 1079/4080 1078/4082 1080/4081
f 1078/4083 1076/4085 1080/4084
f 1076/4086 1082/4088 1080/4087
f 1080/4089 1082/4091 1081/4090
f 1051/4092 1054/4094 1052/4093
f 1058/4095 1052/4097 1057/4096
f 1055/4098 1057/4100 1056/4099
f 1057/4101 1052/4103 1056/4102
f 1052/4104 1054/4106 1056/4105
f 1056/4107 1054/4109 1053/4108
f 1040/4110 1094/4112 1038/4111
f 1089/4113 1038/4111 1094/4112
f 1092/4114 1090/4116 1094/4115
f 1089/4117 1094/4119 1090/4118
f 1095/4120 996/3802 994/3800
f 995/3801 994/3800 996/3802
f 1096/4121 998/3805 1095/4120
f 996/3802 1095/4120 998/3805
f 1097/4122 1000/3807 1096/4121
f 998/3805 1096/4121 1000/3807
f 987/3793 989/3795 1097/4122
f 1000/3807 1097/4122 989/3795
f 1060/4123 1062/4125 1073/4124
f 1074/4126 1073/4128 1062/4127
f 1066/4129 1068/4131 1063/4130
f 1064/4132 1063/4134 1068/4133
f 1070/4135 1072/4137 1065/4136
f 1067/4138 1065/4140 1072/4139
f 1061/4141 1098/4143 1062/4142
f 1099/4144 1062/4146 1098/4145
f 1064/4147 1100/4149 1061/4148
f 1098/4150 1061/4152 1100/4151
f 1067/4153 1101/4155 1068/4154
f 1102/4156 1068/4158 1101/4157
f 1071/4159 1103/4161 1072/4160
f 1104/4162 1072/4164 1103/4163
f 1074/4165 1105/4167 1071/4166
f 1103/4168 1071/4170 1105/4169
f 1062/4171 1099/4173 1074/4172
f 1105/4174 1074/4176 1099/4175
f 1068/4177 1102/4179 1064/4178
f 1100/4180 1064/4182 1102/4181
f 1072/4183 1104/4185 1067/4184
f 1101/4186 1067/4188 1104/4187
f 1098/4189 1100/4191 1099/4190
f 1105/4192 1099/4194 1103/4193
f 1099/4195 1100/4197 1103/4196
f 1104/4198 1103/4200 1101/4199
f 1103/4201 1100/4203 1101/4202
f 1101/4204 1100/4206 1102/4205
f 1046/4207 1054/4209 1044/4208
f 1051/4210 1044/4212 1054/4211
f 1048/4213 1056/4215 1047/4214
f 1053/4216 1047/4218 1056/4217
f 1106/4219 1108/4221 1107/4220
f 1108/4221 1106/4219 1109/4222
f 1107/4220 1111/4224 1110/4223
f 1111/4224 1107/4220 1108/4221
f 1110/4223 1113/4226 1112/4225
f 1113/4226 1110/4223 1111/4224
f 1112/4225 1115/4228 1114/4227
f 1115/4228 1112/4225 1113/4226
f 1114/4227 1117/4230 1116/4229
f 1117/4230 1114/4227 1115/4228
f 1116/4229 1119/4232 1118/4231
f 1119/4232 1116/4229 1117/4230
f 1118/4231 1121/4234 1120/4233
f 1121/4234 1118/4231 1119/4232
f 1120/4233 1109/4222 1106/4219
f 1109/4222 1120/4233 1121/4234
f 1109/4222 1122/4235 1108/4221
f 1122/4235 1109/4222 1123/4236
f 1108/4221 1124/4237 1111/4224
f 1124/4237 1108/4221 1122/4235
f 1111/4224 1125/4238 1113/4226
f 1125/4238 1111/4224 1124/4237
f 1113/4226 1126/4239 1115/4228
f 1126/4239 1113/4226 1125/4238
f 1115/4228 1127/4240 1117/4230
f 1127/4240 1115/4228 1126/4239
f 1117/4230 1128/4241 1119/4232
f 1128/4241 1117/4230 1127/4240
f 1119/4232 1129/4242 1121/4234
f 1129/4242 1119/4232 1128/4241
f 1121/4234 1123/4236 1109/4222
f 1123/4236 1121/4234 1129/4242
f 1130/4243 1132/4245 1131/4244
f 1133/4246 1130/4248 1134/4247
f 1133/4249 1132/4251 1130/4250
f 1135/4252 1132/4254 1133/4253
f 1136/4255 1138/4257 1137/4256
f 1138/4258 1136/4260 1139/4259
f 1140/4261 1142/4263 1141/4262
f 1142/4264 1140/4266 1143/4265
f 1144/4267 1146/4269 1145/4268
f 1146/4270 1144/4272 1147/4271
f 1148/4273 1150/4275 1149/4274
f 1150/4276 1148/4278 1151/4277
f 1151/4279 1152/4281 1150/4280
f 1152/4282 1151/4284 1153/4283
f 1154/4285 1145/4287 1155/4286
f 1145/4288 1154/4290 1144/4289
f 1156/4291 1158/4293 1157/4292
f 1159/4294 1156/4296 1160/4295
f 1161/4297 1159/4299 1162/4298
f 1161/4300 1156/4302 1159/4301
f 1161/4303 1158/4305 1156/4304
f 1163/4306 1158/4308 1161/4307
f 1164/4309 1138/4311 1139/4310
f 1165/4312 1164/4314 1166/4313
f 1142/4315 1165/4317 1167/4316
f 1142/4318 1164/4320 1165/4319
f 1142/4321 1138/4323 1164/4322
f 1143/4324 1138/4326 1142/4325
f 1168/4327 1170/4329 1169/4328
f 1170/4329 1168/4327 1171/4330
f 1170/4331 1173/4333 1172/4332
f 1173/4334 1170/4336 1171/4335
f 1174/4337 1176/4339 1175/4338
f 1177/4340 1175/4338 1176/4339
f 1175/4338 1177/4340 1178/4341
f 1179/4342 1178/4341 1177/4340
f 1178/4341 1179/4342 1180/4343
f 1181/4344 1180/4343 1179/4342
f 1180/4343 1181/4344 1182/4345
f 1183/4346 1176/4348 1184/4347
f 1185/4349 1183/4346 1186/4350
f 1179/4351 1185/4349 1181/4352
f 1179/4351 1183/4346 1185/4349
f 1179/4351 1176/4348 1183/4346
f 1177/4353 1176/4348 1179/4351
f 1187/4354 1189/4356 1188/4355
f 1190/4357 1187/4354 1191/4358
f 1190/4357 1189/4356 1187/4354
f 1192/4359 1190/4357 1193/4360
f 1192/4359 1189/4356 1190/4357
f 1194/4361 1189/4356 1192/4359
f 1195/4362 1197/4364 1196/4363
f 1197/4364 1195/4362 1182/4345
f 1196/4363 1199/4366 1198/4365
f 1199/4366 1196/4363 1197/4364
f 1198/4365 1201/4368 1200/4367
f 1201/4368 1198/4365 1199/4366
f 1200/4367 1174/4337 1202/4369
f 1174/4337 1200/4367 1201/4368
f 1202/4369 1175/4338 1203/4370
f 1175/4338 1202/4369 1174/4337
f 1203/4370 1178/4341 1204/4371
f 1178/4341 1203/4370 1175/4338
f 1204/4371 1180/4343 1205/4372
f 1123/4373 1206/4375 1122/4374
f 1206/4375 1123/4373 1207/4376
f 1122/4374 1208/4378 1124/4377
f 1208/4378 1122/4374 1206/4375
f 1124/4377 1209/4380 1125/4379
f 1209/4380 1124/4377 1208/4378
f 1125/4379 1210/4382 1126/4381
f 1210/4382 1125/4379 1209/4380
f 1126/4381 1211/4384 1127/4383
f 1211/4384 1126/4381 1210/4382
f 1127/4383 1212/4386 1128/4385
f 1212/4386 1127/4383 1211/4384
f 1128/4385 1213/4388 1129/4387
f 1213/4388 1128/4385 1212/4386
f 1129/4387 1207/4376 1123/4373
f 1207/4376 1129/4387 1213/4388
f 1176/4339 1174/4337 1184/4389
f 1201/4368 1184/4389 1174/4337
f 1184/4389 1201/4368 1183/4390
f 1199/4366 1183/4390 1201/4368
f 1183/4390 1199/4366 1186/4391
f 1197/4364 1186/4391 1199/4366
f 1186/4391 1197/4364 1185/4392
f 1182/4345 1185/4392 1197/4364
f 1185/4392 1182/4345 1181/4344
f 1207/4393 1213/4395 1214/4394
f 1213/4395 1212/4396 1214/4394
f 1212/4396 1211/4397 1214/4394
f 1211/4397 1210/4398 1214/4394
f 1210/4398 1209/4399 1214/4394
f 1209/4399 1208/4400 1214/4394
f 1208/4400 1206/4401 1214/4394
f 1206/4401 1207/4393 1214/4394
f 1215/4402 1217/4404 1216/4403
f 1216/4405 1217/4407 1218/4406
f 1218/4408 1217/4410 1219/4409
f 1220/4411 1222/4413 1221/4412
f 1223/4414 1221/4416 1224/4415
f 1225/4417 1224/4419 1226/4418
f 1224/4420 1221/4422 1226/4421
f 1221/4423 1222/4425 1226/4424
f 1226/4426 1222/4428 1227/4427
f 1228/4429 1157/4431 1229/4430
f 1157/4432 1228/4434 1156/4433
f 1230/4435 1156/4437 1228/4436
f 1156/4438 1230/4440 1160/4439
f 1231/4441 1159/4443 1232/4442
f 1159/4444 1231/4446 1162/4445
f 1233/4447 1161/4449 1234/4448
f 1161/4450 1233/4452 1163/4451
f 1235/4453 1163/4455 1233/4454
f 1163/4456 1235/4458 1158/4457
f 1229/4459 1158/4461 1235/4460
f 1158/4462 1229/4464 1157/4463
f 1232/4465 1160/4467 1230/4466
f 1160/4468 1232/4470 1159/4469
f 1234/4471 1162/4473 1231/4472
f 1162/4474 1234/4476 1161/4475
f 1151/4477 1147/4479 1144/4478
f 1147/4479 1151/4477 1148/4480
f 1144/4481 1153/4483 1151/4482
f 1153/4484 1144/4486 1154/4485
f 1146/4487 1171/4489 1145/4488
f 1171/4490 1146/4492 1173/4491
f 1172/4493 1148/4495 1149/4494
f 1236/4496 1238/4498 1237/4497
f 1239/4499 1241/4501 1240/4500
f 1237/4497 1240/4500 1241/4501
f 1242/4502 1243/4503 1239/4499
f 1241/4501 1239/4499 1243/4503
f 1244/4504 1245/4505 1242/4502
f 1243/4503 1242/4502 1245/4505
f 1246/4506 1247/4507 1244/4504
f 1245/4505 1244/4504 1247/4507
f 1248/4508 1249/4509 1246/4506
f 1247/4507 1246/4506 1249/4509
f 1250/4510 1249/4512 1251/4511
f 1250/4510 1251/4511 1236/4513
f 1250/4510 1236/4513 1237/4514
f 1250/4510 1237/4514 1241/4515
f 1250/4510 1241/4515 1243/4516
f 1250/4510 1243/4516 1245/4517
f 1250/4510 1245/4517 1247/4518
f 1250/4510 1247/4518 1249/4512
f 987/4519 1097/4521 986/4520
f 990/4522 986/4524 992/4523
f 994/4525 992/4527 1095/4526
f 992/4528 986/4530 1095/4529
f 986/4531 1097/4533 1095/4532
f 1095/4534 1097/4536 1096/4535
f 1008/4537 1005/4539 1010/4538
f 1012/4540 1010/4542 1014/4541
f 1016/4543 1014/4545 1004/4544
f 1014/4546 1010/4548 1004/4547
f 1010/4549 1005/4551 1004/4550
f 1004/4552 1005/4554 1006/4553
f 1252/4555 1217/4557 1215/4556
f 1228/4558 1253/4560 1230/4559
f 1253/4561 1228/4563 1254/4562
f 1232/4564 1255/4566 1231/4565
f 1255/4567 1232/4569 1256/4568
f 1234/4570 1257/4572 1233/4571
f 1257/4573 1234/4575 1258/4574
f 1233/4576 1259/4578 1235/4577
f 1259/4579 1233/4581 1257/4580
f 1235/4582 1260/4584 1229/4583
f 1260/4585 1235/4587 1259/4586
f 1230/4588 1256/4590 1232/4589
f 1256/4591 1230/4593 1253/4592
f 1231/4594 1258/4596 1234/4595
f 1258/4597 1231/4599 1255/4598
f 1260/4600 1261/4602 1254/4601
f 1261/4603 1260/4605 1131/4604
f 1254/4606 1132/4608 1253/4607
f 1132/4609 1254/4611 1261/4610
f 1256/4612 1133/4614 1255/4613
f 1133/4615 1256/4617 1135/4616
f 1258/4618 1130/4620 1257/4619
f 1130/4621 1258/4623 1134/4622
f 1257/4624 1262/4626 1259/4625
f 1262/4627 1257/4629 1130/4628
f 1259/4630 1131/4632 1260/4631
f 1131/4633 1259/4635 1262/4634
f 1253/4636 1135/4638 1256/4637
f 1135/4639 1253/4641 1132/4640
f 1255/4642 1134/4644 1258/4643
f 1134/4645 1255/4647 1133/4646
f 1131/4648 1132/4650 1261/4649
f 1130/4651 1131/4653 1262/4652
f 1173/4654 1148/4656 1172/4655
f 1146/4657 1148/4659 1173/4658
f 1147/4660 1148/4662 1146/4661
f 1150/4663 1172/4665 1149/4664
f 1172/4666 1150/4668 1170/4667
f 1152/4669 1170/4671 1150/4670
f 1170/4672 1152/4674 1169/4673
f 1145/4675 1168/4677 1155/4676
f 1168/4678 1145/4680 1171/4679
f 1168/4681 1154/4683 1155/4682
f 1169/4684 1154/4686 1168/4685
f 1152/4687 1154/4689 1169/4688
f 1153/4690 1154/4692 1152/4691
f 1136/4693 1264/4695 1263/4694
f 1140/4696 1136/4693 1137/4697
f 1140/4696 1264/4695 1136/4693
f 1254/4698 1229/4700 1260/4699
f 1229/4701 1254/4703 1228/4702
f 1164/4704 1264/4706 1166/4705
f 1264/4707 1164/4709 1263/4708
f 1166/4710 1265/4712 1165/4711
f 1265/4713 1166/4715 1264/4714
f 1165/4716 1266/4718 1167/4717
f 1266/4719 1165/4721 1265/4720
f 1167/4722 1141/4724 1142/4723
f 1141/4725 1167/4727 1266/4726
f 1143/4728 1137/4730 1138/4729
f 1137/4731 1143/4733 1140/4732
f 1139/4734 1263/4736 1164/4735
f 1263/4736 1139/4734 1136/4737
f 1265/4738 1264/4695 1266/4739
f 1266/4739 1264/4695 1140/4696
f 1266/4739 1140/4696 1141/4740
f 1267/4741 1269/4743 1268/4742
f 1270/4744 1272/4746 1271/4745
f 1273/4747 1270/4749 1274/4748
f 1275/4750 1273/4752 1276/4751
f 1275/4753 1270/4755 1273/4754
f 1275/4756 1272/4758 1270/4757
f 1277/4759 1272/4761 1275/4760
f 1240/4500 1237/4497 1238/4498
f 1251/4762 1278/4763 1236/4496
f 1238/4498 1236/4496 1278/4763
f 1249/4509 1248/4508 1251/4762
f 1278/4763 1251/4762 1248/4508
f 1246/4764 1279/4766 1248/4765
f 1280/4767 1248/4765 1279/4766
f 1244/4768 1281/4769 1246/4764
f 1279/4766 1246/4764 1281/4769
f 1242/4770 1282/4771 1244/4768
f 1281/4769 1244/4768 1282/4771
f 1239/4772 1283/4773 1242/4770
f 1282/4771 1242/4770 1283/4773
f 1240/4774 1284/4775 1239/4772
f 1283/4773 1239/4772 1284/4775
f 1238/4776 1285/4777 1240/4774
f 1284/4775 1240/4774 1285/4777
f 1278/4778 1286/4779 1238/4776
f 1285/4777 1238/4776 1286/4779
f 1248/4765 1280/4767 1278/4778
f 1286/4779 1278/4778 1280/4767
f 1279/4766 1224/4780 1280/4767
f 1225/4781 1280/4767 1224/4780
f 1281/4769 1223/4782 1279/4766
f 1224/4780 1279/4766 1223/4782
f 1287/4783 1289/4785 1288/4784
f 1290/4786 1292/4788 1291/4787
f 1292/4788 1290/4786 1287/4783
f 1291/4787 1294/4790 1293/4789
f 1294/4790 1291/4787 1292/4788
f 1293/4789 1296/4792 1295/4791
f 1296/4792 1293/4789 1294/4790
f 1295/4791 1298/4794 1297/4793
f 1298/4794 1295/4791 1296/4792
f 1299/4795 1298/4797 1300/4796
f 1301/4798 1299/4795 1300/4796
f 1288/4799 1301/4798 1300/4796
f 1287/4800 1288/4799 1300/4796
f 1292/4801 1287/4800 1300/4796
f 1294/4802 1292/4801 1300/4796
f 1296/4803 1294/4802 1300/4796
f 1298/4797 1296/4803 1300/4796
f 1116/4804 1112/4806 1114/4805
f 1120/4807 1116/4809 1118/4808
f 1107/4810 1120/4812 1106/4811
f 1107/4813 1116/4815 1120/4814
f 1107/4816 1112/4818 1116/4817
f 1110/4819 1112/4821 1107/4820
f 1302/4822 1304/4824 1303/4823
f 1305/4825 1302/4827 1306/4826
f 1307/4828 1305/4830 1308/4829
f 1307/4831 1302/4833 1305/4832
f 1307/4834 1304/4836 1302/4835
f 1309/4837 1304/4839 1307/4838
f 1310/4840 1269/4842 1311/4841
f 1312/4843 1269/4845 1310/4844
f 1268/4846 1269/4848 1312/4847
f 1313/4849 1315/4851 1314/4850
f 1313/4849 1316/4852 1315/4851
f 1313/4849 1317/4853 1316/4852
f 1034/4854 1317/4856 1318/4855
f 1319/4857 1318/4855 1317/4856
f 1318/4855 1319/4857 1320/4858
f 1321/4859 1320/4858 1319/4857
f 1320/4858 1321/4859 1322/4860
f 1323/4861 1322/4860 1321/4859
f 1322/4860 1323/4861 1324/4862
f 1325/4863 1324/4862 1323/4861
f 1324/4862 1325/4863 1326/4864
f 1314/4865 1326/4864 1325/4863
f 1326/4864 1314/4865 1036/4866
f 1315/4867 1036/4866 1314/4865
f 1036/4866 1315/4867 1035/4868
f 1316/4869 1035/4868 1315/4867
f 1035/4868 1316/4869 1034/4854
f 1317/4856 1034/4854 1316/4869
f 1018/3835 1034/3851 1032/3849
f 1318/4870 1032/3849 1034/3851
f 1032/3849 1318/4870 1030/3847
f 1320/4871 1030/3847 1318/4870
f 1030/3847 1320/4871 1028/3845
f 1322/4872 1028/3845 1320/4871
f 1028/3845 1322/4872 1026/3843
f 1324/4873 1026/3843 1322/4872
f 1026/3843 1324/4873 1024/3841
f 1326/4874 1024/3841 1324/4873
f 1024/3841 1326/4874 1022/3839
f 1036/3853 1022/3839 1326/4874
f 1022/3839 1036/3853 1019/3836
f 1282/4771 1221/4875 1281/4769
f 1223/4782 1281/4769 1221/4875
f 1283/4773 1220/4876 1282/4771
f 1221/4875 1282/4771 1220/4876
f 1284/4775 1222/4877 1283/4773
f 1220/4876 1283/4773 1222/4877
f 1285/4777 1227/4878 1284/4775
f 1222/4877 1284/4775 1227/4878
f 1286/4779 1226/4879 1285/4777
f 1227/4878 1285/4777 1226/4879
f 1280/4767 1225/4781 1286/4779
f 1226/4879 1286/4779 1225/4781
f 1215/4880 1216/4882 1327/4881
f 1328/4883 1327/4881 1216/4882
f 1329/4884 1330/4886 1252/4885
f 1217/4887 1252/4889 1330/4888
f 1313/4849 1314/4850 1325/4890
f 1313/4849 1325/4890 1323/4891
f 1313/4849 1323/4891 1321/4892
f 1313/4849 1321/4892 1319/4893
f 1313/4849 1319/4893 1317/4853
f 1331/4894 1330/4896 1332/4895
f 1328/4897 1332/4899 1327/4898
f 1332/4900 1330/4902 1327/4901
f 1327/4903 1330/4905 1329/4904
f 1252/4906 1215/4908 1329/4907
f 1327/4909 1329/4907 1215/4908
f 1216/4910 1218/4912 1328/4911
f 1332/4913 1328/4915 1218/4914
f 1218/4916 1219/4918 1332/4917
f 1331/4919 1332/4921 1219/4920
f 1219/4922 1217/4924 1331/4923
f 1330/4925 1331/4927 1217/4926
f 1333/4928 1190/4930 1334/4929
f 1190/4930 1333/4928 1193/4931
f 1335/4932 1333/4928 1336/4933
f 1333/4928 1335/4932 1337/4934
f 1338/4935 1337/4934 1335/4932
f 1337/4934 1338/4935 1339/4936
f 1340/4937 1339/4936 1338/4935
f 1339/4936 1340/4937 1341/4938
f 1342/4939 1341/4938 1340/4937
f 1341/4938 1342/4939 1343/4940
f 1344/4941 1343/4940 1342/4939
f 1343/4940 1344/4941 1345/4942
f 1346/4943 1345/4942 1344/4941
f 1345/4942 1346/4943 1347/4944
f 1348/4945 1347/4944 1346/4943
f 1347/4944 1348/4945 1334/4929
f 1336/4933 1334/4929 1348/4945
f 1334/4929 1336/4933 1333/4928
f 1349/4946 1336/4948 1350/4947
f 1336/4948 1349/4946 1335/4949
f 1351/4950 1335/4949 1349/4946
f 1335/4949 1351/4950 1338/4951
f 1352/4952 1338/4951 1351/4950
f 1338/4951 1352/4952 1340/4953
f 1353/4954 1340/4953 1352/4952
f 1340/4953 1353/4954 1342/4955
f 1354/4956 1342/4955 1353/4954
f 1342/4955 1354/4956 1344/4957
f 1355/4958 1344/4957 1354/4956
f 1344/4957 1355/4958 1346/4959
f 1356/4960 1346/4959 1355/4958
f 1346/4959 1356/4960 1348/4961
f 1180/4343 1204/4371 1178/4341
f 1205/4372 1182/4345 1195/4362
f 1182/4345 1205/4372 1180/4343
f 1308/4962 1196/4363 1307/4963
f 1196/4363 1308/4962 1195/4362
f 1307/4963 1198/4365 1309/4964
f 1198/4365 1307/4963 1196/4363
f 1309/4964 1200/4367 1304/4965
f 1200/4367 1309/4964 1198/4365
f 1304/4965 1202/4369 1303/4966
f 1202/4369 1304/4965 1200/4367
f 1303/4966 1203/4370 1302/4967
f 1203/4370 1303/4966 1202/4369
f 1302/4967 1204/4371 1306/4968
f 1204/4371 1302/4967 1203/4370
f 1306/4968 1205/4372 1305/4969
f 1191/4970 1334/4929 1190/4930
f 1334/4929 1191/4970 1347/4944
f 1187/4971 1347/4944 1191/4970
f 1347/4944 1187/4971 1345/4942
f 1188/4972 1345/4942 1187/4971
f 1345/4942 1188/4972 1343/4940
f 1189/4973 1343/4940 1188/4972
f 1343/4940 1189/4973 1341/4938
f 1194/4974 1341/4938 1189/4973
f 1341/4938 1194/4974 1339/4936
f 1192/4975 1339/4936 1194/4974
f 1339/4936 1192/4975 1337/4934
f 1193/4931 1337/4934 1192/4975
f 1337/4934 1193/4931 1333/4928
f 1195/4362 1305/4969 1205/4372
f 1305/4969 1195/4362 1308/4962
f 1205/4372 1306/4968 1204/4371
f 1357/4976 1272/4978 1358/4977
f 1271/4979 1359/4981 1270/4980
f 1359/4981 1271/4979 1357/4976
f 1270/4980 1360/4983 1274/4982
f 1360/4983 1270/4980 1359/4981
f 1274/4982 1361/4985 1273/4984
f 1361/4985 1274/4982 1360/4983
f 1273/4984 1362/4987 1276/4986
f 1362/4987 1273/4984 1361/4985
f 1362/4987 1364/4989 1363/4988
f 1364/4989 1362/4987 1297/4990
f 1363/4988 1366/4992 1365/4991
f 1366/4992 1363/4988 1364/4989
f 1365/4991 1289/4993 1358/4977
f 1289/4993 1365/4991 1366/4992
f 1358/4977 1290/4994 1357/4976
f 1290/4994 1358/4977 1289/4993
f 1357/4976 1291/4995 1359/4981
f 1291/4995 1357/4976 1290/4994
f 1359/4981 1293/4996 1360/4983
f 1293/4996 1359/4981 1291/4995
f 1360/4983 1295/4997 1361/4985
f 1295/4997 1360/4983 1293/4996
f 1361/4985 1297/4990 1362/4987
f 1297/4990 1361/4985 1295/4997
f 1297/4793 1299/4999 1364/4998
f 1299/4999 1297/4793 1298/4794
f 1364/4998 1301/5001 1366/5000
f 1301/5001 1364/4998 1299/4999
f 1366/5000 1288/4784 1289/4785
f 1288/4784 1366/5000 1301/5001
f 1289/4785 1287/4783 1290/4786
f 1350/4947 1348/4961 1356/4960
f 1348/4961 1350/4947 1336/4948
f 1349/5002 1350/5004 1367/5003
f 1351/5005 1349/5002 1367/5003
f 1352/5006 1351/5005 1367/5003
f 1353/5007 1352/5006 1367/5003
f 1354/5008 1353/5007 1367/5003
f 1355/5009 1354/5008 1367/5003
f 1356/5010 1355/5009 1367/5003
f 1350/5004 1356/5010 1367/5003
f 1368/5011 1370/5013 1369/5012
f 1371/5014 1368/5016 1372/5015
f 1371/5017 1370/5019 1368/5018
f 1373/5020 1370/5022 1371/5021
f 1373/5023 1310/5025 1311/5024
f 1310/5025 1373/5023 1371/5026
f 1272/4978 1357/4976 1271/4979
f 1358/4977 1277/5027 1365/4991
f 1277/5027 1358/4977 1272/4978
f 1365/4991 1275/5028 1363/4988
f 1275/5028 1365/4991 1277/5027
f 1363/4988 1276/4986 1362/4987
f 1276/4986 1363/4988 1275/5028
f 1371/5029 1312/5031 1310/5030
f 1312/5031 1371/5029 1372/5032
f 1311/5033 1370/5035 1373/5034
f 1370/5036 1311/5038 1269/5037
f 1269/5039 1369/5041 1370/5040
f 1369/5041 1269/5039 1267/5042
f 1267/5043 1368/5045 1369/5044
f 1368/5046 1267/5048 1268/5047
f 1268/5049 1372/5051 1368/5050
f 1372/5051 1268/5049 1312/5052
# 2506 faces

g
# object Material__2 to come ...
#
v  1.777458 4.765622 2.635514
v  1.777458 4.765622 2.089337
v  1.607198 4.595192 2.635514
v  1.607198 4.595192 2.089337
v  1.392496 4.704453 2.635514
v  1.392496 4.704453 2.089337
v  1.430062 4.942410 2.635514
v  1.430062 4.942410 2.089337
v  1.667982 4.980214 2.635514
v  1.667982 4.980214 2.089337
v  2.177200 3.990704 2.585807
v  2.177199 3.990704 2.139045
v  2.122884 3.801281 2.585807
v  2.122884 3.801281 2.139045
v  1.925949 3.794404 2.585807
v  1.925949 3.794404 2.139045
v  1.858552 3.979577 2.585807
v  1.858552 3.979577 2.139045
v  1.598086 4.647248 2.585807
v  1.598086 4.647248 2.139045
v  1.753368 4.768567 2.585807
v  1.753367 4.768567 2.139045
v  2.013834 4.100895 2.585807
v  2.013833 4.100895 2.139045
v  1.802254 2.681756 2.183652
v  1.802254 2.681756 2.541950
v  1.924131 2.707657 2.199455
v  1.924131 2.707657 2.526146
v  1.924131 3.380867 2.589124
v  1.802255 3.420098 2.611020
v  1.924131 3.380867 2.136477
v  1.802255 3.420098 2.114580
v  1.802254 2.899834 2.611020
v  1.802254 2.899834 2.114581
v  1.924131 2.906498 2.136477
v  1.924131 2.906498 2.589124
v  2.074416 3.232327 2.152364
v  2.074416 3.022526 2.152364
v  2.074416 3.232327 2.573237
v  2.074416 3.022526 2.573237
v  1.880064 2.933060 2.152364
v  1.880064 2.933060 2.573237
v  1.880064 3.275689 2.573237
v  1.880064 3.275689 2.152364
v  2.045762 4.045407 2.223829
v  2.045762 3.197781 2.223829
v  2.045762 4.045407 2.501772
v  2.045762 3.197781 2.501772
v  1.952133 3.197781 2.223829
v  1.952133 3.197781 2.501772
v  1.952133 4.045407 2.501771
v  1.952133 4.045407 2.223829
# 52 vertices

vt  0.944041 0.599830 0.000000
vt  0.985785 0.599835 0.000000
vt  0.944034 0.578947 0.000000
vt  0.985785 0.578895 0.000000
vt  0.944034 0.578947 0.000000
vt  0.985785 0.599835 0.000000
vt  0.944034 0.578947 0.000000
vt  0.985785 0.578895 0.000000
vt  0.944099 0.562001 0.000000
vt  0.985785 0.562001 0.000000
vt  1.404965 53.215477 0.000000
vt  1.404965 52.215477 0.000000
vt  1.604965 53.215477 0.000000
vt  1.604965 52.215477 0.000000
vt  1.604965 53.215477 0.000000
vt  1.404965 52.215477 0.000000
vt  1.604965 53.215477 0.000000
vt  1.604965 52.215477 0.000000
vt  1.804965 53.215477 0.000000
vt  1.804965 52.215477 0.000000
vt  1.804965 53.215477 0.000000
vt  1.604965 52.215477 0.000000
vt  0.944099 0.622772 0.000000
vt  0.985785 0.622772 0.000000
vt  0.944041 0.599830 0.000000
vt  0.985785 0.599835 0.000000
vt  0.911645 0.589160 0.000000
vt  0.923983 0.572155 0.000000
vt  0.924006 0.606148 0.000000
vt  0.924006 0.606148 0.000000
vt  0.923983 0.572155 0.000000
vt  0.944041 0.599830 0.000000
vt  0.944041 0.599830 0.000000
vt  0.923983 0.572155 0.000000
vt  0.944034 0.578947 0.000000
vt  0.944041 0.599830 0.000000
vt  0.944034 0.578947 0.000000
vt  0.924006 0.606148 0.000000
vt  0.924006 0.606148 0.000000
vt  0.944034 0.578947 0.000000
vt  0.911645 0.589160 0.000000
vt  0.911645 0.589160 0.000000
vt  0.944034 0.578947 0.000000
vt  0.923983 0.572155 0.000000
vt  0.952048 0.468963 0.000000
vt  0.987441 0.468967 0.000000
vt  0.952014 0.453165 0.000000
vt  0.987413 0.453206 0.000000
vt  0.952014 0.453165 0.000000
vt  0.987441 0.468967 0.000000
vt  0.952014 0.453165 0.000000
vt  0.987413 0.453206 0.000000
vt  0.952004 0.434537 0.000000
vt  0.987413 0.434537 0.000000
vt  0.952004 0.434537 0.000000
vt  0.987413 0.453206 0.000000
vt  0.987441 0.468967 0.000000
vt  0.952048 0.468963 0.000000
vt  0.987469 0.484922 0.000000
vt  0.952010 0.484840 0.000000
vt  0.119508 14.393988 0.000000
vt  -0.119500 14.393988 0.000000
vt  0.119508 14.267971 0.000000
vt  -0.119500 14.267971 0.000000
vt  0.119508 14.267971 0.000000
vt  -0.119500 14.393988 0.000000
vt  0.952010 0.484840 0.000000
vt  0.987413 0.484968 0.000000
vt  0.952048 0.468963 0.000000
vt  0.987441 0.468967 0.000000
vt  0.952048 0.468963 0.000000
vt  0.987413 0.484968 0.000000
vt  0.952014 0.453165 0.000000
vt  0.952048 0.468963 0.000000
vt  0.936952 0.448284 0.000000
vt  0.936952 0.448284 0.000000
vt  0.952048 0.468963 0.000000
vt  0.927690 0.461122 0.000000
vt  0.927690 0.461122 0.000000
vt  0.952048 0.468963 0.000000
vt  0.937039 0.473898 0.000000
vt  0.927690 0.461122 0.000000
vt  0.937039 0.473898 0.000000
vt  0.936952 0.448284 0.000000
vt  0.936952 0.448284 0.000000
vt  0.937039 0.473898 0.000000
vt  0.952014 0.453165 0.000000
vt  0.952014 0.453165 0.000000
vt  0.937039 0.473898 0.000000
vt  0.952048 0.468963 0.000000
vt  0.987469 0.556297 0.000000
vt  0.987469 0.484922 0.000000
vt  0.951961 0.556220 0.000000
vt  0.952010 0.484840 0.000000
vt  0.951961 0.556220 0.000000
vt  0.987469 0.484922 0.000000
vt  0.933025 0.550345 0.000000
vt  0.933172 0.478952 0.000000
vt  0.951961 0.556220 0.000000
vt  0.952010 0.484840 0.000000
vt  0.951961 0.556220 0.000000
vt  0.933172 0.478952 0.000000
vt  0.987412 0.556343 0.000000
vt  0.987413 0.484968 0.000000
vt  0.951961 0.556220 0.000000
vt  0.952010 0.484840 0.000000
vt  0.951961 0.556220 0.000000
vt  0.987413 0.484968 0.000000
vt  0.951961 0.556220 0.000000
vt  0.952010 0.484840 0.000000
vt  0.933025 0.550345 0.000000
vt  0.933172 0.478952 0.000000
vt  0.933025 0.550345 0.000000
vt  0.952010 0.484840 0.000000
vt  0.914479 0.146580 0.000000
vt  0.881116 0.146406 0.000000
vt  0.911796 0.136789 0.000000
vt  0.882576 0.137010 0.000000
vt  0.911796 0.136789 0.000000
vt  0.881116 0.146406 0.000000
vt  0.874544 0.076727 0.000000
vt  0.874812 0.068197 0.000000
vt  0.920367 0.076636 0.000000
vt  0.920761 0.068510 0.000000
vt  0.920367 0.076636 0.000000
vt  0.874812 0.068197 0.000000
vt  0.986081 0.333319 0.000000
vt  0.986082 0.381927 0.000000
vt  0.939973 0.333317 0.000000
vt  0.939983 0.381975 0.000000
vt  0.939973 0.333317 0.000000
vt  0.986082 0.381927 0.000000
vt  0.936022 0.071553 0.000000
vt  0.935248 0.122111 0.000000
vt  0.920367 0.076636 0.000000
vt  0.921826 0.120667 0.000000
vt  0.920367 0.076636 0.000000
vt  0.935248 0.122111 0.000000
vt  0.920367 0.076636 0.000000
vt  0.921826 0.120667 0.000000
vt  0.874544 0.076727 0.000000
vt  0.873778 0.120655 0.000000
vt  0.874544 0.076727 0.000000
vt  0.873778 0.120655 0.000000
vt  0.860062 0.071671 0.000000
vt  0.859923 0.122207 0.000000
vt  0.860062 0.071671 0.000000
vt  0.873778 0.120655 0.000000
vt  0.859686 0.142779 0.000000
vt  0.859923 0.122207 0.000000
vt  0.869134 0.140569 0.000000
vt  0.873778 0.120655 0.000000
vt  0.869134 0.140569 0.000000
vt  0.859923 0.122207 0.000000
vt  0.882576 0.137010 0.000000
vt  0.873778 0.120655 0.000000
vt  0.911796 0.136789 0.000000
vt  0.921826 0.120667 0.000000
vt  0.911796 0.136789 0.000000
vt  0.873778 0.120655 0.000000
vt  0.924995 0.140197 0.000000
vt  0.921826 0.120667 0.000000
vt  0.936424 0.143067 0.000000
vt  0.935248 0.122111 0.000000
vt  0.936424 0.143067 0.000000
vt  0.921826 0.120667 0.000000
vt  0.946507 0.402381 0.000000
vt  0.939983 0.381975 0.000000
vt  0.977729 0.401584 0.000000
vt  0.986082 0.381927 0.000000
vt  0.977729 0.401584 0.000000
vt  0.939983 0.381975 0.000000
vt  0.886394 0.174112 0.000000
vt  0.886394 0.194198 0.000000
vt  0.926458 0.174088 0.000000
vt  0.926458 0.194174 0.000000
vt  0.926458 0.194198 0.000000
vt  0.926458 0.211848 0.000000
vt  0.886394 0.194174 0.000000
vt  0.886428 0.211848 0.000000
vt  0.886394 0.174088 0.000000
vt  0.868711 0.165498 0.000000
vt  0.886394 0.194174 0.000000
vt  0.868710 0.198300 0.000000
vt  0.886394 0.194174 0.000000
vt  0.868711 0.165498 0.000000
vt  0.886394 0.174088 0.000000
vt  0.886428 0.156463 0.000000
vt  0.926458 0.174112 0.000000
vt  0.926458 0.156463 0.000000
vt  0.886394 0.194174 0.000000
vt  0.868710 0.198300 0.000000
vt  0.886394 0.174088 0.000000
vt  0.868711 0.165498 0.000000
vt  0.886394 0.174088 0.000000
vt  0.868710 0.198300 0.000000
vt  -1.596606 62.427292 0.000000
vt  -1.596606 63.427292 0.000000
vt  -0.596606 62.427292 0.000000
vt  -0.596606 63.427292 0.000000
vt  0.397045 0.744790 0.000000
vt  0.325856 0.744790 0.000000
vt  0.397045 0.721646 0.000000
vt  0.325856 0.721646 0.000000
vt  -1.596606 62.427292 0.000000
vt  -1.596606 62.427292 0.000000
vt  -0.596606 62.427292 0.000000
vt  -0.596606 62.427292 0.000000
vt  0.325856 0.721646 0.000000
vt  0.325856 0.714234 0.000000
vt  0.397045 0.721646 0.000000
vt  0.397045 0.714234 0.000000
vt  -0.596606 63.427292 0.000000
vt  -0.596606 63.427292 0.000000
vt  -1.596606 63.427292 0.000000
vt  -1.596606 63.427292 0.000000
vt  0.397045 0.714234 0.000000
vt  0.397045 0.721646 0.000000
vt  0.325856 0.714234 0.000000
vt  0.325856 0.721646 0.000000
vt  0.325856 0.721646 0.000000
vt  0.397045 0.721646 0.000000
vt  0.325856 0.744790 0.000000
vt  0.397045 0.744790 0.000000
# 224 texture vertices

g Material__2
usemtl ig_mech_command_plane
f 1374/5053 1376/5055 1375/5054
f 1377/5056 1375/5058 1376/5057
f 1376/5059 1378/5061 1377/5060
f 1379/5062 1377/5060 1378/5061
f 1378/5063 1380/5065 1379/5064
f 1381/5066 1379/5068 1380/5067
f 1380/5069 1382/5071 1381/5070
f 1383/5072 1381/5074 1382/5073
f 1382/5075 1374/5077 1383/5076
f 1375/5078 1383/5076 1374/5077
f 1377/5079 1379/5081 1375/5080
f 1379/5082 1381/5084 1375/5083
f 1381/5085 1383/5087 1375/5086
f 1380/5088 1378/5090 1382/5089
f 1378/5091 1376/5093 1382/5092
f 1376/5094 1374/5096 1382/5095
f 1384/5097 1386/5099 1385/5098
f 1387/5100 1385/5102 1386/5101
f 1386/5103 1388/5105 1387/5104
f 1389/5106 1387/5108 1388/5107
f 1388/5109 1390/5111 1389/5110
f 1391/5112 1389/5110 1390/5111
f 1392/5113 1394/5115 1393/5114
f 1395/5116 1393/5118 1394/5117
f 1396/5119 1384/5121 1397/5120
f 1385/5122 1397/5124 1384/5123
f 1387/5125 1389/5127 1385/5126
f 1389/5128 1391/5130 1385/5129
f 1391/5131 1397/5133 1385/5132
f 1390/5134 1388/5136 1396/5135
f 1388/5137 1386/5139 1396/5138
f 1386/5140 1384/5142 1396/5141
f 1392/5143 1393/5145 1390/5144
f 1391/5146 1390/5148 1393/5147
f 1393/5149 1395/5151 1391/5150
f 1397/5152 1391/5154 1395/5153
f 1395/5155 1394/5157 1397/5156
f 1396/5158 1397/5160 1394/5159
f 1394/5161 1392/5163 1396/5162
f 1390/5164 1396/5166 1392/5165
f 1398/5167 1400/5169 1399/5168
f 1401/5170 1399/5172 1400/5171
f 1402/5173 1404/5175 1403/5174
f 1405/5176 1403/5178 1404/5177
f 1403/5179 1405/5181 1406/5180
f 1407/5182 1406/5184 1405/5183
f 1405/5185 1404/5187 1407/5186
f 1408/5188 1407/5190 1404/5189
f 1404/5191 1402/5193 1408/5192
f 1409/5194 1408/5192 1402/5193
f 1402/5195 1403/5197 1409/5196
f 1406/5198 1409/5200 1403/5199
f 1399/5201 1401/5203 1406/5202
f 1409/5204 1406/5206 1401/5205
f 1401/5207 1400/5209 1409/5208
f 1408/5210 1409/5212 1400/5211
f 1400/5213 1398/5215 1408/5214
f 1407/5216 1408/5218 1398/5217
f 1398/5219 1399/5221 1407/5220
f 1406/5222 1407/5224 1399/5223
f 1410/5225 1412/5227 1411/5226
f 1413/5228 1411/5226 1412/5227
f 1411/5229 1413/5231 1414/5230
f 1415/5232 1414/5230 1413/5231
f 1413/5233 1412/5235 1415/5234
f 1416/5236 1415/5238 1412/5237
f 1412/5239 1410/5241 1416/5240
f 1417/5242 1416/5240 1410/5241
f 1410/5243 1411/5245 1417/5244
f 1414/5246 1417/5248 1411/5247
f 1414/5249 1415/5251 1417/5250
f 1416/5252 1417/5250 1415/5251
f 1418/5253 1420/5255 1419/5254
f 1421/5256 1419/5254 1420/5255
f 1419/5257 1421/5259 1422/5258
f 1423/5260 1422/5258 1421/5259
f 1421/5261 1420/5263 1423/5262
f 1424/5264 1423/5262 1420/5263
f 1420/5265 1418/5267 1424/5266
f 1425/5268 1424/5266 1418/5267
f 1418/5269 1419/5271 1425/5270
f 1422/5272 1425/5270 1419/5271
f 1422/5273 1423/5275 1425/5274
f 1424/5276 1425/5274 1423/5275
# 84 faces

g
# object Material__2 to come ...
#
v  1.777457 4.765622 0.034855
v  1.777457 4.765622 -0.511322
v  1.607198 4.595192 0.034855
v  1.607198 4.595192 -0.511322
v  1.392495 4.704453 0.034855
v  1.392495 4.704453 -0.511322
v  1.430062 4.942410 0.034855
v  1.430061 4.942410 -0.511322
v  1.667981 4.980214 0.034855
v  1.667981 4.980214 -0.511322
v  2.177199 3.990704 -0.014852
v  2.177200 3.990704 -0.461614
v  2.122884 3.801281 -0.014852
v  2.122884 3.801281 -0.461614
v  1.925949 3.794404 -0.014852
v  1.925948 3.794404 -0.461614
v  1.858552 3.979577 -0.014852
v  1.858552 3.979577 -0.461614
v  1.598085 4.647248 -0.014852
v  1.598085 4.647248 -0.461614
v  1.753367 4.768567 -0.014852
v  1.753367 4.768567 -0.461614
v  2.013833 4.100895 -0.014852
v  2.013833 4.100895 -0.461614
v  1.802254 2.681756 -0.417007
v  1.802254 2.681756 -0.058709
v  1.924130 2.707657 -0.401204
v  1.924131 2.707658 -0.074513
v  1.924131 3.380867 -0.011535
v  1.802254 3.420098 0.010361
v  1.924130 3.380867 -0.464182
v  1.802254 3.420098 -0.486079
v  1.802254 2.899834 0.010361
v  1.802254 2.899834 -0.486079
v  1.924130 2.906498 -0.464182
v  1.924130 2.906498 -0.011535
v  2.074416 3.232327 -0.448295
v  2.074416 3.022526 -0.448295
v  2.074415 3.232327 -0.027422
v  2.074416 3.022526 -0.027422
v  1.880063 2.933060 -0.448295
v  1.880063 2.933060 -0.027422
v  1.880063 3.275689 -0.027422
v  1.880063 3.275689 -0.448295
v  2.045761 4.045407 -0.376830
v  2.045761 3.197781 -0.376830
v  2.045761 4.045407 -0.098887
v  2.045761 3.197781 -0.098887
v  1.952133 3.197781 -0.376830
v  1.952133 3.197781 -0.098887
v  1.952133 4.045407 -0.098887
v  1.952132 4.045407 -0.376830
# 52 vertices

vt  0.944041 0.599830 0.000000
vt  0.985785 0.599835 0.000000
vt  0.944034 0.578947 0.000000
vt  0.985785 0.578895 0.000000
vt  0.944034 0.578947 0.000000
vt  0.985785 0.578895 0.000000
vt  0.944099 0.562001 0.000000
vt  0.985785 0.562001 0.000000
vt  1.404965 53.215477 0.000000
vt  1.404965 52.215477 0.000000
vt  1.604965 53.215477 0.000000
vt  1.604965 52.215477 0.000000
vt  1.604965 53.215477 0.000000
vt  1.404965 52.215477 0.000000
vt  1.604965 53.215477 0.000000
vt  1.604965 52.215477 0.000000
vt  1.804965 53.215477 0.000000
vt  1.804965 52.215477 0.000000
vt  1.804965 53.215477 0.000000
vt  1.604965 52.215477 0.000000
vt  0.944099 0.622772 0.000000
vt  0.985785 0.622772 0.000000
vt  0.944041 0.599830 0.000000
vt  0.985785 0.599835 0.000000
vt  0.944041 0.599830 0.000000
vt  0.985785 0.622772 0.000000
vt  0.911645 0.589160 0.000000
vt  0.923983 0.572155 0.000000
vt  0.924006 0.606148 0.000000
vt  0.924006 0.606148 0.000000
vt  0.923983 0.572155 0.000000
vt  0.944041 0.599830 0.000000
vt  0.944041 0.599830 0.000000
vt  0.923983 0.572155 0.000000
vt  0.944034 0.578947 0.000000
vt  0.944041 0.599830 0.000000
vt  0.944034 0.578947 0.000000
vt  0.924006 0.606148 0.000000
vt  0.924006 0.606148 0.000000
vt  0.944034 0.578947 0.000000
vt  0.911645 0.589160 0.000000
vt  0.911645 0.589160 0.000000
vt  0.944034 0.578947 0.000000
vt  0.923983 0.572155 0.000000
vt  0.952048 0.468963 0.000000
vt  0.987441 0.468967 0.000000
vt  0.952014 0.453165 0.000000
vt  0.987413 0.453206 0.000000
vt  0.952014 0.453165 0.000000
vt  0.987441 0.468967 0.000000
vt  0.952014 0.453165 0.000000
vt  0.987413 0.453206 0.000000
vt  0.952004 0.434537 0.000000
vt  0.987413 0.434537 0.000000
vt  0.952004 0.434537 0.000000
vt  0.987413 0.453206 0.000000
vt  0.987441 0.468967 0.000000
vt  0.952048 0.468963 0.000000
vt  0.987469 0.484922 0.000000
vt  0.952010 0.484840 0.000000
vt  0.119508 14.393988 0.000000
vt  -0.119500 14.393988 0.000000
vt  0.119508 14.267971 0.000000
vt  -0.119500 14.267971 0.000000
vt  0.119508 14.267971 0.000000
vt  -0.119500 14.393988 0.000000
vt  0.952010 0.484840 0.000000
vt  0.987413 0.484968 0.000000
vt  0.952048 0.468963 0.000000
vt  0.987441 0.468967 0.000000
vt  0.952048 0.468963 0.000000
vt  0.987413 0.484968 0.000000
vt  0.952014 0.453165 0.000000
vt  0.952048 0.468963 0.000000
vt  0.936952 0.448284 0.000000
vt  0.936952 0.448284 0.000000
vt  0.952048 0.468963 0.000000
vt  0.927690 0.461122 0.000000
vt  0.927690 0.461122 0.000000
vt  0.952048 0.468963 0.000000
vt  0.937039 0.473898 0.000000
vt  0.927690 0.461122 0.000000
vt  0.937039 0.473898 0.000000
vt  0.936952 0.448284 0.000000
vt  0.936952 0.448284 0.000000
vt  0.937039 0.473898 0.000000
vt  0.952014 0.453165 0.000000
vt  0.952014 0.453165 0.000000
vt  0.937039 0.473898 0.000000
vt  0.952048 0.468963 0.000000
vt  0.987469 0.556297 0.000000
vt  0.987469 0.484922 0.000000
vt  0.951961 0.556220 0.000000
vt  0.952010 0.484840 0.000000
vt  0.951961 0.556220 0.000000
vt  0.987469 0.484922 0.000000
vt  0.933025 0.550345 0.000000
vt  0.933172 0.478952 0.000000
vt  0.951961 0.556220 0.000000
vt  0.952010 0.484840 0.000000
vt  0.951961 0.556220 0.000000
vt  0.933172 0.478952 0.000000
vt  0.987412 0.556343 0.000000
vt  0.987413 0.484968 0.000000
vt  0.951961 0.556220 0.000000
vt  0.952010 0.484840 0.000000
vt  0.951961 0.556220 0.000000
vt  0.987413 0.484968 0.000000
vt  0.951961 0.556220 0.000000
vt  0.952010 0.484840 0.000000
vt  0.933025 0.550345 0.000000
vt  0.933172 0.478952 0.000000
vt  0.933025 0.550345 0.000000
vt  0.952010 0.484840 0.000000
vt  0.914479 0.146580 0.000000
vt  0.881116 0.146406 0.000000
vt  0.911796 0.136789 0.000000
vt  0.882576 0.137010 0.000000
vt  0.911796 0.136789 0.000000
vt  0.881116 0.146406 0.000000
vt  0.874544 0.076727 0.000000
vt  0.874812 0.068197 0.000000
vt  0.920367 0.076636 0.000000
vt  0.920761 0.068510 0.000000
vt  0.920367 0.076636 0.000000
vt  0.874812 0.068197 0.000000
vt  0.986081 0.333319 0.000000
vt  0.986082 0.381927 0.000000
vt  0.939973 0.333317 0.000000
vt  0.939983 0.381975 0.000000
vt  0.936022 0.071553 0.000000
vt  0.935248 0.122111 0.000000
vt  0.920367 0.076636 0.000000
vt  0.921826 0.120667 0.000000
vt  0.920367 0.076636 0.000000
vt  0.935248 0.122111 0.000000
vt  0.920367 0.076636 0.000000
vt  0.921826 0.120667 0.000000
vt  0.874544 0.076727 0.000000
vt  0.873778 0.120655 0.000000
vt  0.874544 0.076727 0.000000
vt  0.873778 0.120655 0.000000
vt  0.860062 0.071671 0.000000
vt  0.859923 0.122207 0.000000
vt  0.860062 0.071671 0.000000
vt  0.873778 0.120655 0.000000
vt  0.859686 0.142779 0.000000
vt  0.859923 0.122207 0.000000
vt  0.869134 0.140569 0.000000
vt  0.873778 0.120655 0.000000
vt  0.869134 0.140569 0.000000
vt  0.859923 0.122207 0.000000
vt  0.882576 0.137010 0.000000
vt  0.873778 0.120655 0.000000
vt  0.911796 0.136789 0.000000
vt  0.921826 0.120667 0.000000
vt  0.924995 0.140197 0.000000
vt  0.921826 0.120667 0.000000
vt  0.936424 0.143067 0.000000
vt  0.935248 0.122111 0.000000
vt  0.936424 0.143067 0.000000
vt  0.921826 0.120667 0.000000
vt  0.946507 0.402381 0.000000
vt  0.939983 0.381975 0.000000
vt  0.977729 0.401584 0.000000
vt  0.986082 0.381927 0.000000
vt  0.977729 0.401584 0.000000
vt  0.939983 0.381975 0.000000
vt  0.886394 0.174112 0.000000
vt  0.886394 0.194198 0.000000
vt  0.926458 0.174088 0.000000
vt  0.926458 0.194174 0.000000
vt  0.926458 0.194198 0.000000
vt  0.926458 0.211848 0.000000
vt  0.886394 0.194174 0.000000
vt  0.886428 0.211848 0.000000
vt  0.886394 0.174088 0.000000
vt  0.868711 0.165498 0.000000
vt  0.886394 0.194174 0.000000
vt  0.868710 0.198300 0.000000
vt  0.886394 0.194174 0.000000
vt  0.868711 0.165498 0.000000
vt  0.886394 0.174088 0.000000
vt  0.886428 0.156463 0.000000
vt  0.926458 0.174112 0.000000
vt  0.926458 0.156463 0.000000
vt  0.886394 0.194174 0.000000
vt  0.868710 0.198300 0.000000
vt  0.886394 0.174088 0.000000
vt  0.868711 0.165498 0.000000
vt  0.886394 0.174088 0.000000
vt  0.868710 0.198300 0.000000
vt  -1.596606 62.427292 0.000000
vt  -1.596606 63.427292 0.000000
vt  -0.596606 62.427292 0.000000
vt  -0.596606 63.427292 0.000000
vt  0.397045 0.744790 0.000000
vt  0.325856 0.744790 0.000000
vt  0.397045 0.721646 0.000000
vt  0.325856 0.721646 0.000000
vt  -1.596606 62.427292 0.000000
vt  -1.596606 62.427292 0.000000
vt  -0.596606 62.427292 0.000000
vt  -0.596606 62.427292 0.000000
vt  0.325856 0.721646 0.000000
vt  0.325856 0.714234 0.000000
vt  0.397045 0.721646 0.000000
vt  0.397045 0.714234 0.000000
vt  0.397045 0.721646 0.000000
vt  0.325856 0.714234 0.000000
vt  -0.596606 63.427292 0.000000
vt  -0.596606 63.427292 0.000000
vt  -1.596606 63.427292 0.000000
vt  -1.596606 63.427292 0.000000
vt  0.397045 0.714234 0.000000
vt  0.397045 0.721646 0.000000
vt  0.325856 0.714234 0.000000
vt  0.325856 0.721646 0.000000
vt  0.325856 0.714234 0.000000
vt  0.397045 0.721646 0.000000
vt  0.325856 0.721646 0.000000
vt  0.397045 0.721646 0.000000
vt  0.325856 0.744790 0.000000
vt  0.397045 0.744790 0.000000
# 224 texture vertices

g Material__2
usemtl ig_mech_command_plane
f 1426/5277 1428/5279 1427/5278
f 1429/5280 1427/5278 1428/5279
f 1428/5281 1430/5283 1429/5282
f 1431/5284 1429/5282 1430/5283
f 1430/5285 1432/5287 1431/5286
f 1433/5288 1431/5290 1432/5289
f 1432/5291 1434/5293 1433/5292
f 1435/5294 1433/5296 1434/5295
f 1434/5297 1426/5299 1435/5298
f 1427/5300 1435/5302 1426/5301
f 1429/5303 1431/5305 1427/5304
f 1431/5306 1433/5308 1427/5307
f 1433/5309 1435/5311 1427/5310
f 1432/5312 1430/5314 1434/5313
f 1430/5315 1428/5317 1434/5316
f 1428/5318 1426/5320 1434/5319
f 1436/5321 1438/5323 1437/5322
f 1439/5324 1437/5326 1438/5325
f 1438/5327 1440/5329 1439/5328
f 1441/5330 1439/5332 1440/5331
f 1440/5333 1442/5335 1441/5334
f 1443/5336 1441/5334 1442/5335
f 1444/5337 1446/5339 1445/5338
f 1447/5340 1445/5342 1446/5341
f 1448/5343 1436/5345 1449/5344
f 1437/5346 1449/5348 1436/5347
f 1439/5349 1441/5351 1437/5350
f 1441/5352 1443/5354 1437/5353
f 1443/5355 1449/5357 1437/5356
f 1442/5358 1440/5360 1448/5359
f 1440/5361 1438/5363 1448/5362
f 1438/5364 1436/5366 1448/5365
f 1444/5367 1445/5369 1442/5368
f 1443/5370 1442/5372 1445/5371
f 1445/5373 1447/5375 1443/5374
f 1449/5376 1443/5378 1447/5377
f 1447/5379 1446/5381 1449/5380
f 1448/5382 1449/5384 1446/5383
f 1446/5385 1444/5387 1448/5386
f 1442/5388 1448/5390 1444/5389
f 1450/5391 1452/5393 1451/5392
f 1453/5394 1451/5396 1452/5395
f 1454/5397 1456/5399 1455/5398
f 1457/5400 1455/5402 1456/5401
f 1455/5403 1457/5405 1458/5404
f 1459/5406 1458/5404 1457/5405
f 1457/5407 1456/5409 1459/5408
f 1460/5410 1459/5412 1456/5411
f 1456/5413 1454/5415 1460/5414
f 1461/5416 1460/5414 1454/5415
f 1454/5417 1455/5419 1461/5418
f 1458/5420 1461/5422 1455/5421
f 1451/5423 1453/5425 1458/5424
f 1461/5426 1458/5428 1453/5427
f 1453/5429 1452/5431 1461/5430
f 1460/5432 1461/5430 1452/5431
f 1452/5433 1450/5435 1460/5434
f 1459/5436 1460/5438 1450/5437
f 1450/5439 1451/5441 1459/5440
f 1458/5442 1459/5444 1451/5443
f 1462/5445 1464/5447 1463/5446
f 1465/5448 1463/5446 1464/5447
f 1463/5449 1465/5451 1466/5450
f 1467/5452 1466/5450 1465/5451
f 1465/5453 1464/5455 1467/5454
f 1468/5456 1467/5458 1464/5457
f 1464/5459 1462/5461 1468/5460
f 1469/5462 1468/5460 1462/5461
f 1462/5463 1463/5465 1469/5464
f 1466/5466 1469/5468 1463/5467
f 1466/5469 1467/5471 1469/5470
f 1468/5472 1469/5470 1467/5471
f 1470/5473 1472/5475 1471/5474
f 1473/5476 1471/5474 1472/5475
f 1471/5477 1473/5479 1474/5478
f 1475/5480 1474/5478 1473/5479
f 1473/5481 1472/5483 1475/5482
f 1476/5484 1475/5486 1472/5485
f 1472/5487 1470/5489 1476/5488
f 1477/5490 1476/5488 1470/5489
f 1470/5491 1471/5493 1477/5492
f 1474/5494 1477/5496 1471/5495
f 1474/5497 1475/5499 1477/5498
f 1476/5500 1477/5498 1475/5499
# 84 faces

g
# object Material__2 to come ...
#
v  -1.410520 4.595192 2.089337
v  -1.580780 4.765622 2.089337
v  -1.410520 4.595192 2.635515
v  -1.580780 4.765621 2.635515
v  -1.195817 4.704453 2.089337
v  -1.195817 4.704453 2.635514
v  -1.233384 4.942410 2.089338
v  -1.233384 4.942410 2.635515
v  -1.471303 4.980214 2.089338
v  -1.471304 4.980214 2.635515
v  -1.926205 3.801281 2.139045
v  -1.980521 3.990704 2.139045
v  -1.926205 3.801281 2.585807
v  -1.980521 3.990704 2.585806
v  -1.729270 3.794404 2.139045
v  -1.729271 3.794404 2.585807
v  -1.661874 3.979576 2.139045
v  -1.661874 3.979576 2.585807
v  -1.556689 4.768567 2.139045
v  -1.401408 4.647248 2.139046
v  -1.556689 4.768566 2.585807
v  -1.401408 4.647248 2.585807
v  -1.817155 4.100895 2.139045
v  -1.817155 4.100895 2.585807
v  -1.727452 2.707657 2.526145
v  -1.605576 2.681755 2.541949
v  -1.727452 2.707657 2.199455
v  -1.605576 2.681755 2.183651
v  -1.605576 3.420098 2.114580
v  -1.605576 3.420098 2.611020
v  -1.727452 3.380867 2.136477
v  -1.727452 3.380867 2.589124
v  -1.605576 2.899834 2.114580
v  -1.605576 2.899834 2.611020
v  -1.727452 2.906494 2.136477
v  -1.727452 2.906498 2.589124
v  -1.877737 3.022526 2.573237
v  -1.877737 3.022526 2.152363
v  -1.877737 3.232327 2.573237
v  -1.877737 3.232327 2.152363
v  -1.683385 2.933056 2.573237
v  -1.683385 2.933056 2.152363
v  -1.683385 3.275685 2.573237
v  -1.683385 3.275685 2.152363
v  -1.849083 3.197781 2.501771
v  -1.849083 3.197781 2.223829
v  -1.849083 4.045406 2.501771
v  -1.849083 4.045406 2.223829
v  -1.755454 3.197781 2.501771
v  -1.755454 3.197781 2.223829
v  -1.755455 4.045406 2.501771
v  -1.755455 4.045406 2.223829
# 52 vertices

vt  0.985785 0.578895 0.000000
vt  0.985785 0.599835 0.000000
vt  0.944034 0.578947 0.000000
vt  0.944041 0.599830 0.000000
vt  0.985785 0.562001 0.000000
vt  0.985785 0.578895 0.000000
vt  0.944099 0.562001 0.000000
vt  0.944034 0.578947 0.000000
vt  1.604965 52.215477 0.000000
vt  1.404965 52.215477 0.000000
vt  1.604965 53.215477 0.000000
vt  1.404965 53.215477 0.000000
vt  1.604965 53.215477 0.000000
vt  1.404965 52.215477 0.000000
vt  1.804965 52.215477 0.000000
vt  1.604965 52.215477 0.000000
vt  1.804965 53.215477 0.000000
vt  1.604965 53.215477 0.000000
vt  1.804965 53.215477 0.000000
vt  1.604965 52.215477 0.000000
vt  0.985785 0.599835 0.000000
vt  0.985785 0.622772 0.000000
vt  0.944041 0.599830 0.000000
vt  0.944099 0.622772 0.000000
vt  0.944034 0.578947 0.000000
vt  0.923983 0.572155 0.000000
vt  0.944041 0.599830 0.000000
vt  0.944041 0.599830 0.000000
vt  0.923983 0.572155 0.000000
vt  0.924006 0.606148 0.000000
vt  0.924006 0.606148 0.000000
vt  0.923983 0.572155 0.000000
vt  0.911645 0.589160 0.000000
vt  0.923983 0.572155 0.000000
vt  0.944034 0.578947 0.000000
vt  0.911645 0.589160 0.000000
vt  0.911645 0.589160 0.000000
vt  0.944034 0.578947 0.000000
vt  0.924006 0.606148 0.000000
vt  0.924006 0.606148 0.000000
vt  0.944034 0.578947 0.000000
vt  0.944041 0.599830 0.000000
vt  0.987413 0.453206 0.000000
vt  0.987441 0.468967 0.000000
vt  0.952014 0.453165 0.000000
vt  0.952048 0.468963 0.000000
vt  0.952014 0.453165 0.000000
vt  0.987441 0.468967 0.000000
vt  0.987413 0.434537 0.000000
vt  0.987413 0.453206 0.000000
vt  0.952004 0.434537 0.000000
vt  0.952014 0.453165 0.000000
vt  0.952004 0.434537 0.000000
vt  0.987413 0.453206 0.000000
vt  0.952010 0.484840 0.000000
vt  0.952048 0.468963 0.000000
vt  0.987469 0.484922 0.000000
vt  0.987441 0.468967 0.000000
vt  -0.119500 14.267971 0.000000
vt  -0.119500 14.393988 0.000000
vt  0.119508 14.267971 0.000000
vt  0.119508 14.393988 0.000000
vt  0.119508 14.267971 0.000000
vt  -0.119500 14.393988 0.000000
vt  0.987441 0.468967 0.000000
vt  0.987413 0.484968 0.000000
vt  0.952048 0.468963 0.000000
vt  0.952010 0.484840 0.000000
vt  0.952048 0.468963 0.000000
vt  0.987413 0.484968 0.000000
vt  0.937039 0.473898 0.000000
vt  0.952048 0.468963 0.000000
vt  0.927690 0.461122 0.000000
vt  0.927690 0.461122 0.000000
vt  0.952048 0.468963 0.000000
vt  0.936952 0.448284 0.000000
vt  0.936952 0.448284 0.000000
vt  0.952048 0.468963 0.000000
vt  0.952014 0.453165 0.000000
vt  0.952048 0.468963 0.000000
vt  0.937039 0.473898 0.000000
vt  0.952014 0.453165 0.000000
vt  0.952014 0.453165 0.000000
vt  0.937039 0.473898 0.000000
vt  0.936952 0.448284 0.000000
vt  0.936952 0.448284 0.000000
vt  0.937039 0.473898 0.000000
vt  0.927690 0.461122 0.000000
vt  0.952010 0.484840 0.000000
vt  0.987469 0.484922 0.000000
vt  0.951961 0.556220 0.000000
vt  0.987469 0.556297 0.000000
vt  0.951961 0.556220 0.000000
vt  0.987469 0.484922 0.000000
vt  0.952010 0.484840 0.000000
vt  0.933172 0.478952 0.000000
vt  0.951961 0.556220 0.000000
vt  0.933025 0.550345 0.000000
vt  0.951961 0.556220 0.000000
vt  0.933172 0.478952 0.000000
vt  0.952010 0.484840 0.000000
vt  0.987413 0.484968 0.000000
vt  0.951961 0.556220 0.000000
vt  0.987412 0.556343 0.000000
vt  0.951961 0.556220 0.000000
vt  0.987413 0.484968 0.000000
vt  0.933172 0.478952 0.000000
vt  0.952010 0.484840 0.000000
vt  0.933025 0.550345 0.000000
vt  0.951961 0.556220 0.000000
vt  0.933025 0.550345 0.000000
vt  0.952010 0.484840 0.000000
vt  0.882973 0.137040 0.000000
vt  0.881101 0.146516 0.000000
vt  0.912650 0.137046 0.000000
vt  0.914398 0.146403 0.000000
vt  0.912650 0.137046 0.000000
vt  0.881101 0.146516 0.000000
vt  0.920585 0.068199 0.000000
vt  0.874636 0.068456 0.000000
vt  0.920810 0.076518 0.000000
vt  0.874794 0.076702 0.000000
vt  0.920810 0.076518 0.000000
vt  0.874636 0.068456 0.000000
vt  0.939974 0.381957 0.000000
vt  0.986073 0.381974 0.000000
vt  0.939975 0.333317 0.000000
vt  0.986083 0.333317 0.000000
vt  0.939975 0.333317 0.000000
vt  0.986073 0.381974 0.000000
vt  0.921610 0.120747 0.000000
vt  0.935488 0.122207 0.000000
vt  0.920810 0.076518 0.000000
vt  0.935336 0.071671 0.000000
vt  0.920810 0.076518 0.000000
vt  0.935488 0.122207 0.000000
vt  0.873573 0.120709 0.000000
vt  0.921610 0.120747 0.000000
vt  0.874794 0.076702 0.000000
vt  0.920810 0.076518 0.000000
vt  0.874794 0.076702 0.000000
vt  0.921610 0.120747 0.000000
vt  0.860149 0.122111 0.000000
vt  0.873573 0.120709 0.000000
vt  0.859441 0.071562 0.000000
vt  0.874794 0.076702 0.000000
vt  0.859441 0.071562 0.000000
vt  0.873573 0.120709 0.000000
vt  0.873573 0.120709 0.000000
vt  0.860149 0.122111 0.000000
vt  0.870451 0.140757 0.000000
vt  0.858972 0.143067 0.000000
vt  0.870451 0.140757 0.000000
vt  0.860149 0.122111 0.000000
vt  0.921610 0.120747 0.000000
vt  0.873573 0.120709 0.000000
vt  0.912650 0.137046 0.000000
vt  0.882973 0.137040 0.000000
vt  0.912650 0.137046 0.000000
vt  0.873573 0.120709 0.000000
vt  0.935488 0.122207 0.000000
vt  0.921610 0.120747 0.000000
vt  0.935712 0.142779 0.000000
vt  0.926265 0.140554 0.000000
vt  0.935712 0.142779 0.000000
vt  0.921610 0.120747 0.000000
vt  0.986073 0.381974 0.000000
vt  0.939974 0.381957 0.000000
vt  0.979670 0.402340 0.000000
vt  0.946403 0.402371 0.000000
vt  0.979670 0.402340 0.000000
vt  0.939974 0.381957 0.000000
vt  0.926458 0.194174 0.000000
vt  0.886394 0.194198 0.000000
vt  0.926458 0.174088 0.000000
vt  0.886394 0.174112 0.000000
vt  0.886428 0.211848 0.000000
vt  0.926458 0.211848 0.000000
vt  0.886394 0.194174 0.000000
vt  0.926458 0.194198 0.000000
vt  0.868710 0.198300 0.000000
vt  0.868711 0.165498 0.000000
vt  0.886394 0.194174 0.000000
vt  0.886394 0.174088 0.000000
vt  0.886394 0.194174 0.000000
vt  0.868711 0.165498 0.000000
vt  0.926458 0.156463 0.000000
vt  0.886428 0.156463 0.000000
vt  0.926458 0.174112 0.000000
vt  0.886394 0.174088 0.000000
vt  0.926458 0.174112 0.000000
vt  0.886428 0.156463 0.000000
vt  0.868711 0.165498 0.000000
vt  0.868710 0.198300 0.000000
vt  0.886394 0.174088 0.000000
vt  0.886394 0.194174 0.000000
vt  0.886394 0.174088 0.000000
vt  0.868710 0.198300 0.000000
vt  -0.596606 63.427292 0.000000
vt  -1.596606 63.427292 0.000000
vt  -0.596606 62.427292 0.000000
vt  -1.596606 62.427292 0.000000
vt  -0.596606 62.427292 0.000000
vt  -1.596606 63.427292 0.000000
vt  0.325856 0.721646 0.000000
vt  0.325856 0.744790 0.000000
vt  0.397045 0.721646 0.000000
vt  0.397045 0.744790 0.000000
vt  -0.596606 62.427292 0.000000
vt  -1.596606 62.427292 0.000000
vt  -0.596606 62.427292 0.000000
vt  -1.596606 62.427292 0.000000
vt  0.397045 0.714234 0.000000
vt  0.325856 0.714234 0.000000
vt  0.397045 0.721646 0.000000
vt  0.325856 0.721646 0.000000
vt  -1.596606 63.427292 0.000000
vt  -0.596606 63.427292 0.000000
vt  -1.596606 63.427292 0.000000
vt  -0.596606 63.427292 0.000000
vt  0.325856 0.721646 0.000000
vt  0.397045 0.721646 0.000000
vt  0.325856 0.714234 0.000000
vt  0.397045 0.714234 0.000000
vt  0.397045 0.744790 0.000000
vt  0.397045 0.721646 0.000000
vt  0.325856 0.744790 0.000000
vt  0.325856 0.721646 0.000000
# 228 texture vertices

g Material__2
usemtl ig_mech_command_plane
f 1478/5501 1480/5503 1479/5502
f 1481/5504 1479/5502 1480/5503
f 1482/5505 1483/5507 1478/5506
f 1480/5508 1478/5506 1483/5507
f 1484/5509 1485/5511 1482/5510
f 1483/5512 1482/5514 1485/5513
f 1486/5515 1487/5517 1484/5516
f 1485/5518 1484/5520 1487/5519
f 1479/5521 1481/5523 1486/5522
f 1487/5524 1486/5522 1481/5523
f 1486/5525 1484/5527 1479/5526
f 1484/5528 1482/5530 1479/5529
f 1482/5531 1478/5533 1479/5532
f 1481/5534 1480/5536 1487/5535
f 1480/5537 1483/5539 1487/5538
f 1483/5540 1485/5542 1487/5541
f 1488/5543 1490/5545 1489/5544
f 1491/5546 1489/5548 1490/5547
f 1492/5549 1493/5551 1488/5550
f 1490/5552 1488/5554 1493/5553
f 1494/5555 1495/5557 1492/5556
f 1493/5558 1492/5556 1495/5557
f 1496/5559 1498/5561 1497/5560
f 1499/5562 1497/5564 1498/5563
f 1489/5565 1491/5567 1500/5566
f 1501/5568 1500/5570 1491/5569
f 1500/5571 1494/5573 1489/5572
f 1494/5574 1492/5576 1489/5575
f 1492/5577 1488/5579 1489/5578
f 1491/5580 1490/5582 1501/5581
f 1490/5583 1493/5585 1501/5584
f 1493/5586 1495/5588 1501/5587
f 1494/5589 1497/5591 1495/5590
f 1499/5592 1495/5594 1497/5593
f 1500/5595 1496/5597 1494/5596
f 1497/5598 1494/5600 1496/5599
f 1501/5601 1498/5603 1500/5602
f 1496/5604 1500/5606 1498/5605
f 1495/5607 1499/5609 1501/5608
f 1498/5610 1501/5612 1499/5611
f 1502/5613 1504/5615 1503/5614
f 1505/5616 1503/5618 1504/5617
f 1506/5619 1508/5621 1507/5620
f 1509/5622 1507/5624 1508/5623
f 1510/5625 1506/5627 1511/5626
f 1507/5628 1511/5630 1506/5629
f 1512/5631 1508/5633 1510/5632
f 1506/5634 1510/5636 1508/5635
f 1513/5637 1509/5639 1512/5638
f 1508/5640 1512/5642 1509/5641
f 1511/5643 1507/5645 1513/5644
f 1509/5646 1513/5648 1507/5647
f 1513/5649 1502/5651 1511/5650
f 1503/5652 1511/5654 1502/5653
f 1512/5655 1504/5657 1513/5656
f 1502/5658 1513/5660 1504/5659
f 1510/5661 1505/5663 1512/5662
f 1504/5664 1512/5666 1505/5665
f 1511/5667 1503/5669 1510/5668
f 1505/5670 1510/5672 1503/5671
f 1514/5673 1516/5675 1515/5674
f 1517/5676 1515/5674 1516/5675
f 1518/5677 1514/5679 1519/5678
f 1515/5680 1519/5678 1514/5679
f 1520/5681 1516/5683 1518/5682
f 1514/5684 1518/5686 1516/5685
f 1521/5687 1517/5689 1520/5688
f 1516/5690 1520/5692 1517/5691
f 1519/5693 1515/5695 1521/5694
f 1517/5696 1521/5698 1515/5697
f 1520/5699 1518/5701 1521/5700
f 1519/5702 1521/5704 1518/5703
f 1522/5705 1524/5707 1523/5706
f 1525/5708 1523/5706 1524/5707
f 1526/5709 1522/5711 1527/5710
f 1523/5712 1527/5710 1522/5711
f 1528/5713 1524/5715 1526/5714
f 1522/5716 1526/5714 1524/5715
f 1529/5717 1525/5719 1528/5718
f 1524/5720 1528/5718 1525/5719
f 1527/5721 1523/5723 1529/5722
f 1525/5724 1529/5722 1523/5723
f 1528/5725 1526/5727 1529/5726
f 1527/5728 1529/5726 1526/5727
# 84 faces

g
# object Material__2 to come ...
#
v  -1.410520 4.595192 -0.511321
v  -1.580780 4.765622 -0.511321
v  -1.410520 4.595192 0.034856
v  -1.580780 4.765622 0.034856
v  -1.195817 4.704453 -0.511321
v  -1.195817 4.704453 0.034856
v  -1.233384 4.942410 -0.511321
v  -1.233384 4.942410 0.034856
v  -1.471304 4.980214 -0.511321
v  -1.471304 4.980214 0.034856
v  -1.926205 3.801281 -0.461613
v  -1.980521 3.990704 -0.461613
v  -1.926206 3.801281 -0.014851
v  -1.980521 3.990704 -0.014852
v  -1.729271 3.794404 -0.461613
v  -1.729271 3.794404 -0.014851
v  -1.661874 3.979577 -0.461613
v  -1.661874 3.979577 -0.014851
v  -1.556689 4.768567 -0.461613
v  -1.401408 4.647248 -0.461613
v  -1.556689 4.768567 -0.014851
v  -1.401408 4.647248 -0.014851
v  -1.817155 4.100895 -0.461613
v  -1.817155 4.100895 -0.014851
v  -1.727453 2.707658 -0.074513
v  -1.605576 2.681756 -0.058709
v  -1.727453 2.707657 -0.401203
v  -1.605576 2.681756 -0.417007
v  -1.605576 3.420098 -0.486078
v  -1.605576 3.420098 0.010362
v  -1.727453 3.380867 -0.464181
v  -1.727453 3.380867 -0.011534
v  -1.605576 2.899834 -0.486078
v  -1.605576 2.899834 0.010362
v  -1.727453 2.906499 -0.464181
v  -1.727453 2.906499 -0.011534
v  -1.877738 3.022526 -0.027421
v  -1.877738 3.022526 -0.448295
v  -1.877737 3.232327 -0.027421
v  -1.877737 3.232327 -0.448295
v  -1.683385 2.933060 -0.027421
v  -1.683385 2.933060 -0.448295
v  -1.683385 3.275689 -0.027421
v  -1.683385 3.275689 -0.448295
v  -1.849083 3.197781 -0.098887
v  -1.849083 3.197781 -0.376829
v  -1.849083 4.045407 -0.098887
v  -1.849083 4.045407 -0.376829
v  -1.755455 3.197781 -0.098887
v  -1.755455 3.197781 -0.376829
v  -1.755455 4.045407 -0.098887
v  -1.755455 4.045407 -0.376829
# 52 vertices

vt  0.985785 0.578895 0.000000
vt  0.985785 0.599835 0.000000
vt  0.944034 0.578947 0.000000
vt  0.944041 0.599830 0.000000
vt  0.985785 0.562001 0.000000
vt  0.985785 0.578895 0.000000
vt  0.944099 0.562001 0.000000
vt  0.944034 0.578947 0.000000
vt  1.604965 52.215477 0.000000
vt  1.404965 52.215477 0.000000
vt  1.604965 53.215477 0.000000
vt  1.404965 53.215477 0.000000
vt  1.604965 53.215477 0.000000
vt  1.404965 52.215477 0.000000
vt  1.804965 52.215477 0.000000
vt  1.604965 52.215477 0.000000
vt  1.804965 53.215477 0.000000
vt  1.604965 53.215477 0.000000
vt  1.804965 53.215477 0.000000
vt  1.604965 52.215477 0.000000
vt  0.985785 0.599835 0.000000
vt  0.985785 0.622772 0.000000
vt  0.944041 0.599830 0.000000
vt  0.944099 0.622772 0.000000
vt  0.944034 0.578947 0.000000
vt  0.923983 0.572155 0.000000
vt  0.944041 0.599830 0.000000
vt  0.944041 0.599830 0.000000
vt  0.923983 0.572155 0.000000
vt  0.924006 0.606148 0.000000
vt  0.924006 0.606148 0.000000
vt  0.923983 0.572155 0.000000
vt  0.911645 0.589160 0.000000
vt  0.923983 0.572155 0.000000
vt  0.944034 0.578947 0.000000
vt  0.911645 0.589160 0.000000
vt  0.911645 0.589160 0.000000
vt  0.944034 0.578947 0.000000
vt  0.924006 0.606148 0.000000
vt  0.924006 0.606148 0.000000
vt  0.944034 0.578947 0.000000
vt  0.944041 0.599830 0.000000
vt  0.987413 0.453206 0.000000
vt  0.987441 0.468967 0.000000
vt  0.952014 0.453165 0.000000
vt  0.952048 0.468963 0.000000
vt  0.952014 0.453165 0.000000
vt  0.987441 0.468967 0.000000
vt  0.987413 0.434537 0.000000
vt  0.987413 0.453206 0.000000
vt  0.952004 0.434537 0.000000
vt  0.952014 0.453165 0.000000
vt  0.952004 0.434537 0.000000
vt  0.987413 0.453206 0.000000
vt  0.952010 0.484840 0.000000
vt  0.952048 0.468963 0.000000
vt  0.987469 0.484922 0.000000
vt  0.987441 0.468967 0.000000
vt  0.987469 0.484922 0.000000
vt  0.952048 0.468963 0.000000
vt  -0.119500 14.267971 0.000000
vt  -0.119500 14.393988 0.000000
vt  0.119508 14.267971 0.000000
vt  0.119508 14.393988 0.000000
vt  0.119508 14.267971 0.000000
vt  -0.119500 14.393988 0.000000
vt  0.987441 0.468967 0.000000
vt  0.987413 0.484968 0.000000
vt  0.952048 0.468963 0.000000
vt  0.952010 0.484840 0.000000
vt  0.952048 0.468963 0.000000
vt  0.987413 0.484968 0.000000
vt  0.937039 0.473898 0.000000
vt  0.952048 0.468963 0.000000
vt  0.927690 0.461122 0.000000
vt  0.927690 0.461122 0.000000
vt  0.952048 0.468963 0.000000
vt  0.936952 0.448284 0.000000
vt  0.936952 0.448284 0.000000
vt  0.952048 0.468963 0.000000
vt  0.952014 0.453165 0.000000
vt  0.952048 0.468963 0.000000
vt  0.937039 0.473898 0.000000
vt  0.952014 0.453165 0.000000
vt  0.952014 0.453165 0.000000
vt  0.937039 0.473898 0.000000
vt  0.936952 0.448284 0.000000
vt  0.936952 0.448284 0.000000
vt  0.937039 0.473898 0.000000
vt  0.927690 0.461122 0.000000
vt  0.952010 0.484840 0.000000
vt  0.987469 0.484922 0.000000
vt  0.951961 0.556220 0.000000
vt  0.987469 0.556297 0.000000
vt  0.951961 0.556220 0.000000
vt  0.987469 0.484922 0.000000
vt  0.952010 0.484840 0.000000
vt  0.933172 0.478952 0.000000
vt  0.951961 0.556220 0.000000
vt  0.933025 0.550345 0.000000
vt  0.951961 0.556220 0.000000
vt  0.933172 0.478952 0.000000
vt  0.952010 0.484840 0.000000
vt  0.987413 0.484968 0.000000
vt  0.951961 0.556220 0.000000
vt  0.987412 0.556343 0.000000
vt  0.951961 0.556220 0.000000
vt  0.987413 0.484968 0.000000
vt  0.933172 0.478952 0.000000
vt  0.952010 0.484840 0.000000
vt  0.933025 0.550345 0.000000
vt  0.951961 0.556220 0.000000
vt  0.933025 0.550345 0.000000
vt  0.952010 0.484840 0.000000
vt  0.882973 0.137040 0.000000
vt  0.881101 0.146516 0.000000
vt  0.912650 0.137046 0.000000
vt  0.914398 0.146403 0.000000
vt  0.912650 0.137046 0.000000
vt  0.881101 0.146516 0.000000
vt  0.920585 0.068199 0.000000
vt  0.874636 0.068456 0.000000
vt  0.920810 0.076518 0.000000
vt  0.874794 0.076702 0.000000
vt  0.920810 0.076518 0.000000
vt  0.874636 0.068456 0.000000
vt  0.939974 0.381957 0.000000
vt  0.986073 0.381974 0.000000
vt  0.939975 0.333317 0.000000
vt  0.986083 0.333317 0.000000
vt  0.921610 0.120747 0.000000
vt  0.935488 0.122207 0.000000
vt  0.920810 0.076518 0.000000
vt  0.935336 0.071671 0.000000
vt  0.920810 0.076518 0.000000
vt  0.935488 0.122207 0.000000
vt  0.873573 0.120709 0.000000
vt  0.921610 0.120747 0.000000
vt  0.874794 0.076702 0.000000
vt  0.920810 0.076518 0.000000
vt  0.860149 0.122111 0.000000
vt  0.873573 0.120709 0.000000
vt  0.859441 0.071562 0.000000
vt  0.874794 0.076702 0.000000
vt  0.859441 0.071562 0.000000
vt  0.873573 0.120709 0.000000
vt  0.873573 0.120709 0.000000
vt  0.860149 0.122111 0.000000
vt  0.870451 0.140757 0.000000
vt  0.858972 0.143067 0.000000
vt  0.870451 0.140757 0.000000
vt  0.860149 0.122111 0.000000
vt  0.921610 0.120747 0.000000
vt  0.873573 0.120709 0.000000
vt  0.912650 0.137046 0.000000
vt  0.882973 0.137040 0.000000
vt  0.912650 0.137046 0.000000
vt  0.873573 0.120709 0.000000
vt  0.935488 0.122207 0.000000
vt  0.921610 0.120747 0.000000
vt  0.935712 0.142779 0.000000
vt  0.926265 0.140554 0.000000
vt  0.935712 0.142779 0.000000
vt  0.921610 0.120747 0.000000
vt  0.986073 0.381974 0.000000
vt  0.939974 0.381957 0.000000
vt  0.979670 0.402340 0.000000
vt  0.946403 0.402371 0.000000
vt  0.979670 0.402340 0.000000
vt  0.939974 0.381957 0.000000
vt  0.926458 0.194174 0.000000
vt  0.886394 0.194198 0.000000
vt  0.926458 0.174088 0.000000
vt  0.886394 0.174112 0.000000
vt  0.886428 0.211848 0.000000
vt  0.926458 0.211848 0.000000
vt  0.886394 0.194174 0.000000
vt  0.926458 0.194198 0.000000
vt  0.868710 0.198300 0.000000
vt  0.868711 0.165498 0.000000
vt  0.886394 0.194174 0.000000
vt  0.886394 0.174088 0.000000
vt  0.886394 0.194174 0.000000
vt  0.868711 0.165498 0.000000
vt  0.926458 0.156463 0.000000
vt  0.886428 0.156463 0.000000
vt  0.926458 0.174112 0.000000
vt  0.886394 0.174088 0.000000
vt  0.868711 0.165498 0.000000
vt  0.868710 0.198300 0.000000
vt  0.886394 0.174088 0.000000
vt  0.886394 0.194174 0.000000
vt  0.886394 0.174088 0.000000
vt  0.868710 0.198300 0.000000
vt  -0.596606 63.427292 0.000000
vt  -1.596606 63.427292 0.000000
vt  -0.596606 62.427292 0.000000
vt  -1.596606 62.427292 0.000000
vt  0.325856 0.721646 0.000000
vt  0.325856 0.744790 0.000000
vt  0.397045 0.721646 0.000000
vt  0.397045 0.744790 0.000000
vt  -0.596606 62.427292 0.000000
vt  -1.596606 62.427292 0.000000
vt  -0.596606 62.427292 0.000000
vt  -1.596606 62.427292 0.000000
vt  0.397045 0.714234 0.000000
vt  0.325856 0.714234 0.000000
vt  0.397045 0.721646 0.000000
vt  0.325856 0.721646 0.000000
vt  -1.596606 63.427292 0.000000
vt  -0.596606 63.427292 0.000000
vt  -1.596606 63.427292 0.000000
vt  -0.596606 63.427292 0.000000
vt  0.325856 0.721646 0.000000
vt  0.397045 0.721646 0.000000
vt  0.325856 0.714234 0.000000
vt  0.397045 0.714234 0.000000
vt  0.397045 0.744790 0.000000
vt  0.397045 0.721646 0.000000
vt  0.325856 0.744790 0.000000
vt  0.325856 0.721646 0.000000
# 222 texture vertices

g Material__2
usemtl ig_mech_command_plane
f 1530/5729 1532/5731 1531/5730
f 1533/5732 1531/5730 1532/5731
f 1534/5733 1535/5735 1530/5734
f 1532/5736 1530/5734 1535/5735
f 1536/5737 1537/5739 1534/5738
f 1535/5740 1534/5742 1537/5741
f 1538/5743 1539/5745 1536/5744
f 1537/5746 1536/5748 1539/5747
f 1531/5749 1533/5751 1538/5750
f 1539/5752 1538/5750 1533/5751
f 1538/5753 1536/5755 1531/5754
f 1536/5756 1534/5758 1531/5757
f 1534/5759 1530/5761 1531/5760
f 1533/5762 1532/5764 1539/5763
f 1532/5765 1535/5767 1539/5766
f 1535/5768 1537/5770 1539/5769
f 1540/5771 1542/5773 1541/5772
f 1543/5774 1541/5776 1542/5775
f 1544/5777 1545/5779 1540/5778
f 1542/5780 1540/5782 1545/5781
f 1546/5783 1547/5785 1544/5784
f 1545/5786 1544/5788 1547/5787
f 1548/5789 1550/5791 1549/5790
f 1551/5792 1549/5794 1550/5793
f 1541/5795 1543/5797 1552/5796
f 1553/5798 1552/5800 1543/5799
f 1552/5801 1546/5803 1541/5802
f 1546/5804 1544/5806 1541/5805
f 1544/5807 1540/5809 1541/5808
f 1543/5810 1542/5812 1553/5811
f 1542/5813 1545/5815 1553/5814
f 1545/5816 1547/5818 1553/5817
f 1546/5819 1549/5821 1547/5820
f 1551/5822 1547/5824 1549/5823
f 1552/5825 1548/5827 1546/5826
f 1549/5828 1546/5830 1548/5829
f 1553/5831 1550/5833 1552/5832
f 1548/5834 1552/5836 1550/5835
f 1547/5837 1551/5839 1553/5838
f 1550/5840 1553/5842 1551/5841
f 1554/5843 1556/5845 1555/5844
f 1557/5846 1555/5848 1556/5847
f 1558/5849 1560/5851 1559/5850
f 1561/5852 1559/5854 1560/5853
f 1562/5855 1558/5857 1563/5856
f 1559/5858 1563/5856 1558/5857
f 1564/5859 1560/5861 1562/5860
f 1558/5862 1562/5864 1560/5863
f 1565/5865 1561/5867 1564/5866
f 1560/5868 1564/5866 1561/5867
f 1563/5869 1559/5871 1565/5870
f 1561/5872 1565/5874 1559/5873
f 1565/5875 1554/5877 1563/5876
f 1555/5878 1563/5880 1554/5879
f 1564/5881 1556/5883 1565/5882
f 1554/5884 1565/5886 1556/5885
f 1562/5887 1557/5889 1564/5888
f 1556/5890 1564/5892 1557/5891
f 1563/5893 1555/5895 1562/5894
f 1557/5896 1562/5898 1555/5897
f 1566/5899 1568/5901 1567/5900
f 1569/5902 1567/5900 1568/5901
f 1570/5903 1566/5905 1571/5904
f 1567/5906 1571/5904 1566/5905
f 1572/5907 1568/5909 1570/5908
f 1566/5910 1570/5912 1568/5911
f 1573/5913 1569/5915 1572/5914
f 1568/5916 1572/5914 1569/5915
f 1571/5917 1567/5919 1573/5918
f 1569/5920 1573/5922 1567/5921
f 1572/5923 1570/5925 1573/5924
f 1571/5926 1573/5924 1570/5925
f 1574/5927 1576/5929 1575/5928
f 1577/5930 1575/5928 1576/5929
f 1578/5931 1574/5933 1579/5932
f 1575/5934 1579/5932 1574/5933
f 1580/5935 1576/5937 1578/5936
f 1574/5938 1578/5936 1576/5937
f 1581/5939 1577/5941 1580/5940
f 1576/5942 1580/5940 1577/5941
f 1579/5943 1575/5945 1581/5944
f 1577/5946 1581/5944 1575/5945
f 1580/5947 1578/5949 1581/5948
f 1579/5950 1581/5948 1578/5949
# 84 faces

g
# object Material__2 to come ...
#
v  3.043026 5.056481 0.687636
v  3.043026 5.582973 0.683244
v  3.708166 5.658437 0.682615
v  3.118120 5.658437 0.682615
v  4.105314 3.701316 0.698940
v  3.935314 3.531322 0.700358
v  3.935315 3.537562 1.448320
v  4.105314 3.707555 1.446902
v  2.890972 3.531322 0.700358
v  2.720972 3.701316 0.698940
v  2.720972 3.707555 1.446902
v  2.890972 3.537561 1.448321
v  4.105314 3.687747 0.633789
v  2.720972 3.687746 0.633790
v  3.855314 5.270133 -0.179751
v  2.970972 5.270132 -0.179751
v  4.105314 5.020141 -0.177666
v  2.720971 4.091927 -0.169921
v  2.720971 5.020140 -0.177665
v  4.105314 4.091928 -0.169923
v  4.105313 4.097178 0.459550
v  4.105314 5.025392 0.451807
v  2.720971 4.097178 0.459550
v  2.720971 5.025391 0.451807
v  2.970971 5.275383 0.449722
v  3.043026 5.573316 -0.474276
v  3.043026 5.196821 -0.471135
v  3.118119 5.648781 -0.474905
v  3.783259 5.196821 -0.471135
v  3.783259 5.573317 -0.474276
v  3.708166 5.648782 -0.474905
v  3.783259 5.048078 -0.319889
v  3.783258 5.056481 0.687635
v  3.783258 5.582972 0.683244
v  3.043026 5.048078 -0.319890
v  4.105314 5.027361 0.687878
v  3.855314 5.277352 0.685793
v  3.855314 5.275383 0.449721
v  4.105315 5.033600 1.435840
v  2.720972 5.027361 0.687879
v  2.720972 5.033600 1.435841
v  2.970972 5.277352 0.685794
v  2.970972 5.283591 1.433756
v  3.855315 5.283591 1.433756
v  3.750618 5.138037 2.389018
v  3.856094 5.138038 2.389018
v  3.856094 5.086758 2.616444
v  3.476694 5.086758 2.616444
v  2.971751 4.977510 3.100954
v  3.750619 5.215719 2.044499
v  3.476694 5.009077 2.960962
v  3.856094 4.977511 3.100954
v  3.856094 5.009077 2.960962
v  2.971751 5.307889 1.635721
v  3.856095 5.307889 1.635721
v  3.856094 5.215719 2.044499
v  4.106094 4.770832 2.907451
v  4.106094 4.727515 3.099559
v  4.106095 4.977473 1.990988
v  4.106094 4.899792 2.335506
v  4.106095 3.731822 1.626924
v  4.106095 4.802864 1.951770
v  4.106095 5.057893 1.634325
v  4.106094 4.572053 2.500838
v  4.106094 3.726202 2.633962
v  4.106093 4.183628 3.096523
v  4.106093 4.494658 2.845420
v  3.631652 3.665012 2.429906
v  3.193222 3.665013 2.429906
v  3.631652 3.656657 1.428293
v  3.193222 3.656658 1.428293
v  3.631652 3.295075 1.537279
v  3.631651 3.302146 2.384942
v  3.193221 3.295076 1.537279
v  3.193221 3.302146 2.384941
v  4.106094 4.848513 2.562933
v  2.721751 4.183628 3.096523
v  2.721752 3.726202 2.633963
v  3.936095 3.557154 2.463016
v  2.891751 3.557154 2.463017
v  3.936096 3.561825 1.625975
v  2.891751 3.561825 1.625976
v  2.721751 4.727515 3.099558
v  2.721751 5.057892 1.634326
v  2.721751 3.731822 1.626925
v  4.106095 4.725468 2.296352
v  4.386061 4.498003 -0.212674
v  4.401024 4.481948 -0.206582
v  4.408151 4.555478 -0.204358
v  4.406336 4.458202 -0.154353
v  4.315575 4.417438 -0.190149
v  4.332728 4.451274 -0.233518
v  4.224813 4.457599 -0.226621
v  4.264433 4.481494 -0.260962
v  4.187220 4.555161 -0.242403
v  4.236144 4.554907 -0.272837
v  4.224813 4.652972 -0.228251
v  4.264433 4.628508 -0.262188
v  4.315575 4.693737 -0.192454
v  4.332728 4.659182 -0.235252
v  4.406336 4.653575 -0.155983
v  4.401024 4.628961 -0.207808
v  4.443930 4.556013 -0.140200
v  4.429312 4.555548 -0.195933
v  4.386061 4.612806 -0.213631
v  4.285222 4.556223 -0.115067
v  4.332728 4.474051 -0.233708
v  4.279397 4.497649 -0.255139
v  4.257306 4.554977 -0.264412
v  4.279397 4.612452 -0.256096
v  4.332728 4.636405 -0.235062
v  4.099938 4.368190 0.461666
v  4.099938 4.754453 0.458444
v  4.099938 4.370831 0.778219
v  4.099938 4.757093 0.774997
v  4.326401 4.658571 0.775819
v  4.227875 4.757093 0.774997
v  4.326401 4.655931 0.459266
v  4.227875 4.754453 0.458444
v  4.326401 4.469353 0.777397
v  4.326401 4.466712 0.460844
v  4.227875 4.370831 0.778219
v  4.227876 4.368190 0.461666
v  3.621809 4.114073 -1.621767
v  3.412114 4.327674 -1.154371
v  3.412115 4.027218 -1.621042
v  4.280938 4.460829 0.160599
v  4.190177 4.420064 0.124802
v  4.099416 4.460226 0.088331
v  4.061822 4.557788 0.072549
v  4.099416 4.655600 0.086701
v  4.190177 4.696364 0.122497
v  4.280938 4.656202 0.158969
v  4.318533 4.558640 0.174751
v  4.436751 4.704785 0.458858
v  4.286751 4.854780 0.457607
v  4.436750 4.701402 0.053227
v  4.286751 4.263331 0.056881
v  4.436751 4.413325 0.055630
v  4.091973 4.263331 0.056881
v  4.091973 4.851396 0.051976
v  4.286751 4.851396 0.051976
v  4.286751 4.857369 0.767989
v  4.436751 4.707374 0.769240
v  4.286751 4.861372 1.247887
v  4.436750 4.710417 1.133951
v  4.286752 4.273306 1.252793
v  4.436750 4.422340 1.136354
v  4.286751 4.269303 0.772894
v  4.436751 4.419298 0.771643
v  4.091973 4.857369 0.767989
v  4.091973 4.862619 1.397461
v  4.091973 4.269303 0.772894
v  4.091973 4.274554 1.402366
v  4.286751 4.266715 0.462512
v  4.091973 4.266715 0.462512
v  4.091973 4.854780 0.457607
v  4.436751 4.416709 0.461261
v  3.700236 4.618409 -0.842282
v  3.123993 4.042186 -0.837475
v  3.700236 4.042186 -0.837475
v  3.123993 4.618408 -0.842282
v  3.004649 4.330297 -0.839878
v  3.412115 4.737748 -0.843277
v  3.819580 4.330297 -0.839878
v  3.412115 4.911271 -0.067037
v  3.733398 5.232544 -0.069717
v  3.639296 5.005370 -0.067822
v  3.090832 5.232544 -0.069717
v  3.412115 5.553815 -0.072398
v  3.639297 5.459717 -0.071613
v  3.184933 5.459717 -0.071613
v  3.184933 5.005370 -0.067822
v  3.412115 3.922846 -0.836479
v  3.204121 3.904392 3.237161
v  3.085659 4.022850 3.236173
v  3.085659 4.459994 3.232526
v  4.009824 3.812483 1.633554
v  4.009824 3.810918 1.446040
v  3.839824 3.642488 1.634972
v  3.839824 3.640924 1.447458
v  2.981052 3.642488 1.634972
v  2.981051 3.640924 1.447458
v  2.811051 3.812482 1.633554
v  2.811051 3.810918 1.446040
v  3.174711 5.613052 0.682994
v  3.174711 5.734808 1.805414
v  3.114711 5.552755 0.683497
v  3.114711 5.670280 1.805952
v  3.646164 5.734809 1.805414
v  3.646164 5.613052 0.682994
v  3.706164 5.670280 1.805952
v  3.706163 5.552754 0.683497
v  3.646164 5.310156 2.550137
v  3.706165 5.240757 2.550716
v  3.174711 5.310156 2.550137
v  3.114712 5.240757 2.550715
v  3.958766 3.864969 2.322079
v  3.958766 4.603003 2.315923
v  3.758766 3.664976 2.323747
v  3.760719 4.801042 2.314271
v  3.060156 4.801042 2.314271
v  2.862111 4.603002 2.315923
v  2.862111 3.864969 2.322080
v  3.820059 3.966687 3.339503
v  3.735218 4.022850 3.236172
v  3.820059 4.518024 3.334905
v  3.616756 3.904392 3.237160
v  3.670652 3.817285 3.340749
v  3.150225 3.817285 3.340749
v  3.000819 3.966687 3.339504
v  3.000818 4.518023 3.334905
v  3.202963 4.577294 3.231547
v  3.148766 4.665967 3.333671
v  3.617913 4.577294 3.231548
v  3.672111 4.665966 3.333671
v  3.735218 4.459994 3.232525
v  3.184933 5.453141 -0.859959
v  3.090831 5.225967 -0.858063
v  3.184933 4.998794 -0.856169
v  3.412115 4.904695 -0.855384
v  3.639296 4.998794 -0.856168
v  3.583063 5.054126 -0.964478
v  3.653872 5.225068 -0.965904
v  3.733398 5.225968 -0.858063
v  3.583063 5.396010 -0.967330
v  3.639296 5.453142 -0.859959
v  3.412115 5.466817 -0.967920
v  3.412115 5.547239 -0.860744
v  3.241166 5.396009 -0.967330
v  3.170357 5.225067 -0.965904
v  3.062110 3.664976 2.323748
v  3.793336 5.154465 1.622360
v  4.009825 4.937984 1.624165
v  3.027539 5.154464 1.622360
v  2.811051 4.937984 1.624166
v  3.114712 5.141454 1.810364
v  3.114712 5.035401 2.552428
v  3.706164 5.141455 1.810363
v  3.706164 5.035401 2.552428
v  3.114711 5.132084 0.687006
v  3.706163 5.132083 0.687005
v  3.958766 4.611495 3.334125
v  3.760720 4.809535 3.332473
v  3.958766 3.873463 3.340281
v  3.062111 3.673469 3.341949
v  3.758766 3.673470 3.341949
v  2.862110 4.611495 3.334125
v  2.862111 3.873462 3.340281
v  3.060157 4.809534 3.332473
v  4.009824 4.936419 1.436651
v  3.793336 5.152901 1.434846
v  3.027539 5.152900 1.434846
v  2.811051 4.936420 1.436652
v  3.916794 4.330579 -0.806162
v  3.916794 4.325174 -1.454118
v  3.768977 3.973728 -0.803185
v  3.768977 3.968324 -1.451141
v  3.768977 4.687428 -0.809139
v  3.768977 4.682024 -1.457095
v  3.412115 4.835240 -0.810371
v  3.412115 4.829836 -1.458327
v  3.055252 4.687428 -0.809138
v  3.055252 4.682023 -1.457094
v  2.907435 4.330578 -0.806162
v  2.907435 4.325173 -1.454118
v  3.055252 3.973728 -0.803185
v  3.055252 3.968323 -1.451141
v  3.412115 3.825916 -0.801952
v  3.412115 3.820511 -1.449908
v  3.791873 4.323761 -1.623516
v  3.680645 4.055240 -1.621276
v  3.817315 3.928288 -0.455736
v  3.700236 4.043794 -0.644755
v  3.412115 3.760455 -0.454335
v  3.412115 3.924453 -0.643760
v  3.123993 4.043793 -0.644755
v  3.004649 4.331904 -0.647158
v  3.123994 4.620016 -0.649562
v  3.412115 4.739356 -0.650557
v  3.700236 4.620016 -0.649562
v  3.819581 4.331905 -0.647158
v  3.621809 4.533448 -1.625265
v  3.680644 4.592281 -1.625756
v  3.412115 4.620303 -1.625990
v  3.143585 4.592280 -1.625755
v  3.202420 4.533447 -1.625265
v  3.412115 4.703506 -1.626683
v  3.032356 4.323760 -1.623516
v  3.115561 4.323760 -1.623516
v  3.143585 4.055239 -1.621275
v  3.202420 4.114073 -1.621767
v  3.412115 3.944016 -1.620348
v  3.708667 4.323761 -1.623516
v  3.241166 5.054125 -0.964478
v  3.278621 5.091579 -0.964790
v  3.412115 5.036286 -0.964329
v  3.412115 4.983319 -0.963888
v  3.545608 5.091579 -0.964790
v  3.600902 5.225068 -0.965904
v  3.412115 5.227559 -0.667242
v  3.545608 5.358557 -0.967018
v  3.412115 5.413850 -0.967479
v  3.278621 5.358556 -0.967018
v  3.223326 5.225067 -0.965904
v  3.006916 3.928288 -0.455735
v  3.006915 3.937938 0.701139
v  3.412115 3.770104 0.702539
v  2.839076 4.333473 -0.459115
v  2.839076 4.343123 0.697759
v  3.006915 4.738658 -0.462495
v  3.006915 4.748309 0.694380
v  3.412115 4.906492 -0.463895
v  3.817315 4.738659 -0.462495
v  3.985154 4.333473 -0.459115
v  3.412115 4.916142 0.692979
v  3.817315 4.748308 0.694379
v  3.985154 4.343123 0.697759
v  3.817315 3.937938 0.701139
# 319 vertices

vt  0.336903 0.372634 0.000000
vt  0.336903 0.426426 0.000000
vt  0.268949 0.434136 0.000000
vt  0.336903 0.426426 0.000000
vt  0.329231 0.434136 0.000000
vt  0.268949 0.434136 0.000000
vt  0.134719 0.562472 0.000000
vt  0.117997 0.562472 0.000000
vt  0.117997 0.636046 0.000000
vt  0.117997 0.636046 0.000000
vt  0.134719 0.636046 0.000000
vt  0.134719 0.562472 0.000000
vt  0.668459 0.561772 0.000000
vt  0.651737 0.561772 0.000000
vt  0.651737 0.635346 0.000000
vt  0.651737 0.635346 0.000000
vt  0.668459 0.635346 0.000000
vt  0.668459 0.561772 0.000000
vt  0.133438 0.556052 0.000000
vt  0.117997 0.562472 0.000000
vt  0.134719 0.562472 0.000000
vt  0.653018 0.555353 0.000000
vt  0.651737 0.561772 0.000000
vt  0.668459 0.561772 0.000000
vt  0.432730 0.381953 0.000000
vt  0.358017 0.381953 0.000000
vt  0.453850 0.360832 0.000000
vt  0.358017 0.381953 0.000000
vt  0.336896 0.282411 0.000000
vt  0.453850 0.360832 0.000000
vt  0.358017 0.381953 0.000000
vt  0.336896 0.360832 0.000000
vt  0.336896 0.282411 0.000000
vt  0.336896 0.282411 0.000000
vt  0.453850 0.282410 0.000000
vt  0.453850 0.360832 0.000000
vt  0.265156 0.477332 0.000000
vt  0.173852 0.477332 0.000000
vt  0.173852 0.539250 0.000000
vt  0.173852 0.539250 0.000000
vt  0.265156 0.539250 0.000000
vt  0.265156 0.477332 0.000000
vt  0.453850 0.282410 0.000000
vt  0.336896 0.282411 0.000000
vt  0.336896 0.282411 0.000000
vt  0.336896 0.282411 0.000000
vt  0.453850 0.282410 0.000000
vt  0.453850 0.282410 0.000000
vt  0.612604 0.476632 0.000000
vt  0.521299 0.476632 0.000000
vt  0.521299 0.538551 0.000000
vt  0.521299 0.538551 0.000000
vt  0.612604 0.538551 0.000000
vt  0.612604 0.476632 0.000000
vt  0.521299 0.476632 0.000000
vt  0.496708 0.476632 0.000000
vt  0.496708 0.538551 0.000000
vt  0.364105 0.407774 0.000000
vt  0.364105 0.375965 0.000000
vt  0.370449 0.414149 0.000000
vt  0.364105 0.375965 0.000000
vt  0.426642 0.375965 0.000000
vt  0.370449 0.414149 0.000000
vt  0.426642 0.375965 0.000000
vt  0.426642 0.407773 0.000000
vt  0.370449 0.414149 0.000000
vt  0.426642 0.407773 0.000000
vt  0.420298 0.414149 0.000000
vt  0.370449 0.414149 0.000000
vt  0.282775 0.448611 0.000000
vt  0.268021 0.463365 0.000000
vt  0.319810 0.448611 0.000000
vt  0.268021 0.463365 0.000000
vt  0.268021 0.562472 0.000000
vt  0.319810 0.448611 0.000000
vt  0.268021 0.562472 0.000000
vt  0.319810 0.562472 0.000000
vt  0.319810 0.448611 0.000000
vt  0.426642 0.363292 0.000000
vt  0.364105 0.363292 0.000000
vt  0.364105 0.363292 0.000000
vt  0.364105 0.363292 0.000000
vt  0.426642 0.363292 0.000000
vt  0.426642 0.363292 0.000000
vt  0.466646 0.447912 0.000000
vt  0.466646 0.561772 0.000000
vt  0.503680 0.447912 0.000000
vt  0.466646 0.561772 0.000000
vt  0.518435 0.561772 0.000000
vt  0.503680 0.447912 0.000000
vt  0.518435 0.561772 0.000000
vt  0.518435 0.462666 0.000000
vt  0.503680 0.447912 0.000000
vt  0.466646 0.447912 0.000000
vt  0.459223 0.447912 0.000000
vt  0.459223 0.561772 0.000000
vt  0.459223 0.561772 0.000000
vt  0.466646 0.561772 0.000000
vt  0.466646 0.447912 0.000000
vt  0.426620 0.424359 0.000000
vt  0.364733 0.424359 0.000000
vt  0.364733 0.545769 0.000000
vt  0.364733 0.545769 0.000000
vt  0.426620 0.545769 0.000000
vt  0.426620 0.424359 0.000000
vt  0.327233 0.448611 0.000000
vt  0.319810 0.448611 0.000000
vt  0.319810 0.562472 0.000000
vt  0.319810 0.562472 0.000000
vt  0.327233 0.562472 0.000000
vt  0.327233 0.448611 0.000000
vt  0.261277 0.426426 0.000000
vt  0.261276 0.372635 0.000000
vt  0.268949 0.434136 0.000000
vt  0.261276 0.372635 0.000000
vt  0.336903 0.372634 0.000000
vt  0.268949 0.434136 0.000000
vt  0.265156 0.562472 0.000000
vt  0.289747 0.562472 0.000000
vt  0.289747 0.539250 0.000000
vt  0.265156 0.562472 0.000000
vt  0.134719 0.562472 0.000000
vt  0.134719 0.636046 0.000000
vt  0.134719 0.636046 0.000000
vt  0.265156 0.636046 0.000000
vt  0.265156 0.562472 0.000000
vt  0.677575 0.566678 0.000000
vt  0.771317 0.566678 0.000000
vt  0.771317 0.633819 0.000000
vt  0.771317 0.633819 0.000000
vt  0.677575 0.633819 0.000000
vt  0.677575 0.566678 0.000000
vt  0.651737 0.561772 0.000000
vt  0.521299 0.561772 0.000000
vt  0.521299 0.635346 0.000000
vt  0.521299 0.635346 0.000000
vt  0.651737 0.635346 0.000000
vt  0.651737 0.561772 0.000000
vt  0.521299 0.561772 0.000000
vt  0.496708 0.561772 0.000000
vt  0.496708 0.635346 0.000000
vt  0.496708 0.635346 0.000000
vt  0.521299 0.635346 0.000000
vt  0.521299 0.561772 0.000000
vt  0.442053 0.545769 0.000000
vt  0.349300 0.545769 0.000000
vt  0.349300 0.624221 0.000000
vt  0.349300 0.624221 0.000000
vt  0.442053 0.624221 0.000000
vt  0.442053 0.545769 0.000000
vt  0.289747 0.562472 0.000000
vt  0.265156 0.562472 0.000000
vt  0.265156 0.636046 0.000000
vt  0.265156 0.636046 0.000000
vt  0.289747 0.636046 0.000000
vt  0.289747 0.562472 0.000000
vt  0.086999 0.516525 0.000000
vt  0.098228 0.527754 0.000000
vt  0.018014 0.516525 0.000000
vt  0.023299 0.631864 0.000000
vt  0.098228 0.615350 0.000000
vt  0.081715 0.631864 0.000000
vt  0.006785 0.615350 0.000000
vt  0.006785 0.527755 0.000000
vt  0.496708 0.538551 0.000000
vt  0.521299 0.538551 0.000000
vt  0.521299 0.476632 0.000000
vt  0.442053 0.454984 0.000000
vt  0.349300 0.454984 0.000000
vt  0.349300 0.521008 0.000000
vt  0.349300 0.521008 0.000000
vt  0.442053 0.521008 0.000000
vt  0.442053 0.454984 0.000000
vt  0.289747 0.477332 0.000000
vt  0.265156 0.477332 0.000000
vt  0.265156 0.539250 0.000000
vt  0.265156 0.539250 0.000000
vt  0.289747 0.539250 0.000000
vt  0.289747 0.477332 0.000000
vt  0.265156 0.562472 0.000000
vt  0.265156 0.539250 0.000000
vt  0.134719 0.562472 0.000000
vt  0.265156 0.539250 0.000000
vt  0.173852 0.539250 0.000000
vt  0.134719 0.562472 0.000000
vt  0.173852 0.539250 0.000000
vt  0.133438 0.556052 0.000000
vt  0.134719 0.562472 0.000000
vt  0.439488 0.234437 0.000000
vt  0.453850 0.247698 0.000000
vt  0.351258 0.234437 0.000000
vt  0.453850 0.247698 0.000000
vt  0.453850 0.282410 0.000000
vt  0.351258 0.234437 0.000000
vt  0.453850 0.282410 0.000000
vt  0.336896 0.282411 0.000000
vt  0.351258 0.234437 0.000000
vt  0.336896 0.282411 0.000000
vt  0.336896 0.247699 0.000000
vt  0.351258 0.234437 0.000000
vt  0.651737 0.561772 0.000000
vt  0.653018 0.555353 0.000000
vt  0.521299 0.561772 0.000000
vt  0.653018 0.555353 0.000000
vt  0.612604 0.538551 0.000000
vt  0.521299 0.561772 0.000000
vt  0.612604 0.538551 0.000000
vt  0.521299 0.538551 0.000000
vt  0.521299 0.561772 0.000000
vt  0.521299 0.538551 0.000000
vt  0.496708 0.538551 0.000000
vt  0.496708 0.561772 0.000000
vt  0.496708 0.561772 0.000000
vt  0.521299 0.561772 0.000000
vt  0.521299 0.538551 0.000000
vt  0.442053 0.521008 0.000000
vt  0.349300 0.521008 0.000000
vt  0.349300 0.545769 0.000000
vt  0.349300 0.545769 0.000000
vt  0.442053 0.545769 0.000000
vt  0.442053 0.521008 0.000000
vt  0.289747 0.539250 0.000000
vt  0.265156 0.539250 0.000000
vt  0.265156 0.562472 0.000000
vt  0.360362 0.723397 0.000000
vt  0.349300 0.723397 0.000000
vt  0.349300 0.747280 0.000000
vt  0.389093 0.747280 0.000000
vt  0.442053 0.798161 0.000000
vt  0.360362 0.687218 0.000000
vt  0.389093 0.783460 0.000000
vt  0.349300 0.798161 0.000000
vt  0.349300 0.783460 0.000000
vt  0.442053 0.644290 0.000000
vt  0.349300 0.644290 0.000000
vt  0.349300 0.687218 0.000000
vt  0.237620 0.780250 0.000000
vt  0.233464 0.799170 0.000000
vt  0.258055 0.799170 0.000000
vt  0.258055 0.799170 0.000000
vt  0.261083 0.785383 0.000000
vt  0.237620 0.780250 0.000000
vt  0.257442 0.689993 0.000000
vt  0.249990 0.723922 0.000000
vt  0.273454 0.729055 0.000000
vt  0.273454 0.729055 0.000000
vt  0.280905 0.695125 0.000000
vt  0.257442 0.689993 0.000000
vt  0.134719 0.654867 0.000000
vt  0.240246 0.686231 0.000000
vt  0.265156 0.654867 0.000000
vt  0.134719 0.654867 0.000000
vt  0.217844 0.740365 0.000000
vt  0.240246 0.686231 0.000000
vt  0.134719 0.654867 0.000000
vt  0.134719 0.753923 0.000000
vt  0.217844 0.740365 0.000000
vt  0.134719 0.753923 0.000000
vt  0.179966 0.799170 0.000000
vt  0.217844 0.740365 0.000000
vt  0.179966 0.799170 0.000000
vt  0.210421 0.774301 0.000000
vt  0.217844 0.740365 0.000000
vt  0.716643 0.077896 0.000000
vt  0.716643 0.053588 0.000000
vt  0.655930 0.077896 0.000000
vt  0.655930 0.053588 0.000000
vt  0.655930 0.077896 0.000000
vt  0.716643 0.053588 0.000000
vt  0.655010 0.052195 0.000000
vt  0.661433 0.032098 0.000000
vt  0.715723 0.052195 0.000000
vt  0.712814 0.032098 0.000000
vt  0.715723 0.052195 0.000000
vt  0.661433 0.032098 0.000000
vt  0.661471 0.007693 0.000000
vt  0.661471 0.032001 0.000000
vt  0.712853 0.007693 0.000000
vt  0.712853 0.032001 0.000000
vt  0.712853 0.007693 0.000000
vt  0.661471 0.032001 0.000000
vt  0.661433 0.032430 0.000000
vt  0.655010 0.052527 0.000000
vt  0.712814 0.032430 0.000000
vt  0.715723 0.052527 0.000000
vt  0.712814 0.032430 0.000000
vt  0.655010 0.052527 0.000000
vt  0.712853 0.032001 0.000000
vt  0.733159 0.032001 0.000000
vt  0.712853 0.007693 0.000000
vt  0.733159 0.007693 0.000000
vt  0.712853 0.007693 0.000000
vt  0.733159 0.032001 0.000000
vt  0.640373 0.007693 0.000000
vt  0.640373 0.032001 0.000000
vt  0.661471 0.007693 0.000000
vt  0.661471 0.032001 0.000000
vt  0.661471 0.007693 0.000000
vt  0.640373 0.032001 0.000000
vt  0.349300 0.783460 0.000000
vt  0.389093 0.783460 0.000000
vt  0.389093 0.747280 0.000000
vt  0.349300 0.747280 0.000000
vt  0.237620 0.780250 0.000000
vt  0.261083 0.785383 0.000000
vt  0.268535 0.751453 0.000000
vt  0.245071 0.746320 0.000000
vt  0.210421 0.774301 0.000000
vt  0.237620 0.780250 0.000000
vt  0.245071 0.746320 0.000000
vt  0.217844 0.740365 0.000000
vt  0.265156 0.654867 0.000000
vt  0.257442 0.689993 0.000000
vt  0.280905 0.695125 0.000000
vt  0.605392 0.803291 0.000000
vt  0.605390 0.940422 0.000000
vt  0.650959 0.803292 0.000000
vt  0.605390 0.940422 0.000000
vt  0.667797 0.923583 0.000000
vt  0.650959 0.803292 0.000000
vt  0.605390 0.940422 0.000000
vt  0.650957 0.940423 0.000000
vt  0.667797 0.923583 0.000000
vt  0.667797 0.923583 0.000000
vt  0.667798 0.820132 0.000000
vt  0.650959 0.803292 0.000000
vt  0.771317 0.726130 0.000000
vt  0.677575 0.726130 0.000000
vt  0.677575 0.650994 0.000000
vt  0.771317 0.650994 0.000000
vt  0.526748 0.915656 0.000000
vt  0.551513 0.940421 0.000000
vt  0.526749 0.828055 0.000000
vt  0.605392 0.803291 0.000000
vt  0.605390 0.940422 0.000000
vt  0.551514 0.803291 0.000000
vt  0.081757 0.754081 0.000000
vt  0.097180 0.738657 0.000000
vt  0.027198 0.754081 0.000000
vt  0.086692 0.646357 0.000000
vt  0.097180 0.656845 0.000000
vt  0.011774 0.656845 0.000000
vt  0.022262 0.646357 0.000000
vt  0.011774 0.738658 0.000000
vt  0.364105 0.375965 0.000000
vt  0.364105 0.363292 0.000000
vt  0.426642 0.363292 0.000000
vt  0.426642 0.363292 0.000000
vt  0.426642 0.375965 0.000000
vt  0.364105 0.375965 0.000000
vt  0.179966 0.799170 0.000000
vt  0.233464 0.799170 0.000000
vt  0.210421 0.774301 0.000000
vt  0.233464 0.799170 0.000000
vt  0.237620 0.780250 0.000000
vt  0.210421 0.774301 0.000000
vt  0.217844 0.740365 0.000000
vt  0.232822 0.720167 0.000000
vt  0.240246 0.686231 0.000000
vt  0.217844 0.740365 0.000000
vt  0.245071 0.746320 0.000000
vt  0.232822 0.720167 0.000000
vt  0.245071 0.746320 0.000000
vt  0.249990 0.723922 0.000000
vt  0.232822 0.720167 0.000000
vt  0.240246 0.686231 0.000000
vt  0.257442 0.689993 0.000000
vt  0.265156 0.654867 0.000000
vt  0.249990 0.723922 0.000000
vt  0.257442 0.689993 0.000000
vt  0.240246 0.686231 0.000000
vt  0.240246 0.686231 0.000000
vt  0.232822 0.720167 0.000000
vt  0.249990 0.723922 0.000000
vt  0.268535 0.751453 0.000000
vt  0.273454 0.729055 0.000000
vt  0.249990 0.723922 0.000000
vt  0.249990 0.723922 0.000000
vt  0.245071 0.746320 0.000000
vt  0.268535 0.751453 0.000000
vt  0.280905 0.695125 0.000000
vt  0.289747 0.654867 0.000000
vt  0.265156 0.654867 0.000000
vt  0.521693 0.655195 0.000000
vt  0.497184 0.655331 0.000000
vt  0.529573 0.798980 0.000000
vt  0.529573 0.798980 0.000000
vt  0.554082 0.798843 0.000000
vt  0.521693 0.655195 0.000000
vt  0.134719 0.654867 0.000000
vt  0.117997 0.654867 0.000000
vt  0.117997 0.737202 0.000000
vt  0.117997 0.737202 0.000000
vt  0.134719 0.753923 0.000000
vt  0.134719 0.654867 0.000000
vt  0.668365 0.653879 0.000000
vt  0.651699 0.654469 0.000000
vt  0.652249 0.753198 0.000000
vt  0.652249 0.753198 0.000000
vt  0.668822 0.735941 0.000000
vt  0.668365 0.653879 0.000000
vt  0.554082 0.798843 0.000000
vt  0.607404 0.798546 0.000000
vt  0.652249 0.753198 0.000000
vt  0.521693 0.655195 0.000000
vt  0.554082 0.798843 0.000000
vt  0.652249 0.753198 0.000000
vt  0.651699 0.654469 0.000000
vt  0.521693 0.655195 0.000000
vt  0.652249 0.753198 0.000000
vt  0.189596 0.858519 0.000000
vt  0.199478 0.848637 0.000000
vt  0.154373 0.843930 0.000000
vt  0.666674 0.424345 0.000000
vt  0.680898 0.397066 0.000000
vt  0.724139 0.424345 0.000000
vt  0.724139 0.397066 0.000000
vt  0.781603 0.424345 0.000000
vt  0.767379 0.397066 0.000000
vt  0.805406 0.424345 0.000000
vt  0.785290 0.397066 0.000000
vt  0.781603 0.424345 0.000000
vt  0.767379 0.397066 0.000000
vt  0.724139 0.424345 0.000000
vt  0.724139 0.397066 0.000000
vt  0.666674 0.424345 0.000000
vt  0.680898 0.397066 0.000000
vt  0.642871 0.424345 0.000000
vt  0.662987 0.397066 0.000000
vt  0.119150 0.858519 0.000000
vt  0.154373 0.893742 0.000000
vt  0.154373 0.843930 0.000000
vt  0.189596 0.858519 0.000000
vt  0.218161 0.893742 0.000000
vt  0.204185 0.893742 0.000000
vt  0.199478 0.938848 0.000000
vt  0.189596 0.928965 0.000000
vt  0.154373 0.957531 0.000000
vt  0.154373 0.943555 0.000000
vt  0.109267 0.938848 0.000000
vt  0.119150 0.928965 0.000000
vt  0.090584 0.893742 0.000000
vt  0.104560 0.893742 0.000000
vt  0.109267 0.848637 0.000000
vt  0.119150 0.858519 0.000000
vt  0.154373 0.829954 0.000000
vt  0.796478 0.126758 0.000000
vt  0.796478 0.126758 0.000000
vt  0.795695 0.126758 0.000000
vt  0.795695 0.126758 0.000000
vt  0.773419 0.157896 0.000000
vt  0.783110 0.157896 0.000000
vt  0.773419 0.126758 0.000000
vt  0.783110 0.126758 0.000000
vt  0.773419 0.126758 0.000000
vt  0.783110 0.157896 0.000000
vt  0.773419 0.157896 0.000000
vt  0.773419 0.157896 0.000000
vt  0.773419 0.126758 0.000000
vt  0.773419 0.126758 0.000000
vt  0.773419 0.126758 0.000000
vt  0.773419 0.157896 0.000000
vt  0.783110 0.157896 0.000000
vt  0.773419 0.157896 0.000000
vt  0.783110 0.126758 0.000000
vt  0.773419 0.126758 0.000000
vt  0.783110 0.126758 0.000000
vt  0.773419 0.157896 0.000000
vt  0.795695 0.157896 0.000000
vt  0.783110 0.157896 0.000000
vt  0.795695 0.126758 0.000000
vt  0.783110 0.126758 0.000000
vt  0.783110 0.157896 0.000000
vt  0.795695 0.157896 0.000000
vt  0.783110 0.126758 0.000000
vt  0.795695 0.126758 0.000000
vt  0.783110 0.126758 0.000000
vt  0.795695 0.157896 0.000000
vt  0.795695 0.126758 0.000000
vt  0.795695 0.126758 0.000000
vt  0.783110 0.126758 0.000000
vt  0.773419 0.126758 0.000000
vt  0.795695 0.126758 0.000000
vt  0.783110 0.126758 0.000000
vt  0.783110 0.126758 0.000000
vt  0.795695 0.126758 0.000000
vt  0.773419 0.126758 0.000000
vt  0.773419 0.126758 0.000000
vt  0.773419 0.126758 0.000000
vt  0.783110 0.126758 0.000000
vt  0.189596 0.858519 0.000000
vt  0.154373 0.893742 0.000000
vt  0.204185 0.893742 0.000000
vt  0.666674 0.528687 0.000000
vt  0.724139 0.528687 0.000000
vt  0.781603 0.528687 0.000000
vt  0.805406 0.528687 0.000000
vt  0.781603 0.528687 0.000000
vt  0.724139 0.528687 0.000000
vt  0.666674 0.528687 0.000000
vt  0.642871 0.528687 0.000000
vt  0.762565 0.126758 0.000000
vt  0.777319 0.126758 0.000000
vt  0.762565 0.086858 0.000000
vt  0.724051 0.064152 0.000000
vt  0.737790 0.077890 0.000000
vt  0.764175 0.077890 0.000000
vt  0.724051 0.046312 0.000000
vt  0.724051 0.064152 0.000000
vt  0.764175 0.077890 0.000000
vt  0.777913 0.046311 0.000000
vt  0.724051 0.046312 0.000000
vt  0.764175 0.077890 0.000000
vt  0.777914 0.064151 0.000000
vt  0.777913 0.046311 0.000000
vt  0.764175 0.077890 0.000000
vt  0.777319 0.157289 0.000000
vt  0.762565 0.157289 0.000000
vt  0.777319 0.204495 0.000000
vt  0.762565 0.193164 0.000000
vt  0.777319 0.204495 0.000000
vt  0.762565 0.157289 0.000000
vt  0.777319 0.204495 0.000000
vt  0.762565 0.193164 0.000000
vt  0.777319 0.157289 0.000000
vt  0.762565 0.157289 0.000000
vt  0.777319 0.157289 0.000000
vt  0.762565 0.193164 0.000000
vt  0.777319 0.157289 0.000000
vt  0.777319 0.204495 0.000000
vt  0.796478 0.157289 0.000000
vt  0.796478 0.219208 0.000000
vt  0.796478 0.157289 0.000000
vt  0.777319 0.204495 0.000000
vt  0.661044 0.175045 0.000000
vt  0.674782 0.188783 0.000000
vt  0.701168 0.188783 0.000000
vt  0.661043 0.157206 0.000000
vt  0.661044 0.175045 0.000000
vt  0.701168 0.188783 0.000000
vt  0.714906 0.157204 0.000000
vt  0.661043 0.157206 0.000000
vt  0.701168 0.188783 0.000000
vt  0.714906 0.175044 0.000000
vt  0.714906 0.157204 0.000000
vt  0.701168 0.188783 0.000000
vt  0.777319 0.204495 0.000000
vt  0.777319 0.157289 0.000000
vt  0.796478 0.219208 0.000000
vt  0.796478 0.157289 0.000000
vt  0.796478 0.219208 0.000000
vt  0.777319 0.157289 0.000000
vt  0.796478 0.157289 0.000000
vt  0.796478 0.157289 0.000000
vt  0.796478 0.219208 0.000000
vt  0.796478 0.219208 0.000000
vt  0.796478 0.219208 0.000000
vt  0.796478 0.157289 0.000000
vt  0.663564 0.106157 0.000000
vt  0.663563 0.088317 0.000000
vt  0.717426 0.088316 0.000000
vt  0.703688 0.119895 0.000000
vt  0.663564 0.106157 0.000000
vt  0.717426 0.088316 0.000000
vt  0.677303 0.119895 0.000000
vt  0.663564 0.106157 0.000000
vt  0.703688 0.119895 0.000000
vt  0.717426 0.106156 0.000000
vt  0.703688 0.119895 0.000000
vt  0.717426 0.088316 0.000000
vt  0.796478 0.086858 0.000000
vt  0.777319 0.086858 0.000000
vt  0.796478 0.126758 0.000000
vt  0.777319 0.126758 0.000000
vt  0.796478 0.126758 0.000000
vt  0.777319 0.086858 0.000000
vt  0.796478 0.086858 0.000000
vt  0.796478 0.086858 0.000000
vt  0.796478 0.126758 0.000000
vt  0.796478 0.126758 0.000000
vt  0.796478 0.126758 0.000000
vt  0.796478 0.086858 0.000000
vt  0.777319 0.086858 0.000000
vt  0.796478 0.086858 0.000000
vt  0.777319 0.126758 0.000000
vt  0.796478 0.126758 0.000000
vt  0.777319 0.126758 0.000000
vt  0.796478 0.086858 0.000000
vt  0.762565 0.086858 0.000000
vt  0.777319 0.086858 0.000000
vt  0.762565 0.126758 0.000000
vt  0.777319 0.126758 0.000000
vt  0.762565 0.126758 0.000000
vt  0.777319 0.086858 0.000000
vt  0.729499 0.086132 0.000000
vt  0.757767 0.086132 0.000000
vt  0.729499 0.125936 0.000000
vt  0.757767 0.125936 0.000000
vt  0.729499 0.125936 0.000000
vt  0.757767 0.086132 0.000000
vt  0.777319 0.086858 0.000000
vt  0.762565 0.086858 0.000000
vt  0.777319 0.126758 0.000000
vt  0.943498 0.146722 0.000000
vt  0.850707 0.146722 0.000000
vt  0.943498 0.146722 0.000000
vt  0.850707 0.146722 0.000000
vt  0.850707 0.146722 0.000000
vt  0.943498 0.146722 0.000000
vt  0.831489 0.146722 0.000000
vt  0.850707 0.146722 0.000000
vt  0.850707 0.146722 0.000000
vt  0.897102 0.146722 0.000000
vt  0.850707 0.146722 0.000000
vt  0.943498 0.146722 0.000000
vt  0.962716 0.146722 0.000000
vt  0.943498 0.146722 0.000000
vt  0.943498 0.146722 0.000000
vt  0.158547 0.450951 0.000000
vt  0.077280 0.450951 0.000000
vt  0.101082 0.450951 0.000000
vt  0.239814 0.450951 0.000000
vt  0.077280 0.450951 0.000000
vt  0.158547 0.450951 0.000000
vt  0.158547 0.450951 0.000000
vt  0.077280 0.450951 0.000000
vt  0.239814 0.450951 0.000000
vt  0.101082 0.450951 0.000000
vt  0.077280 0.450951 0.000000
vt  0.158547 0.450951 0.000000
vt  0.216012 0.450951 0.000000
vt  0.158547 0.450951 0.000000
vt  0.239814 0.450951 0.000000
vt  0.216012 0.450951 0.000000
vt  0.239814 0.450951 0.000000
vt  0.158547 0.450951 0.000000
vt  0.204185 0.893742 0.000000
vt  0.189596 0.928965 0.000000
vt  0.154373 0.943555 0.000000
vt  0.119150 0.928965 0.000000
vt  0.104560 0.893742 0.000000
vt  0.784634 0.241412 0.000000
vt  0.770896 0.255151 0.000000
vt  0.744511 0.255151 0.000000
vt  0.784634 0.223572 0.000000
vt  0.784634 0.241412 0.000000
vt  0.744511 0.255151 0.000000
vt  0.730771 0.223574 0.000000
vt  0.784634 0.223572 0.000000
vt  0.744511 0.255151 0.000000
vt  0.730772 0.241413 0.000000
vt  0.730771 0.223574 0.000000
vt  0.744511 0.255151 0.000000
vt  0.757767 0.192182 0.000000
vt  0.729499 0.192182 0.000000
vt  0.757767 0.156393 0.000000
vt  0.729499 0.156393 0.000000
vt  0.757767 0.156393 0.000000
vt  0.729499 0.192182 0.000000
vt  0.724139 0.528687 0.000000
vt  0.642871 0.528687 0.000000
vt  0.666674 0.528687 0.000000
vt  0.805406 0.528687 0.000000
vt  0.642871 0.528687 0.000000
vt  0.724139 0.528687 0.000000
vt  0.724139 0.528687 0.000000
vt  0.642871 0.528687 0.000000
vt  0.805406 0.528687 0.000000
vt  0.666674 0.528687 0.000000
vt  0.642871 0.528687 0.000000
vt  0.724139 0.528687 0.000000
vt  0.781603 0.528687 0.000000
vt  0.724139 0.528687 0.000000
vt  0.805406 0.528687 0.000000
vt  0.781603 0.528687 0.000000
vt  0.805406 0.528687 0.000000
vt  0.724139 0.528687 0.000000
vt  0.773419 0.157896 0.000000
vt  0.795695 0.126758 0.000000
vt  0.783110 0.157896 0.000000
vt  0.795695 0.157896 0.000000
vt  0.795695 0.126758 0.000000
vt  0.773419 0.157896 0.000000
vt  0.783110 0.157896 0.000000
vt  0.795695 0.157896 0.000000
vt  0.773419 0.157896 0.000000
vt  0.773419 0.157896 0.000000
vt  0.783110 0.157896 0.000000
vt  0.773419 0.157896 0.000000
vt  0.943498 0.146722 0.000000
vt  0.850707 0.146722 0.000000
vt  0.897102 0.146722 0.000000
vt  0.339037 0.970280 0.000000
vt  0.331082 0.962325 0.000000
vt  0.331082 0.932969 0.000000
vt  0.144886 0.654491 0.000000
vt  0.144886 0.636046 0.000000
vt  0.128165 0.654491 0.000000
vt  0.128165 0.636046 0.000000
vt  0.128165 0.654491 0.000000
vt  0.144886 0.636046 0.000000
vt  0.658291 0.653791 0.000000
vt  0.658291 0.635346 0.000000
vt  0.641569 0.653791 0.000000
vt  0.641569 0.635346 0.000000
vt  0.641569 0.653791 0.000000
vt  0.658291 0.635346 0.000000
vt  0.463687 0.561772 0.000000
vt  0.452632 0.672272 0.000000
vt  0.469618 0.561772 0.000000
vt  0.458979 0.672272 0.000000
vt  0.469618 0.561772 0.000000
vt  0.452632 0.672272 0.000000
vt  0.333824 0.672972 0.000000
vt  0.322769 0.562472 0.000000
vt  0.327476 0.672972 0.000000
vt  0.316837 0.562472 0.000000
vt  0.327476 0.672972 0.000000
vt  0.322769 0.562472 0.000000
vt  0.291444 0.745874 0.000000
vt  0.333824 0.672972 0.000000
vt  0.284618 0.745874 0.000000
vt  0.327476 0.672972 0.000000
vt  0.284618 0.745874 0.000000
vt  0.333824 0.672972 0.000000
vt  0.452632 0.672272 0.000000
vt  0.495012 0.745174 0.000000
vt  0.458979 0.672272 0.000000
vt  0.501838 0.745174 0.000000
vt  0.458979 0.672272 0.000000
vt  0.495012 0.745174 0.000000
vt  0.444118 0.814687 0.000000
vt  0.395311 0.814687 0.000000
vt  0.462329 0.814687 0.000000
vt  0.377308 0.814687 0.000000
vt  0.329149 0.814687 0.000000
vt  0.395311 0.814687 0.000000
vt  0.311147 0.814687 0.000000
vt  0.262340 0.814687 0.000000
vt  0.329149 0.814687 0.000000
vt  0.329149 0.814687 0.000000
vt  0.262340 0.814687 0.000000
vt  0.395311 0.814687 0.000000
vt  0.395311 0.814687 0.000000
vt  0.262340 0.814687 0.000000
vt  0.462329 0.814687 0.000000
vt  0.380398 0.966154 0.000000
vt  0.374701 0.962325 0.000000
vt  0.380398 0.929130 0.000000
vt  0.366746 0.970280 0.000000
vt  0.370365 0.976187 0.000000
vt  0.339037 0.970280 0.000000
vt  0.335418 0.976187 0.000000
vt  0.339037 0.970280 0.000000
vt  0.370365 0.976187 0.000000
vt  0.331082 0.962325 0.000000
vt  0.325385 0.966154 0.000000
vt  0.331082 0.932969 0.000000
vt  0.325385 0.929130 0.000000
vt  0.331082 0.932969 0.000000
vt  0.325385 0.966154 0.000000
vt  0.331082 0.932969 0.000000
vt  0.325385 0.929130 0.000000
vt  0.338959 0.925092 0.000000
vt  0.335320 0.919195 0.000000
vt  0.338959 0.925092 0.000000
vt  0.325385 0.929130 0.000000
vt  0.338959 0.925092 0.000000
vt  0.335320 0.919195 0.000000
vt  0.366824 0.925092 0.000000
vt  0.370463 0.919195 0.000000
vt  0.366824 0.925092 0.000000
vt  0.335320 0.919195 0.000000
vt  0.374701 0.962325 0.000000
vt  0.380398 0.966154 0.000000
vt  0.366746 0.970280 0.000000
vt  0.370365 0.976187 0.000000
vt  0.366746 0.970280 0.000000
vt  0.380398 0.966154 0.000000
vt  0.339037 0.970280 0.000000
vt  0.335418 0.976187 0.000000
vt  0.331082 0.962325 0.000000
vt  0.325385 0.966154 0.000000
vt  0.331082 0.962325 0.000000
vt  0.335418 0.976187 0.000000
vt  0.338959 0.925092 0.000000
vt  0.366824 0.925092 0.000000
vt  0.331082 0.932969 0.000000
vt  0.374701 0.932969 0.000000
vt  0.374701 0.962325 0.000000
vt  0.366824 0.925092 0.000000
vt  0.366824 0.925092 0.000000
vt  0.374701 0.962325 0.000000
vt  0.331082 0.932969 0.000000
vt  0.366746 0.970280 0.000000
vt  0.339037 0.970280 0.000000
vt  0.374701 0.962325 0.000000
vt  0.374701 0.962325 0.000000
vt  0.339037 0.970280 0.000000
vt  0.331082 0.932969 0.000000
vt  0.216012 0.450951 0.000000
vt  0.216012 0.346608 0.000000
vt  0.158547 0.450951 0.000000
vt  0.239814 0.346608 0.000000
vt  0.239814 0.450951 0.000000
vt  0.216012 0.346608 0.000000
vt  0.216012 0.450951 0.000000
vt  0.158547 0.346608 0.000000
vt  0.158547 0.450951 0.000000
vt  0.101082 0.346608 0.000000
vt  0.101082 0.450951 0.000000
vt  0.115306 0.319330 0.000000
vt  0.097395 0.319330 0.000000
vt  0.077280 0.346608 0.000000
vt  0.115306 0.319330 0.000000
vt  0.101082 0.346608 0.000000
vt  0.158547 0.319330 0.000000
vt  0.158547 0.346608 0.000000
vt  0.201787 0.319330 0.000000
vt  0.219698 0.319330 0.000000
vt  0.262340 0.814687 0.000000
vt  0.244128 0.814687 0.000000
vt  0.462329 0.814687 0.000000
vt  0.292835 0.758994 0.000000
vt  0.297386 0.754442 0.000000
vt  0.292835 0.775094 0.000000
vt  0.321050 0.754442 0.000000
vt  0.324624 0.758016 0.000000
vt  0.297386 0.754442 0.000000
vt  0.324624 0.776072 0.000000
vt  0.321050 0.779646 0.000000
vt  0.324624 0.758016 0.000000
vt  0.324624 0.758016 0.000000
vt  0.321050 0.779646 0.000000
vt  0.297386 0.754442 0.000000
vt  0.297386 0.754442 0.000000
vt  0.321050 0.779646 0.000000
vt  0.292835 0.775094 0.000000
vt  0.321050 0.779646 0.000000
vt  0.297386 0.779646 0.000000
vt  0.292835 0.775094 0.000000
vt  0.293141 0.773261 0.000000
vt  0.295501 0.773261 0.000000
vt  0.293141 0.760826 0.000000
vt  0.295501 0.760826 0.000000
vt  0.293141 0.773261 0.000000
vt  0.293141 0.760826 0.000000
vt  0.293141 0.773261 0.000000
vt  0.293141 0.760826 0.000000
vt  0.293141 0.773261 0.000000
vt  0.293141 0.760826 0.000000
vt  0.077280 0.450951 0.000000
vt  0.101082 0.450951 0.000000
vt  0.420400 0.741331 0.000000
vt  0.420400 0.663595 0.000000
vt  0.370952 0.741331 0.000000
vt  0.370952 0.663595 0.000000
vt  0.370952 0.741331 0.000000
vt  0.420400 0.663595 0.000000
vt  0.510998 0.561772 0.000000
vt  0.469618 0.561772 0.000000
vt  0.510998 0.672272 0.000000
vt  0.458979 0.672272 0.000000
vt  0.510998 0.672272 0.000000
vt  0.469618 0.561772 0.000000
vt  0.331814 0.745348 0.000000
vt  0.332620 0.744538 0.000000
vt  0.325480 0.745349 0.000000
vt  0.332620 0.744538 0.000000
vt  0.332620 0.738886 0.000000
vt  0.325480 0.745349 0.000000
vt  0.332620 0.738886 0.000000
vt  0.324674 0.738886 0.000000
vt  0.325480 0.745349 0.000000
vt  0.324674 0.738886 0.000000
vt  0.324674 0.744538 0.000000
vt  0.325480 0.745349 0.000000
vt  0.275458 0.672972 0.000000
vt  0.327476 0.672972 0.000000
vt  0.275458 0.562472 0.000000
vt  0.316837 0.562472 0.000000
vt  0.275458 0.562472 0.000000
vt  0.327476 0.672972 0.000000
vt  0.264418 0.745874 0.000000
vt  0.284618 0.745874 0.000000
vt  0.275458 0.672972 0.000000
vt  0.327476 0.672972 0.000000
vt  0.275458 0.672972 0.000000
vt  0.284618 0.745874 0.000000
vt  0.510998 0.672272 0.000000
vt  0.458979 0.672272 0.000000
vt  0.522038 0.745174 0.000000
vt  0.501838 0.745174 0.000000
vt  0.522038 0.745174 0.000000
vt  0.458979 0.672272 0.000000
vt  0.461756 0.795630 0.000000
vt  0.455813 0.788755 0.000000
vt  0.508458 0.795630 0.000000
vt  0.455813 0.788755 0.000000
vt  0.455813 0.768412 0.000000
vt  0.508458 0.795630 0.000000
vt  0.455813 0.768412 0.000000
vt  0.514401 0.768412 0.000000
vt  0.508458 0.795630 0.000000
vt  0.514401 0.768412 0.000000
vt  0.514401 0.788755 0.000000
vt  0.508458 0.795630 0.000000
vt  0.395311 0.814687 0.000000
vt  0.395311 0.909551 0.000000
vt  0.377308 0.814687 0.000000
vt  0.377308 0.909551 0.000000
vt  0.377308 0.814687 0.000000
vt  0.395311 0.909551 0.000000
vt  0.444118 0.814687 0.000000
vt  0.444118 0.909551 0.000000
vt  0.395311 0.814687 0.000000
vt  0.395311 0.909551 0.000000
vt  0.395311 0.814687 0.000000
vt  0.444118 0.909551 0.000000
vt  0.510274 0.814687 0.000000
vt  0.510274 0.909551 0.000000
vt  0.462329 0.814687 0.000000
vt  0.462329 0.909551 0.000000
vt  0.462329 0.814687 0.000000
vt  0.510274 0.909551 0.000000
vt  0.311147 0.814687 0.000000
vt  0.311147 0.909551 0.000000
vt  0.262340 0.814687 0.000000
vt  0.262340 0.909551 0.000000
vt  0.262340 0.814687 0.000000
vt  0.311147 0.909551 0.000000
vt  0.329149 0.814687 0.000000
vt  0.329149 0.909551 0.000000
vt  0.311147 0.814687 0.000000
vt  0.311147 0.909551 0.000000
vt  0.311147 0.814687 0.000000
vt  0.329149 0.909551 0.000000
vt  0.377308 0.814687 0.000000
vt  0.377308 0.909551 0.000000
vt  0.329149 0.814687 0.000000
vt  0.329149 0.909551 0.000000
vt  0.329149 0.814687 0.000000
vt  0.377308 0.909551 0.000000
vt  0.462329 0.814687 0.000000
vt  0.462329 0.909551 0.000000
vt  0.444118 0.814687 0.000000
vt  0.444118 0.909551 0.000000
vt  0.262340 0.814687 0.000000
vt  0.262340 0.909551 0.000000
vt  0.244128 0.814687 0.000000
vt  0.244128 0.909551 0.000000
vt  0.244128 0.814687 0.000000
vt  0.262340 0.909551 0.000000
vt  0.370952 0.545769 0.000000
vt  0.370952 0.663595 0.000000
vt  0.420400 0.545769 0.000000
vt  0.420400 0.663595 0.000000
vt  0.420400 0.545769 0.000000
vt  0.370952 0.663595 0.000000
vt  0.389712 0.922853 0.000000
vt  0.380398 0.929130 0.000000
vt  0.376413 0.909554 0.000000
vt  0.380398 0.929130 0.000000
vt  0.389712 0.922853 0.000000
vt  0.380398 0.966154 0.000000
vt  0.389712 0.972415 0.000000
vt  0.380398 0.966154 0.000000
vt  0.389712 0.922853 0.000000
vt  0.370365 0.976187 0.000000
vt  0.376282 0.985845 0.000000
vt  0.335418 0.976187 0.000000
vt  0.329501 0.985844 0.000000
vt  0.335418 0.976187 0.000000
vt  0.376282 0.985845 0.000000
vt  0.325385 0.966154 0.000000
vt  0.316071 0.972414 0.000000
vt  0.325385 0.929130 0.000000
vt  0.316071 0.922853 0.000000
vt  0.325385 0.929130 0.000000
vt  0.316071 0.972414 0.000000
vt  0.325385 0.929130 0.000000
vt  0.316071 0.922853 0.000000
vt  0.335320 0.919195 0.000000
vt  0.329370 0.909554 0.000000
vt  0.335320 0.919195 0.000000
vt  0.316071 0.922853 0.000000
vt  0.335320 0.919195 0.000000
vt  0.329370 0.909554 0.000000
vt  0.370463 0.919195 0.000000
vt  0.376413 0.909554 0.000000
vt  0.370463 0.919195 0.000000
vt  0.329370 0.909554 0.000000
vt  0.380398 0.966154 0.000000
vt  0.389712 0.972415 0.000000
vt  0.370365 0.976187 0.000000
vt  0.376282 0.985845 0.000000
vt  0.370365 0.976187 0.000000
vt  0.389712 0.972415 0.000000
vt  0.335418 0.976187 0.000000
vt  0.329501 0.985844 0.000000
vt  0.325385 0.966154 0.000000
vt  0.316071 0.972414 0.000000
vt  0.325385 0.966154 0.000000
vt  0.329501 0.985844 0.000000
vt  0.366824 0.925092 0.000000
vt  0.370463 0.919195 0.000000
vt  0.374701 0.932969 0.000000
vt  0.380398 0.929130 0.000000
vt  0.374701 0.932969 0.000000
vt  0.370463 0.919195 0.000000
vt  0.374701 0.932969 0.000000
vt  0.380398 0.929130 0.000000
vt  0.374701 0.962325 0.000000
vt  0.322878 0.718768 0.000000
vt  0.320594 0.721052 0.000000
vt  0.334416 0.718768 0.000000
vt  0.320594 0.736174 0.000000
vt  0.323502 0.739082 0.000000
vt  0.333791 0.739082 0.000000
vt  0.336700 0.736174 0.000000
vt  0.336700 0.721052 0.000000
vt  0.255597 0.654491 0.000000
vt  0.255597 0.636046 0.000000
vt  0.144886 0.654491 0.000000
vt  0.144886 0.636046 0.000000
vt  0.144886 0.654491 0.000000
vt  0.255597 0.636046 0.000000
vt  0.685904 0.650651 0.000000
vt  0.685904 0.633819 0.000000
vt  0.762989 0.650651 0.000000
vt  0.762989 0.633819 0.000000
vt  0.762989 0.650651 0.000000
vt  0.685904 0.633819 0.000000
vt  0.641569 0.653791 0.000000
vt  0.641569 0.635346 0.000000
vt  0.530858 0.653791 0.000000
vt  0.530858 0.635346 0.000000
vt  0.530858 0.653791 0.000000
vt  0.641569 0.635346 0.000000
vt  0.530858 0.653791 0.000000
vt  0.530858 0.635346 0.000000
vt  0.509564 0.653791 0.000000
vt  0.509564 0.635346 0.000000
vt  0.435836 0.643889 0.000000
vt  0.435836 0.624221 0.000000
vt  0.355516 0.643889 0.000000
vt  0.355516 0.624221 0.000000
vt  0.355516 0.643889 0.000000
vt  0.435836 0.624221 0.000000
vt  0.276892 0.654491 0.000000
vt  0.276892 0.636046 0.000000
vt  0.255597 0.654491 0.000000
vt  0.255597 0.636046 0.000000
vt  0.255597 0.654491 0.000000
vt  0.276892 0.636046 0.000000
vt  0.370463 0.919195 0.000000
vt  0.376413 0.909554 0.000000
vt  0.380398 0.929130 0.000000
vt  0.978370 0.146089 0.000000
vt  0.978370 0.041746 0.000000
vt  0.954567 0.146089 0.000000
vt  0.954567 0.041746 0.000000
vt  0.954567 0.146089 0.000000
vt  0.954567 0.041746 0.000000
vt  0.897102 0.146089 0.000000
vt  0.897102 0.041746 0.000000
vt  0.839638 0.146089 0.000000
vt  0.839638 0.041746 0.000000
vt  0.815835 0.146089 0.000000
vt  0.815835 0.041746 0.000000
vt  0.839638 0.146089 0.000000
vt  0.839638 0.041746 0.000000
vt  0.897102 0.146089 0.000000
vt  0.897102 0.041746 0.000000
vt  0.958254 0.014468 0.000000
vt  0.940343 0.014468 0.000000
vt  0.962351 0.208038 0.000000
vt  0.943498 0.177756 0.000000
vt  0.897102 0.208038 0.000000
vt  0.897102 0.177756 0.000000
vt  0.897102 0.146722 0.000000
vt  0.850707 0.177756 0.000000
vt  0.850707 0.146722 0.000000
vt  0.831489 0.177756 0.000000
vt  0.831489 0.146722 0.000000
vt  0.850707 0.177756 0.000000
vt  0.850707 0.146722 0.000000
vt  0.897102 0.177756 0.000000
vt  0.897102 0.146722 0.000000
vt  0.943498 0.177756 0.000000
vt  0.943498 0.146722 0.000000
vt  0.962716 0.177756 0.000000
vt  0.962716 0.146722 0.000000
vt  0.943498 0.146722 0.000000
vt  0.119150 0.858519 0.000000
vt  0.109267 0.848637 0.000000
vt  0.104560 0.893742 0.000000
vt  0.109267 0.938848 0.000000
vt  0.119150 0.928965 0.000000
vt  0.090584 0.893742 0.000000
vt  0.154373 0.957531 0.000000
vt  0.154373 0.943555 0.000000
vt  0.199478 0.938848 0.000000
vt  0.189596 0.928965 0.000000
vt  0.218161 0.893742 0.000000
vt  0.204185 0.893742 0.000000
vt  0.199478 0.848637 0.000000
vt  0.189596 0.858519 0.000000
vt  0.154373 0.843930 0.000000
vt  0.119150 0.858519 0.000000
vt  0.104560 0.893742 0.000000
vt  0.119150 0.928965 0.000000
vt  0.154373 0.943555 0.000000
vt  0.189596 0.928965 0.000000
vt  0.940343 0.014468 0.000000
vt  0.897102 0.014468 0.000000
vt  0.853862 0.014468 0.000000
vt  0.835951 0.014468 0.000000
vt  0.853862 0.014468 0.000000
vt  0.897102 0.014468 0.000000
vt  0.154373 0.829954 0.000000
vt  0.154373 0.843930 0.000000
vt  0.199478 0.938848 0.000000
vt  0.189596 0.928965 0.000000
vt  0.154373 0.957531 0.000000
vt  0.204185 0.893742 0.000000
vt  0.218161 0.893742 0.000000
vt  0.189596 0.858519 0.000000
vt  0.199478 0.848637 0.000000
vt  0.154373 0.843930 0.000000
vt  0.154373 0.893742 0.000000
vt  0.189596 0.858519 0.000000
vt  0.119150 0.858519 0.000000
vt  0.104560 0.893742 0.000000
vt  0.119150 0.928965 0.000000
vt  0.154373 0.943555 0.000000
vt  0.189596 0.928965 0.000000
vt  0.204185 0.893742 0.000000
vt  0.831854 0.208038 0.000000
vt  0.831854 0.394333 0.000000
vt  0.897102 0.394333 0.000000
vt  0.804828 0.208038 0.000000
vt  0.804828 0.394333 0.000000
vt  0.831854 0.208038 0.000000
vt  0.831854 0.394333 0.000000
vt  0.201787 0.319330 0.000000
vt  0.158547 0.319330 0.000000
vt  0.154373 0.843930 0.000000
vt  0.154373 0.829954 0.000000
vt  0.119150 0.858519 0.000000
vt  0.109267 0.848637 0.000000
vt  0.104560 0.893742 0.000000
vt  0.090584 0.893742 0.000000
vt  0.119150 0.928965 0.000000
vt  0.109267 0.938848 0.000000
vt  0.154373 0.943555 0.000000
vt  0.791829 0.985339 0.000000
vt  0.697435 0.890944 0.000000
vt  0.886224 0.890944 0.000000
vt  0.725082 0.824197 0.000000
vt  0.791829 0.796550 0.000000
vt  0.858576 0.824197 0.000000
vt  0.897102 0.208038 0.000000
vt  0.962351 0.208038 0.000000
vt  0.989377 0.208038 0.000000
vt  0.897102 0.394333 0.000000
vt  0.962351 0.394333 0.000000
vt  0.989377 0.394333 0.000000
vt  0.962351 0.394333 0.000000
vt  0.804828 0.394333 0.000000
vt  0.831854 0.394333 0.000000
vt  0.831854 0.394333 0.000000
vt  0.897102 0.394333 0.000000
vt  0.962351 0.394333 0.000000
vt  0.989377 0.394333 0.000000
vt  0.962351 0.394333 0.000000
vt  0.897102 0.394333 0.000000
vt  0.858576 0.957691 0.000000
vt  0.725082 0.957691 0.000000
# 1179 texture vertices

g Material__2
usemtl turbina_builder_front
f 1582/5951 1584/5953 1583/5952
f 1583/5954 1584/5956 1585/5955
f 1586/5957 1588/5959 1587/5958
f 1588/5960 1586/5962 1589/5961
f 1590/5963 1592/5965 1591/5964
f 1592/5966 1590/5968 1593/5967
f 1594/5969 1586/5971 1587/5970
f 1595/5972 1590/5974 1591/5973
f 1596/5975 1598/5977 1597/5976
f 1597/5978 1598/5980 1599/5979
f 1597/5981 1599/5983 1600/5982
f 1599/5984 1598/5986 1601/5985
f 1598/5987 1602/5989 1601/5988
f 1602/5990 1598/5992 1603/5991
f 1601/5993 1604/5995 1599/5994
f 1604/5996 1601/5998 1602/5997
f 1599/5999 1605/6001 1600/6000
f 1605/6002 1599/6004 1604/6003
f 1600/6005 1606/6007 1597/6006
f 1607/6008 1609/6010 1608/6009
f 1608/6011 1609/6013 1610/6012
f 1610/6014 1609/6016 1611/6015
f 1611/6017 1609/6019 1612/6018
f 1610/6020 1611/6022 1613/6021
f 1613/6023 1611/6025 1614/6024
f 1614/6026 1611/6028 1615/6027
f 1613/6029 1582/6031 1616/6030
f 1582/6032 1613/6034 1614/6033
f 1607/6035 1608/6037 1583/6036
f 1583/6038 1608/6040 1582/6039
f 1582/6041 1608/6043 1616/6042
f 1607/6044 1585/6046 1609/6045
f 1585/6047 1607/6049 1583/6048
f 1609/6050 1584/6052 1612/6051
f 1584/6053 1609/6055 1585/6054
f 1612/6056 1615/6058 1611/6057
f 1615/6059 1612/6061 1584/6060
f 1615/6062 1584/6064 1614/6063
f 1614/6065 1584/6067 1582/6066
f 1617/6068 1619/6070 1618/6069
f 1617/6071 1589/6073 1586/6072
f 1589/6074 1617/6076 1620/6075
f 1587/6077 1593/6079 1590/6078
f 1593/6080 1587/6082 1588/6081
f 1591/6083 1622/6085 1621/6084
f 1622/6086 1591/6088 1592/6087
f 1621/6089 1624/6091 1623/6090
f 1624/6092 1621/6094 1622/6093
f 1623/6095 1625/6097 1618/6096
f 1625/6098 1623/6100 1624/6099
f 1618/6101 1620/6103 1617/6102
f 1620/6104 1618/6106 1625/6105
f 1593/6107 1588/6109 1592/6108
f 1592/6108 1588/6109 1625/6110
f 1592/6108 1625/6110 1622/6111
f 1622/6111 1625/6110 1624/6112
f 1625/6110 1588/6109 1620/6113
f 1620/6113 1588/6109 1589/6114
f 1606/6115 1600/6117 1605/6116
f 1597/6118 1619/6120 1596/6119
f 1619/6121 1597/6123 1606/6122
f 1596/6124 1603/6126 1598/6125
f 1603/6127 1596/6129 1619/6128
f 1617/6130 1586/6132 1603/6131
f 1603/6133 1586/6135 1602/6134
f 1602/6136 1586/6138 1594/6137
f 1587/6139 1590/6141 1594/6140
f 1594/6142 1590/6144 1602/6143
f 1602/6145 1590/6147 1604/6146
f 1604/6148 1590/6150 1595/6149
f 1591/6151 1621/6153 1595/6152
f 1595/6154 1621/6156 1604/6155
f 1604/6157 1621/6159 1605/6158
f 1605/6160 1623/6162 1606/6161
f 1623/6163 1605/6165 1621/6164
f 1606/6166 1618/6168 1619/6167
f 1618/6169 1606/6171 1623/6170
f 1619/6172 1617/6174 1603/6173
f 1626/6175 1628/6177 1627/6176
f 1629/6178 1631/6180 1630/6179
f 1629/6178 1630/6179 1632/6181
f 1632/6181 1630/6179 1633/6182
f 1632/6181 1633/6182 1634/6183
f 1630/6179 1631/6180 1635/6184
f 1635/6184 1631/6180 1636/6185
f 1636/6185 1631/6180 1637/6186
f 1638/6187 1633/6189 1639/6188
f 1633/6190 1638/6192 1634/6191
f 1627/6176 1631/6180 1626/6175
f 1631/6180 1627/6176 1637/6186
f 1640/6193 1627/6195 1641/6194
f 1627/6196 1640/6198 1637/6197
f 1642/6199 1644/6201 1643/6200
f 1642/6202 1643/6204 1645/6203
f 1642/6205 1645/6207 1646/6206
f 1646/6208 1645/6210 1647/6209
f 1647/6211 1645/6213 1648/6212
f 1649/6214 1651/6216 1650/6215
f 1652/6217 1650/6219 1651/6218
f 1651/6220 1649/6222 1653/6221
f 1654/6223 1653/6225 1649/6224
f 1653/6226 1654/6228 1655/6227
f 1656/6229 1655/6231 1654/6230
f 1655/6232 1656/6234 1652/6233
f 1650/6235 1652/6237 1656/6236
f 1656/6238 1654/6240 1650/6239
f 1649/6241 1650/6243 1654/6242
f 1651/6244 1653/6246 1652/6245
f 1655/6247 1652/6249 1653/6248
f 1634/6250 1629/6252 1632/6251
f 1629/6252 1634/6250 1628/6253
f 1638/6254 1628/6256 1634/6255
f 1628/6256 1638/6254 1657/6257
f 1648/6258 1657/6260 1638/6259
f 1657/6260 1648/6258 1645/6261
f 1626/6175 1631/6180 1629/6178
f 1626/6175 1629/6178 1628/6177
f 1644/6262 1637/6264 1640/6263
f 1658/6265 1659/6267 1647/6266
f 1647/6268 1659/6270 1660/6269
f 1647/6271 1660/6273 1646/6272
f 1660/6274 1659/6276 1661/6275
f 1661/6277 1662/6279 1660/6278
f 1662/6279 1661/6277 1663/6280
f 1633/6281 1630/6283 1639/6282
f 1639/6282 1630/6283 1658/6284
f 1639/6282 1658/6284 1647/6285
f 1658/6284 1630/6283 1664/6286
f 1635/6287 1636/6289 1665/6288
f 1665/6288 1636/6289 1663/6290
f 1665/6288 1663/6290 1666/6291
f 1663/6290 1636/6289 1642/6292
f 1663/6290 1642/6292 1662/6293
f 1642/6292 1636/6289 1644/6294
f 1608/6295 1613/6297 1616/6296
f 1613/6298 1608/6300 1610/6299
f 1647/6301 1648/6303 1639/6302
f 1639/6304 1648/6306 1638/6305
f 1645/6307 1643/6309 1667/6308
f 1645/6310 1667/6312 1657/6311
f 1657/6313 1667/6315 1641/6314
f 1643/6316 1644/6318 1640/6317
f 1641/6319 1643/6321 1640/6320
f 1643/6322 1641/6324 1667/6323
f 1628/6325 1641/6327 1627/6326
f 1641/6328 1628/6330 1657/6329
f 1637/6331 1644/6333 1636/6332
f 1665/6334 1630/6336 1635/6335
f 1630/6337 1665/6339 1664/6338
f 1642/6340 1660/6342 1662/6341
f 1660/6343 1642/6345 1646/6344
f 1663/6346 1659/6348 1666/6347
f 1659/6349 1663/6351 1661/6350
f 1664/6352 1659/6354 1658/6353
f 1665/6355 1659/6357 1664/6356
f 1666/6358 1659/6360 1665/6359
usemtl turbina_building
f 1668/6361 1670/6363 1669/6362
f 1671/6364 1672/6366 1669/6365
f 1673/6367 1669/6365 1672/6366
f 1672/6366 1674/6368 1673/6367
f 1675/6369 1673/6367 1674/6368
f 1674/6368 1676/6370 1675/6369
f 1677/6371 1675/6369 1676/6370
f 1676/6370 1678/6372 1677/6371
f 1679/6373 1677/6371 1678/6372
f 1678/6372 1680/6374 1679/6373
f 1681/6375 1679/6373 1680/6374
f 1680/6374 1682/6376 1681/6375
f 1683/6377 1681/6375 1682/6376
f 1682/6376 1684/6378 1683/6377
f 1685/6379 1683/6377 1684/6378
f 1684/6378 1671/6364 1685/6379
f 1686/6380 1670/6382 1687/6381
f 1670/6382 1668/6383 1687/6381
f 1669/6362 1673/6384 1668/6361
f 1688/6385 1668/6361 1673/6384
f 1673/6384 1675/6386 1688/6385
f 1689/6387 1688/6385 1675/6386
f 1675/6386 1677/6388 1689/6387
f 1690/6389 1689/6387 1677/6388
f 1677/6388 1679/6390 1690/6389
f 1691/6391 1690/6389 1679/6390
f 1679/6390 1681/6392 1691/6391
f 1692/6393 1691/6391 1681/6392
f 1681/6392 1683/6394 1692/6393
f 1686/6395 1692/6393 1683/6394
f 1683/6394 1685/6396 1686/6395
f 1670/6363 1686/6395 1685/6396
f 1685/6396 1669/6362 1670/6363
f 1693/6397 1695/6399 1694/6398
f 1696/6400 1694/6398 1695/6399
f 1697/6401 1699/6403 1698/6402
f 1700/6404 1698/6406 1699/6405
f 1701/6407 1702/6409 1697/6408
f 1699/6410 1697/6412 1702/6411
f 1703/6413 1704/6415 1701/6414
f 1702/6416 1701/6418 1704/6417
f 1695/6419 1693/6421 1703/6420
f 1704/6422 1703/6420 1693/6421
f 1698/6423 1700/6425 1696/6424
f 1694/6426 1696/6428 1700/6427
f 1694/6429 1704/6431 1693/6430
f 1699/6432 1704/6434 1694/6433
f 1700/6435 1699/6437 1694/6436
f 1702/6438 1704/6440 1699/6439
f 1705/6441 1707/6443 1706/6442
f 1669/6365 1685/6379 1671/6364
f 1708/6444 1709/6445 1671/6364
f 1672/6366 1671/6364 1709/6445
f 1709/6445 1710/6446 1672/6366
f 1674/6368 1672/6366 1710/6446
f 1710/6446 1711/6447 1674/6368
f 1676/6370 1674/6368 1711/6447
f 1711/6447 1712/6448 1676/6370
f 1678/6372 1676/6370 1712/6448
f 1712/6448 1713/6449 1678/6372
f 1680/6374 1678/6372 1713/6449
f 1713/6449 1714/6450 1680/6374
f 1682/6376 1680/6374 1714/6450
f 1714/6450 1715/6451 1682/6376
f 1684/6378 1682/6376 1715/6451
f 1715/6451 1708/6444 1684/6378
f 1671/6364 1684/6378 1708/6444
f 1716/6452 1718/6454 1717/6453
f 1719/6455 1718/6457 1720/6456
f 1721/6458 1718/6460 1719/6459
f 1722/6461 1718/6463 1721/6462
f 1723/6464 1718/6466 1722/6465
f 1724/6467 1726/6469 1725/6468
f 1727/6470 1725/6472 1726/6471
f 1728/6473 1730/6475 1729/6474
f 1731/6476 1729/6478 1730/6477
f 1724/6479 1732/6481 1726/6480
f 1733/6482 1726/6484 1732/6483
f 1730/6485 1725/6487 1731/6486
f 1734/6488 1725/6490 1730/6489
f 1732/6491 1725/6493 1734/6492
f 1724/6494 1725/6496 1732/6495
f 1728/6497 1735/6499 1730/6498
f 1734/6500 1730/6502 1735/6501
f 1734/6503 1735/6505 1732/6504
f 1733/6506 1732/6508 1735/6507
f 1736/6509 1738/6511 1737/6510
f 1716/6512 1738/6514 1736/6513
f 1739/6515 1716/6517 1736/6516
f 1717/6518 1738/6520 1716/6519
f 1722/6521 1738/6523 1723/6522
f 1717/6524 1723/6526 1738/6525
f 1721/6527 1737/6529 1722/6528
f 1738/6530 1722/6532 1737/6531
f 1719/6533 1736/6535 1721/6534
f 1737/6536 1721/6538 1736/6537
f 1720/6539 1739/6541 1719/6540
f 1736/6542 1719/6544 1739/6543
f 1718/6545 1716/6547 1720/6546
f 1739/6548 1720/6550 1716/6549
f 1723/6551 1717/6553 1718/6552
f 1740/6554 1742/6556 1741/6555
f 1743/6557 1740/6559 1741/6558
f 1744/6560 1743/6562 1741/6561
f 1745/6563 1740/6565 1743/6564
f 1746/6566 1742/6568 1740/6567
f 1747/6569 1749/6571 1748/6570
f 1750/6572 1747/6574 1748/6573
f 1751/6575 1750/6577 1748/6576
f 1752/6578 1751/6580 1748/6579
f 1753/6581 1750/6583 1751/6582
f 1754/6584 1747/6586 1750/6585
f 1668/6383 1688/6587 1687/6381
f 1688/6587 1689/6588 1687/6381
f 1689/6588 1690/6589 1687/6381
f 1690/6589 1691/6590 1687/6381
f 1691/6590 1692/6591 1687/6381
f 1692/6591 1686/6380 1687/6381
f 1726/6592 1729/6594 1727/6593
f 1733/6595 1729/6597 1726/6596
f 1735/6598 1729/6600 1733/6599
f 1728/6601 1729/6603 1735/6602
f 1729/6604 1731/6606 1727/6605
f 1725/6607 1727/6609 1731/6608
f 1709/6610 1708/6612 1715/6611
f 1711/6613 1709/6615 1715/6614
f 1713/6616 1711/6618 1715/6617
f 1714/6619 1713/6621 1715/6620
f 1712/6622 1711/6624 1713/6623
f 1710/6625 1709/6627 1711/6626
f 1697/6628 1698/6630 1696/6629
f 1695/6631 1697/6633 1696/6632
f 1703/6634 1697/6636 1695/6635
f 1701/6637 1697/6639 1703/6638
f 1742/6640 1755/6642 1741/6641
f 1756/6643 1758/6645 1757/6644
f 1759/6646 1761/6648 1760/6647
f 1762/6649 1760/6651 1761/6650
f 1763/6652 1765/6654 1764/6653
f 1766/6655 1764/6657 1765/6656
f 1767/6658 1769/6660 1768/6659
f 1770/6661 1768/6663 1769/6662
f 1771/6664 1773/6666 1772/6665
f 1774/6667 1772/6669 1773/6668
f 1775/6670 1776/6672 1771/6671
f 1773/6673 1771/6675 1776/6674
f 1768/6676 1770/6678 1777/6677
f 1778/6679 1777/6681 1770/6680
f 1779/6682 1781/6684 1780/6683
f 1782/6685 1780/6687 1783/6686
f 1784/6688 1783/6690 1785/6689
f 1783/6691 1780/6693 1785/6692
f 1780/6694 1781/6696 1785/6695
f 1786/6697 1788/6699 1787/6698
f 1789/6700 1756/6702 1790/6701
f 1791/6703 1790/6705 1756/6704
f 1757/6706 1758/6708 1792/6707
f 1793/6709 1792/6711 1758/6710
f 1758/6712 1794/6714 1793/6713
f 1795/6715 1793/6717 1794/6716
f 1794/6718 1796/6720 1795/6719
f 1797/6721 1795/6723 1796/6722
f 1787/6724 1789/6726 1786/6725
f 1790/6727 1786/6729 1789/6728
f 1756/6730 1757/6732 1791/6731
f 1792/6733 1791/6735 1757/6734
f 1794/6736 1758/6738 1796/6737
f 1798/6739 1796/6741 1787/6740
f 1796/6742 1758/6744 1787/6743
f 1789/6745 1787/6747 1756/6746
f 1787/6748 1758/6750 1756/6749
f 1753/6751 1751/6753 1799/6752
f 1799/6752 1800/6754 1753/6751
f 1750/6755 1753/6751 1800/6754
f 1800/6754 1801/6756 1750/6755
f 1754/6757 1750/6755 1801/6756
f 1801/6756 1802/6758 1754/6757
f 1747/6759 1754/6757 1802/6758
f 1802/6758 1803/6760 1747/6759
f 1749/6761 1747/6759 1803/6760
f 1804/6762 1805/6763 1803/6760
f 1806/6764 1803/6760 1805/6763
f 1805/6763 1807/6765 1806/6764
f 1808/6766 1806/6764 1807/6765
f 1807/6765 1809/6767 1808/6766
f 1810/6768 1808/6766 1809/6767
f 1809/6767 1811/6769 1810/6768
f 1799/6752 1810/6768 1811/6769
f 1811/6769 1812/6770 1799/6752
f 1785/6771 1781/6773 1813/6772
f 1814/6774 1816/6776 1815/6775
f 1759/6777 1815/6779 1761/6778
f 1763/6780 1761/6782 1765/6781
f 1761/6783 1815/6785 1765/6784
f 1815/6786 1816/6788 1765/6787
f 1765/6789 1816/6791 1817/6790
f 1818/6792 1820/6794 1819/6793
f 1821/6795 1819/6793 1820/6794
f 1818/6796 1822/6798 1820/6797
f 1823/6799 1820/6801 1822/6800
f 1803/6760 1806/6764 1749/6761
f 1748/6802 1749/6761 1806/6764
f 1806/6764 1808/6766 1748/6802
f 1752/6803 1748/6802 1808/6766
f 1808/6766 1810/6768 1752/6803
f 1751/6753 1752/6803 1810/6768
f 1810/6768 1799/6752 1751/6753
f 1777/6804 1775/6806 1768/6805
f 1771/6807 1768/6809 1775/6808
f 1822/6810 1818/6812 1769/6811
f 1770/6813 1769/6815 1818/6814
f 1767/6816 1772/6818 1769/6817
f 1769/6819 1772/6821 1822/6820
f 1822/6822 1772/6824 1823/6823
f 1823/6825 1772/6827 1774/6826
f 1820/6828 1823/6830 1773/6829
f 1774/6831 1773/6833 1823/6832
f 1821/6834 1820/6836 1776/6835
f 1773/6837 1776/6839 1820/6838
f 1818/6840 1819/6842 1770/6841
f 1778/6843 1770/6845 1819/6844
f 1775/6846 1777/6848 1776/6847
f 1776/6849 1777/6851 1821/6850
f 1821/6852 1777/6854 1819/6853
f 1819/6855 1777/6857 1778/6856
f 1780/6858 1782/6860 1824/6859
f 1825/6861 1824/6863 1782/6862
f 1779/6864 1780/6866 1826/6865
f 1824/6867 1826/6869 1780/6868
f 1813/6870 1781/6872 1827/6871
f 1828/6873 1827/6875 1781/6874
f 1784/6876 1785/6878 1829/6877
f 1830/6879 1829/6881 1785/6880
f 1783/6882 1784/6884 1831/6883
f 1829/6885 1831/6887 1784/6886
f 1782/6888 1783/6890 1825/6889
f 1831/6891 1825/6893 1783/6892
f 1781/6894 1779/6896 1828/6895
f 1826/6897 1828/6895 1779/6896
f 1785/6898 1813/6900 1830/6899
f 1827/6901 1830/6903 1813/6902
f 1772/6904 1767/6906 1771/6905
f 1768/6907 1771/6909 1767/6908
f 1824/6910 1825/6912 1788/6911
f 1788/6913 1786/6915 1824/6914
f 1826/6916 1824/6918 1786/6917
f 1790/6919 1791/6921 1828/6920
f 1827/6922 1828/6924 1791/6923
f 1792/6925 1793/6927 1830/6926
f 1829/6928 1830/6930 1793/6929
f 1793/6931 1795/6933 1829/6932
f 1831/6934 1829/6936 1795/6935
f 1795/6937 1797/6939 1831/6938
f 1825/6940 1831/6942 1797/6941
f 1786/6943 1790/6945 1826/6944
f 1828/6946 1826/6948 1790/6947
f 1791/6949 1792/6951 1827/6950
f 1830/6952 1827/6954 1792/6953
f 1796/6955 1798/6957 1797/6956
f 1788/6958 1797/6960 1798/6959
f 1798/6961 1787/6963 1788/6962
f 1762/6964 1764/6966 1760/6965
f 1832/6967 1760/6965 1833/6968
f 1760/6965 1764/6966 1833/6968
f 1834/6969 1833/6968 1835/6970
f 1833/6968 1764/6966 1835/6970
f 1835/6970 1764/6966 1766/6971
f 1815/6972 1759/6974 1832/6973
f 1760/6975 1832/6977 1759/6976
f 1761/6978 1763/6980 1762/6979
f 1764/6981 1762/6983 1763/6982
f 1765/6984 1817/6986 1766/6985
f 1835/6987 1766/6989 1817/6988
f 1817/6990 1816/6992 1835/6991
f 1834/6993 1835/6991 1816/6992
f 1816/6994 1814/6996 1834/6995
f 1833/6997 1834/6999 1814/6998
f 1814/7000 1815/7002 1833/7001
f 1832/7003 1833/7005 1815/7004
f 1797/7006 1788/7008 1825/7007
f 1836/7009 1838/7011 1837/7010
f 1839/7012 1837/7010 1838/7011
f 1840/7013 1836/7009 1841/7014
f 1837/7010 1841/7014 1836/7009
f 1842/7015 1840/7013 1843/7016
f 1841/7014 1843/7016 1840/7013
f 1844/7017 1842/7015 1845/7018
f 1843/7016 1845/7018 1842/7015
f 1846/7019 1844/7017 1847/7020
f 1845/7018 1847/7020 1844/7017
f 1848/7021 1846/7019 1849/7022
f 1847/7020 1849/7022 1846/7019
f 1850/7023 1848/7021 1851/7024
f 1849/7022 1851/7024 1848/7021
f 1838/7011 1850/7023 1839/7012
f 1851/7024 1839/7012 1850/7023
f 1837/7010 1839/7012 1852/7025
f 1853/7026 1852/7025 1839/7012
f 1854/7027 1856/7029 1855/7028
f 1857/7030 1855/7028 1856/7029
f 1857/7030 1858/7032 1755/7031
f 1741/7033 1755/7031 1858/7032
f 1858/7032 1859/7034 1741/7033
f 1744/7035 1741/7033 1859/7034
f 1859/7034 1860/7036 1744/7035
f 1743/7037 1744/7035 1860/7036
f 1860/7036 1861/7038 1743/7037
f 1745/7039 1743/7037 1861/7038
f 1861/7038 1862/7040 1745/7039
f 1740/7041 1745/7039 1862/7040
f 1862/7040 1863/7042 1740/7041
f 1746/7043 1740/7041 1863/7042
f 1863/7042 1855/7028 1746/7043
f 1742/7044 1746/7043 1855/7028
f 1855/7028 1857/7030 1742/7044
f 1755/7031 1742/7044 1857/7030
f 1864/7045 1866/7047 1865/7046
f 1867/7048 1869/7050 1868/7049
f 1866/7047 1868/7049 1869/7050
f 1870/7051 1867/7048 1871/7052
f 1868/7049 1871/7052 1867/7048
f 1872/7053 1870/7051 1873/7054
f 1871/7052 1873/7054 1870/7051
f 1874/7055 1872/7053 1707/7056
f 1873/7054 1707/7056 1872/7053
f 1853/7057 1874/7055 1705/7058
f 1707/7056 1705/7058 1874/7055
f 1875/7059 1705/6441 1706/6442
f 1864/7060 1875/7059 1706/6442
f 1866/7061 1864/7060 1706/6442
f 1868/7062 1866/7061 1706/6442
f 1871/7063 1868/7062 1706/6442
f 1873/7064 1871/7063 1706/6442
f 1707/6443 1873/7064 1706/6442
f 1841/7014 1837/7010 1865/7065
f 1852/7025 1865/7065 1837/7010
f 1843/7016 1841/7014 1869/7066
f 1865/7065 1869/7066 1841/7014
f 1845/7018 1843/7016 1867/7067
f 1869/7066 1867/7067 1843/7016
f 1847/7020 1845/7018 1870/7068
f 1867/7067 1870/7068 1845/7018
f 1849/7022 1847/7020 1872/7069
f 1870/7068 1872/7069 1847/7020
f 1851/7024 1849/7022 1874/7070
f 1872/7069 1874/7070 1849/7022
f 1839/7012 1851/7024 1853/7026
f 1874/7070 1853/7026 1851/7024
f 1852/7071 1853/7057 1875/7072
f 1705/7058 1875/7072 1853/7057
f 1865/7046 1852/7071 1864/7045
f 1875/7072 1864/7045 1852/7071
f 1869/7050 1865/7046 1866/7047
f 1876/7073 1812/7075 1877/7074
f 1877/7074 1878/7076 1876/7073
f 1879/7077 1876/7073 1878/7076
f 1878/7076 1880/7078 1879/7077
f 1804/7079 1879/7077 1880/7078
f 1881/7080 1880/7082 1882/7081
f 1883/7083 1881/7080 1882/7081
f 1884/7084 1883/7083 1882/7081
f 1885/7085 1884/7084 1882/7081
f 1886/7086 1885/7085 1882/7081
f 1877/7087 1886/7086 1882/7081
f 1878/7088 1877/7087 1882/7081
f 1880/7082 1878/7088 1882/7081
f 1887/7089 1856/7029 1888/7090
f 1889/7091 1888/7090 1856/7029
f 1890/7092 1887/7089 1891/7093
f 1888/7090 1891/7093 1887/7089
f 1892/7094 1890/7092 1893/7095
f 1800/6754 1799/6752 1812/6770
f 1812/6770 1876/7096 1800/6754
f 1801/6756 1800/6754 1876/7096
f 1876/7096 1879/7097 1801/6756
f 1802/6758 1801/6756 1879/7097
f 1879/7097 1804/6762 1802/6758
f 1803/6760 1802/6758 1804/6762
f 1880/7078 1881/7098 1804/7079
f 1805/7099 1804/7079 1881/7098
f 1881/7098 1883/7100 1805/7099
f 1807/7101 1805/7099 1883/7100
f 1883/7100 1884/7102 1807/7101
f 1809/7103 1807/7101 1884/7102
f 1884/7102 1885/7104 1809/7103
f 1811/7105 1809/7103 1885/7104
f 1885/7104 1886/7106 1811/7105
f 1812/7075 1811/7105 1886/7106
f 1886/7106 1877/7074 1812/7075
f 1846/7107 1850/7109 1842/7108
f 1840/7110 1842/7108 1836/7111
f 1842/7108 1850/7109 1836/7111
f 1836/7111 1850/7109 1838/7112
f 1856/7029 1887/7089 1857/7030
f 1858/7032 1857/7030 1887/7089
f 1887/7089 1890/7092 1858/7032
f 1859/7034 1858/7032 1890/7092
f 1890/7092 1892/7094 1859/7034
f 1860/7036 1859/7034 1892/7094
f 1892/7094 1894/7113 1860/7036
f 1861/7038 1860/7036 1894/7113
f 1894/7113 1895/7114 1861/7038
f 1862/7040 1861/7038 1895/7114
f 1895/7114 1896/7115 1862/7040
f 1863/7042 1862/7040 1896/7115
f 1896/7115 1854/7027 1863/7042
f 1855/7028 1863/7042 1854/7027
f 1891/7093 1893/7095 1890/7092
f 1894/7113 1892/7094 1897/7116
f 1893/7095 1897/7116 1892/7094
f 1895/7114 1894/7113 1898/7117
f 1897/7116 1898/7117 1894/7113
f 1896/7115 1895/7114 1899/7118
f 1898/7117 1899/7118 1895/7114
f 1854/7027 1896/7115 1900/7119
f 1899/7118 1900/7119 1896/7115
f 1856/7029 1854/7027 1889/7091
f 1900/7119 1889/7091 1854/7027
f 1891/7120 1888/7122 1893/7121
f 1897/7123 1893/7121 1898/7124
f 1899/7125 1898/7124 1900/7126
f 1898/7124 1893/7121 1900/7126
f 1893/7121 1888/7122 1900/7126
f 1900/7126 1888/7122 1889/7127
f 1848/7128 1850/7109 1846/7107
f 1844/7129 1846/7107 1842/7108
# 582 faces

g
# object Material__2 to come ...
#
v  -2.843079 5.579928 0.683245
v  -2.843078 5.053437 0.687637
v  -3.508219 5.655393 0.682616
v  -2.918172 5.655393 0.682615
v  -3.735366 3.528278 0.700359
v  -3.905366 3.698272 0.698941
v  -3.735367 3.534518 1.448320
v  -3.905366 3.704511 1.446903
v  -2.521024 3.698272 0.698941
v  -2.691024 3.528278 0.700359
v  -2.521024 3.704511 1.446903
v  -2.691024 3.534517 1.448321
v  -3.905366 3.684702 0.633790
v  -2.521024 3.684702 0.633790
v  -2.771023 5.267088 -0.179750
v  -3.655366 5.267089 -0.179750
v  -3.905366 5.017097 -0.177665
v  -2.521023 4.088883 -0.169921
v  -2.521023 5.017097 -0.177664
v  -3.905366 4.088883 -0.169922
v  -3.905366 4.094134 0.459551
v  -3.905366 5.022348 0.451808
v  -2.521023 4.094134 0.459550
v  -2.521023 5.022347 0.451808
v  -2.771023 5.272339 0.449722
v  -2.843078 5.193777 -0.471135
v  -2.843079 5.570272 -0.474275
v  -2.918171 5.645737 -0.474904
v  -3.583311 5.193778 -0.471134
v  -3.583311 5.570273 -0.474275
v  -3.508218 5.645739 -0.474904
v  -3.583311 5.045034 -0.319888
v  -3.583311 5.053438 0.687636
v  -3.583311 5.579928 0.683245
v  -2.843079 5.045033 -0.319889
v  -3.655366 5.274308 0.685794
v  -3.905366 5.024317 0.687880
v  -3.655366 5.272339 0.449722
v  -3.905366 5.030556 1.435841
v  -2.521024 5.024317 0.687880
v  -2.521024 5.030555 1.435842
v  -2.771024 5.274308 0.685795
v  -2.771023 5.280547 1.433756
v  -3.655366 5.280547 1.433756
v  -3.656145 5.134993 2.389019
v  -3.550669 5.134993 2.389019
v  -3.656145 5.083714 2.616445
v  -2.771802 4.974467 3.100954
v  -3.276745 5.083713 2.616444
v  -3.550671 5.212674 2.044500
v  -3.276745 5.006032 2.960962
v  -3.656145 4.974467 3.100955
v  -3.656145 5.006032 2.960962
v  -2.771803 5.304845 1.635722
v  -3.656146 5.304845 1.635722
v  -3.656146 5.212674 2.044500
v  -3.906145 4.724472 3.099560
v  -3.906145 4.767788 2.907451
v  -3.906145 4.896748 2.335507
v  -3.906147 4.974429 1.990989
v  -3.906147 4.799819 1.951771
v  -3.906146 3.728778 1.626925
v  -3.906146 5.054849 1.634326
v  -3.906145 4.569009 2.500839
v  -3.906145 3.723158 2.633963
v  -3.906145 4.180583 3.096524
v  -3.906144 4.491613 2.845421
v  -3.906145 4.845468 2.562933
v  -2.999911 3.665012 2.429908
v  -3.438341 3.665012 2.429907
v  -2.999911 3.656657 1.428294
v  -3.438342 3.656657 1.428294
v  -2.999912 3.295075 1.537280
v  -2.999912 3.302146 2.384942
v  -3.438342 3.295076 1.537280
v  -3.438342 3.302146 2.384942
v  -2.521802 4.180584 3.096524
v  -2.521803 3.723158 2.633963
v  -3.736146 3.554110 2.463017
v  -2.691802 3.554109 2.463017
v  -3.736147 3.558781 1.625976
v  -2.691803 3.558781 1.625977
v  -2.521802 4.724471 3.099559
v  -2.521803 5.054848 1.634326
v  -2.521803 3.728778 1.626925
v  -3.906146 4.722425 2.296352
v  -4.210783 4.555478 -0.204357
v  -4.231944 4.555548 -0.195932
v  -4.203655 4.481948 -0.206581
v  -4.118207 4.417438 -0.190148
v  -4.135361 4.451273 -0.233517
v  -4.208968 4.458202 -0.154352
v  -4.027446 4.457599 -0.226620
v  -4.067065 4.481494 -0.260961
v  -3.989851 4.555161 -0.242402
v  -4.038776 4.554907 -0.272837
v  -4.027446 4.652972 -0.228250
v  -4.067065 4.628507 -0.262187
v  -4.118207 4.693737 -0.192453
v  -4.135361 4.659182 -0.235251
v  -4.208968 4.653575 -0.155982
v  -4.203655 4.628961 -0.207807
v  -4.246562 4.556013 -0.140199
v  -4.087853 4.556223 -0.115066
v  -4.188692 4.612806 -0.213630
v  -4.188692 4.498003 -0.212673
v  -4.135361 4.474050 -0.233707
v  -4.082028 4.497649 -0.255138
v  -4.059937 4.554977 -0.264412
v  -4.082028 4.612452 -0.256095
v  -4.135361 4.636405 -0.235061
v  -3.902569 4.370830 0.778220
v  -3.902569 4.757093 0.774998
v  -3.902570 4.754452 0.458445
v  -3.902570 4.368190 0.461667
v  -4.129033 4.655931 0.459267
v  -4.030507 4.754453 0.458445
v  -4.030507 4.757093 0.774998
v  -4.129032 4.658571 0.775820
v  -4.129033 4.466712 0.460845
v  -4.129032 4.469352 0.777398
v  -4.030507 4.368190 0.461667
v  -4.030507 4.370830 0.778220
v  -3.214746 4.327674 -1.154370
v  -3.424441 4.114073 -1.621766
v  -3.214746 4.027218 -1.621041
v  -3.992809 4.420064 0.124803
v  -4.083570 4.460829 0.160600
v  -3.902048 4.460226 0.088332
v  -3.864453 4.557788 0.072550
v  -3.902048 4.655600 0.086702
v  -3.992809 4.696364 0.122498
v  -4.083570 4.656202 0.158970
v  -4.121164 4.558640 0.174752
v  -4.239382 4.701402 0.053228
v  -4.089383 4.851396 0.051977
v  -4.089383 4.854780 0.457608
v  -4.239383 4.413325 0.055631
v  -4.089383 4.263330 0.056882
v  -3.894605 4.263330 0.056882
v  -3.894605 4.851396 0.051977
v  -4.089383 4.861372 1.247889
v  -4.239382 4.710416 1.133952
v  -4.239383 4.707374 0.769241
v  -4.089382 4.857369 0.767989
v  -4.089382 4.269303 0.772895
v  -4.239383 4.419298 0.771644
v  -4.239382 4.422340 1.136355
v  -4.089383 4.273306 1.252794
v  -3.894604 4.857369 0.767989
v  -3.894605 4.862619 1.397462
v  -3.894604 4.269303 0.772895
v  -3.894605 4.274554 1.402367
v  -3.894605 4.854780 0.457608
v  -4.239383 4.704785 0.458859
v  -4.089382 4.266714 0.462513
v  -3.894605 4.266714 0.462513
v  -4.239383 4.416709 0.461262
v  -3.502868 4.618409 -0.842281
v  -2.926626 4.042186 -0.837474
v  -2.926625 4.618408 -0.842281
v  -3.502868 4.042186 -0.837474
v  -3.622212 4.330298 -0.839877
v  -3.214747 3.922846 -0.836479
v  -2.807281 4.330297 -0.839877
v  -2.987565 5.459717 -0.071612
v  -2.893463 5.232544 -0.069717
v  -3.214747 5.553816 -0.072397
v  -3.536030 5.232544 -0.069716
v  -3.214747 4.911271 -0.067036
v  -2.987565 5.005370 -0.067822
v  -3.441928 5.005371 -0.067821
v  -3.441928 5.459717 -0.071612
v  -3.214747 4.737748 -0.843276
v  -3.537849 4.459994 3.232526
v  -3.420544 4.577294 3.231548
v  -3.537848 4.022850 3.236172
v  -3.642455 3.642488 1.634973
v  -3.642455 3.640924 1.447459
v  -3.812456 3.810918 1.446041
v  -3.812456 3.812483 1.633555
v  -2.613683 3.812483 1.633555
v  -2.613683 3.810918 1.446041
v  -2.783683 3.640924 1.447459
v  -2.783683 3.642488 1.634973
v  -2.917343 5.552755 0.683497
v  -2.917343 5.670280 1.805953
v  -2.977343 5.734809 1.805415
v  -2.977343 5.613052 0.682994
v  -3.508795 5.670280 1.805953
v  -3.508795 5.552754 0.683497
v  -3.448795 5.613052 0.682994
v  -3.448795 5.734809 1.805415
v  -3.508796 5.240757 2.550716
v  -3.448795 5.310156 2.550138
v  -2.917343 5.240758 2.550716
v  -2.977342 5.310156 2.550138
v  -2.664742 3.864969 2.322080
v  -2.664742 4.603003 2.315924
v  -2.862788 4.801042 2.314272
v  -3.561397 3.664976 2.323748
v  -2.864741 3.664976 2.323748
v  -3.761396 4.603002 2.315924
v  -3.761397 3.864969 2.322080
v  -3.622690 4.518023 3.334906
v  -3.006751 3.904392 3.237162
v  -2.952856 3.817286 3.340750
v  -3.473283 3.817285 3.340750
v  -3.419387 3.904392 3.237161
v  -2.888290 4.459994 3.232527
v  -2.803449 4.518024 3.334906
v  -2.803449 3.966687 3.339505
v  -2.888289 4.022850 3.236173
v  -3.005594 4.577294 3.231548
v  -2.951397 4.665967 3.333672
v  -3.474742 4.665966 3.333672
v  -3.622690 3.966687 3.339504
v  -3.214747 5.547240 -0.860743
v  -2.987565 5.453141 -0.859958
v  -2.893463 5.225967 -0.858063
v  -2.987565 4.998794 -0.856168
v  -3.214747 4.904695 -0.855383
v  -3.441928 4.998794 -0.856168
v  -3.456504 5.225068 -0.965903
v  -3.536030 5.225968 -0.858062
v  -3.385695 5.054126 -0.964477
v  -3.385695 5.396010 -0.967329
v  -3.441928 5.453141 -0.859958
v  -3.214746 5.466817 -0.967920
v  -3.043798 5.396010 -0.967330
v  -2.972989 5.225068 -0.965903
v  -3.563350 4.801042 2.314272
v  -2.830171 5.154465 1.622361
v  -2.613683 4.937984 1.624166
v  -3.812456 4.937984 1.624166
v  -3.595968 5.154465 1.622360
v  -3.508795 5.141455 1.810364
v  -3.508796 5.035401 2.552429
v  -2.917343 5.035402 2.552429
v  -2.917343 5.141455 1.810364
v  -2.917343 5.132084 0.687006
v  -3.508795 5.132084 0.687006
v  -3.563351 4.809535 3.332474
v  -3.761398 4.611496 3.334126
v  -3.761397 3.873463 3.340281
v  -3.561398 3.673470 3.341949
v  -2.864742 3.673470 3.341950
v  -2.664742 3.873462 3.340282
v  -2.664742 4.611495 3.334126
v  -2.862788 4.809535 3.332474
v  -2.613683 4.936420 1.436652
v  -2.830171 5.152901 1.434847
v  -3.595968 5.152901 1.434847
v  -3.812456 4.936420 1.436652
v  -3.571609 3.973728 -0.803184
v  -3.571609 3.968324 -1.451141
v  -3.719426 4.325174 -1.454118
v  -3.719427 4.330579 -0.806161
v  -3.571609 4.682024 -1.457094
v  -3.571609 4.687429 -0.809138
v  -3.214747 4.829836 -1.458326
v  -3.214747 4.835240 -0.810371
v  -2.857884 4.682023 -1.457094
v  -2.857884 4.687428 -0.809138
v  -2.710067 4.325173 -1.454117
v  -2.710067 4.330578 -0.806161
v  -2.857884 3.968323 -1.451141
v  -2.857884 3.973728 -0.803184
v  -3.214746 3.820511 -1.449907
v  -3.214747 3.825916 -0.801951
v  -3.483276 4.055240 -1.621275
v  -3.594505 4.323761 -1.623516
v  -3.214746 3.760455 -0.454335
v  -3.214746 3.924453 -0.643759
v  -3.502868 4.043794 -0.644754
v  -3.619946 3.928288 -0.455735
v  -2.926625 4.043793 -0.644754
v  -2.807281 4.331904 -0.647158
v  -2.926625 4.620016 -0.649561
v  -3.214746 4.739356 -0.650556
v  -3.502868 4.620017 -0.649561
v  -3.622212 4.331905 -0.647157
v  -3.214746 4.620303 -1.625989
v  -3.214746 4.703506 -1.626683
v  -3.483276 4.592281 -1.625755
v  -3.005052 4.533448 -1.625265
v  -2.946217 4.592281 -1.625755
v  -2.918194 4.323761 -1.623516
v  -2.834988 4.323761 -1.623515
v  -3.005052 4.114073 -1.621766
v  -2.946217 4.055240 -1.621275
v  -3.214746 3.944016 -1.620347
v  -3.511300 4.323761 -1.623515
v  -3.424441 4.533448 -1.625265
v  -3.025958 5.225068 -0.965903
v  -3.081253 5.091579 -0.964790
v  -3.214746 5.036286 -0.964328
v  -3.214746 4.983319 -0.963887
v  -3.043798 5.054126 -0.964478
v  -3.348240 5.091579 -0.964789
v  -3.214746 5.227559 -0.667241
v  -3.403534 5.225068 -0.965903
v  -3.348240 5.358557 -0.967017
v  -3.214746 5.413850 -0.967478
v  -3.081253 5.358556 -0.967017
v  -3.214746 3.770104 0.702540
v  -2.809547 3.937938 0.701140
v  -2.809547 3.928288 -0.455735
v  -2.641708 4.343123 0.697760
v  -2.641708 4.333473 -0.459115
v  -2.809547 4.748309 0.694380
v  -2.809547 4.738658 -0.462495
v  -3.214747 4.906492 -0.463894
v  -3.619946 4.738659 -0.462494
v  -3.787785 4.333473 -0.459114
v  -3.214746 4.916142 0.692980
v  -3.619946 4.748308 0.694380
v  -3.787785 4.343123 0.697760
v  -3.619946 3.937938 0.701140
# 319 vertices

vt  0.336903 0.426426 0.000000
vt  0.336903 0.372634 0.000000
vt  0.268949 0.434136 0.000000
vt  0.329231 0.434136 0.000000
vt  0.336903 0.426426 0.000000
vt  0.268949 0.434136 0.000000
vt  0.117997 0.562472 0.000000
vt  0.134719 0.562472 0.000000
vt  0.117997 0.636046 0.000000
vt  0.134719 0.636046 0.000000
vt  0.117997 0.636046 0.000000
vt  0.134719 0.562472 0.000000
vt  0.651737 0.561772 0.000000
vt  0.668459 0.561772 0.000000
vt  0.651737 0.635346 0.000000
vt  0.668459 0.635346 0.000000
vt  0.117997 0.562472 0.000000
vt  0.133438 0.556052 0.000000
vt  0.134719 0.562472 0.000000
vt  0.651737 0.561772 0.000000
vt  0.653018 0.555353 0.000000
vt  0.668459 0.561772 0.000000
vt  0.358017 0.381953 0.000000
vt  0.432730 0.381953 0.000000
vt  0.453850 0.360832 0.000000
vt  0.336896 0.282411 0.000000
vt  0.358017 0.381953 0.000000
vt  0.453850 0.360832 0.000000
vt  0.336896 0.360832 0.000000
vt  0.358017 0.381953 0.000000
vt  0.336896 0.282411 0.000000
vt  0.453850 0.282410 0.000000
vt  0.336896 0.282411 0.000000
vt  0.453850 0.360832 0.000000
vt  0.173852 0.477332 0.000000
vt  0.265156 0.477332 0.000000
vt  0.173852 0.539250 0.000000
vt  0.265156 0.539250 0.000000
vt  0.173852 0.539250 0.000000
vt  0.265156 0.477332 0.000000
vt  0.336896 0.282411 0.000000
vt  0.453850 0.282410 0.000000
vt  0.336896 0.282411 0.000000
vt  0.453850 0.282410 0.000000
vt  0.336896 0.282411 0.000000
vt  0.453850 0.282410 0.000000
vt  0.521299 0.476632 0.000000
vt  0.612604 0.476632 0.000000
vt  0.521299 0.538551 0.000000
vt  0.612604 0.538551 0.000000
vt  0.521299 0.538551 0.000000
vt  0.612604 0.476632 0.000000
vt  0.496708 0.476632 0.000000
vt  0.521299 0.476632 0.000000
vt  0.496708 0.538551 0.000000
vt  0.364105 0.375965 0.000000
vt  0.364105 0.407774 0.000000
vt  0.370449 0.414149 0.000000
vt  0.426642 0.375965 0.000000
vt  0.364105 0.375965 0.000000
vt  0.370449 0.414149 0.000000
vt  0.426642 0.407773 0.000000
vt  0.426642 0.375965 0.000000
vt  0.370449 0.414149 0.000000
vt  0.420298 0.414149 0.000000
vt  0.426642 0.407773 0.000000
vt  0.370449 0.414149 0.000000
vt  0.268021 0.463365 0.000000
vt  0.282775 0.448611 0.000000
vt  0.319810 0.448611 0.000000
vt  0.268021 0.562472 0.000000
vt  0.268021 0.463365 0.000000
vt  0.319810 0.448611 0.000000
vt  0.319810 0.562472 0.000000
vt  0.268021 0.562472 0.000000
vt  0.319810 0.448611 0.000000
vt  0.364105 0.363292 0.000000
vt  0.426642 0.363292 0.000000
vt  0.364105 0.363292 0.000000
vt  0.426642 0.363292 0.000000
vt  0.364105 0.363292 0.000000
vt  0.426642 0.363292 0.000000
vt  0.466646 0.561772 0.000000
vt  0.466646 0.447912 0.000000
vt  0.503680 0.447912 0.000000
vt  0.518435 0.561772 0.000000
vt  0.466646 0.561772 0.000000
vt  0.503680 0.447912 0.000000
vt  0.518435 0.462666 0.000000
vt  0.518435 0.561772 0.000000
vt  0.503680 0.447912 0.000000
vt  0.459223 0.447912 0.000000
vt  0.466646 0.447912 0.000000
vt  0.459223 0.561772 0.000000
vt  0.466646 0.561772 0.000000
vt  0.459223 0.561772 0.000000
vt  0.466646 0.447912 0.000000
vt  0.364733 0.424359 0.000000
vt  0.426620 0.424359 0.000000
vt  0.364733 0.545769 0.000000
vt  0.426620 0.545769 0.000000
vt  0.364733 0.545769 0.000000
vt  0.426620 0.424359 0.000000
vt  0.319810 0.448611 0.000000
vt  0.327233 0.448611 0.000000
vt  0.319810 0.562472 0.000000
vt  0.327233 0.562472 0.000000
vt  0.319810 0.562472 0.000000
vt  0.327233 0.448611 0.000000
vt  0.261276 0.372635 0.000000
vt  0.261277 0.426426 0.000000
vt  0.268949 0.434136 0.000000
vt  0.336903 0.372634 0.000000
vt  0.261276 0.372635 0.000000
vt  0.268949 0.434136 0.000000
vt  0.289747 0.562472 0.000000
vt  0.265156 0.562472 0.000000
vt  0.289747 0.539250 0.000000
vt  0.134719 0.562472 0.000000
vt  0.265156 0.562472 0.000000
vt  0.134719 0.636046 0.000000
vt  0.265156 0.636046 0.000000
vt  0.134719 0.636046 0.000000
vt  0.265156 0.562472 0.000000
vt  0.771317 0.566678 0.000000
vt  0.677575 0.566678 0.000000
vt  0.771317 0.633819 0.000000
vt  0.677575 0.633819 0.000000
vt  0.771317 0.633819 0.000000
vt  0.677575 0.566678 0.000000
vt  0.521299 0.561772 0.000000
vt  0.651737 0.561772 0.000000
vt  0.521299 0.635346 0.000000
vt  0.651737 0.635346 0.000000
vt  0.521299 0.635346 0.000000
vt  0.651737 0.561772 0.000000
vt  0.496708 0.561772 0.000000
vt  0.521299 0.561772 0.000000
vt  0.496708 0.635346 0.000000
vt  0.521299 0.635346 0.000000
vt  0.496708 0.635346 0.000000
vt  0.521299 0.561772 0.000000
vt  0.349300 0.545769 0.000000
vt  0.442053 0.545769 0.000000
vt  0.349300 0.624221 0.000000
vt  0.442053 0.624221 0.000000
vt  0.349300 0.624221 0.000000
vt  0.442053 0.545769 0.000000
vt  0.265156 0.562472 0.000000
vt  0.289747 0.562472 0.000000
vt  0.265156 0.636046 0.000000
vt  0.289747 0.636046 0.000000
vt  0.265156 0.636046 0.000000
vt  0.289747 0.562472 0.000000
vt  0.098228 0.527754 0.000000
vt  0.086999 0.516525 0.000000
vt  0.018014 0.516525 0.000000
vt  0.023299 0.631864 0.000000
vt  0.098228 0.615350 0.000000
vt  0.081715 0.631864 0.000000
vt  0.006785 0.615350 0.000000
vt  0.006785 0.527755 0.000000
vt  0.521299 0.538551 0.000000
vt  0.496708 0.538551 0.000000
vt  0.521299 0.476632 0.000000
vt  0.349300 0.454984 0.000000
vt  0.442053 0.454984 0.000000
vt  0.349300 0.521008 0.000000
vt  0.442053 0.521008 0.000000
vt  0.349300 0.521008 0.000000
vt  0.442053 0.454984 0.000000
vt  0.265156 0.477332 0.000000
vt  0.289747 0.477332 0.000000
vt  0.265156 0.539250 0.000000
vt  0.289747 0.539250 0.000000
vt  0.265156 0.539250 0.000000
vt  0.289747 0.477332 0.000000
vt  0.265156 0.539250 0.000000
vt  0.265156 0.562472 0.000000
vt  0.134719 0.562472 0.000000
vt  0.173852 0.539250 0.000000
vt  0.265156 0.539250 0.000000
vt  0.134719 0.562472 0.000000
vt  0.133438 0.556052 0.000000
vt  0.173852 0.539250 0.000000
vt  0.134719 0.562472 0.000000
vt  0.453850 0.247698 0.000000
vt  0.439488 0.234437 0.000000
vt  0.351258 0.234437 0.000000
vt  0.453850 0.282410 0.000000
vt  0.453850 0.247698 0.000000
vt  0.351258 0.234437 0.000000
vt  0.336896 0.282411 0.000000
vt  0.453850 0.282410 0.000000
vt  0.351258 0.234437 0.000000
vt  0.336896 0.247699 0.000000
vt  0.336896 0.282411 0.000000
vt  0.351258 0.234437 0.000000
vt  0.653018 0.555353 0.000000
vt  0.651737 0.561772 0.000000
vt  0.521299 0.561772 0.000000
vt  0.612604 0.538551 0.000000
vt  0.653018 0.555353 0.000000
vt  0.521299 0.561772 0.000000
vt  0.521299 0.538551 0.000000
vt  0.612604 0.538551 0.000000
vt  0.521299 0.561772 0.000000
vt  0.496708 0.538551 0.000000
vt  0.521299 0.538551 0.000000
vt  0.496708 0.561772 0.000000
vt  0.521299 0.561772 0.000000
vt  0.496708 0.561772 0.000000
vt  0.521299 0.538551 0.000000
vt  0.349300 0.521008 0.000000
vt  0.442053 0.521008 0.000000
vt  0.349300 0.545769 0.000000
vt  0.442053 0.545769 0.000000
vt  0.349300 0.545769 0.000000
vt  0.442053 0.521008 0.000000
vt  0.265156 0.539250 0.000000
vt  0.289747 0.539250 0.000000
vt  0.265156 0.562472 0.000000
vt  0.349300 0.723397 0.000000
vt  0.360362 0.723397 0.000000
vt  0.349300 0.747280 0.000000
vt  0.442053 0.798161 0.000000
vt  0.389093 0.747280 0.000000
vt  0.360362 0.687218 0.000000
vt  0.389093 0.783460 0.000000
vt  0.349300 0.798161 0.000000
vt  0.349300 0.783460 0.000000
vt  0.442053 0.644290 0.000000
vt  0.349300 0.644290 0.000000
vt  0.349300 0.687218 0.000000
vt  0.233464 0.799170 0.000000
vt  0.237620 0.780250 0.000000
vt  0.258055 0.799170 0.000000
vt  0.261083 0.785383 0.000000
vt  0.258055 0.799170 0.000000
vt  0.237620 0.780250 0.000000
vt  0.249990 0.723922 0.000000
vt  0.257442 0.689993 0.000000
vt  0.273454 0.729055 0.000000
vt  0.280905 0.695125 0.000000
vt  0.273454 0.729055 0.000000
vt  0.257442 0.689993 0.000000
vt  0.240246 0.686231 0.000000
vt  0.134719 0.654867 0.000000
vt  0.265156 0.654867 0.000000
vt  0.217844 0.740365 0.000000
vt  0.134719 0.654867 0.000000
vt  0.240246 0.686231 0.000000
vt  0.134719 0.753923 0.000000
vt  0.134719 0.654867 0.000000
vt  0.217844 0.740365 0.000000
vt  0.179966 0.799170 0.000000
vt  0.134719 0.753923 0.000000
vt  0.217844 0.740365 0.000000
vt  0.210421 0.774301 0.000000
vt  0.179966 0.799170 0.000000
vt  0.217844 0.740365 0.000000
vt  0.389093 0.783460 0.000000
vt  0.349300 0.783460 0.000000
vt  0.389093 0.747280 0.000000
vt  0.349300 0.747280 0.000000
vt  0.261083 0.785383 0.000000
vt  0.237620 0.780250 0.000000
vt  0.268535 0.751453 0.000000
vt  0.245071 0.746320 0.000000
vt  0.237620 0.780250 0.000000
vt  0.210421 0.774301 0.000000
vt  0.245071 0.746320 0.000000
vt  0.217844 0.740365 0.000000
vt  0.716643 0.077896 0.000000
vt  0.716643 0.053588 0.000000
vt  0.655930 0.077896 0.000000
vt  0.655930 0.053588 0.000000
vt  0.655930 0.077896 0.000000
vt  0.716643 0.053588 0.000000
vt  0.655010 0.052195 0.000000
vt  0.661433 0.032098 0.000000
vt  0.715723 0.052195 0.000000
vt  0.712814 0.032098 0.000000
vt  0.715723 0.052195 0.000000
vt  0.661433 0.032098 0.000000
vt  0.661471 0.007693 0.000000
vt  0.661471 0.032001 0.000000
vt  0.712853 0.007693 0.000000
vt  0.712853 0.032001 0.000000
vt  0.712853 0.007693 0.000000
vt  0.661471 0.032001 0.000000
vt  0.661433 0.032430 0.000000
vt  0.655010 0.052527 0.000000
vt  0.712814 0.032430 0.000000
vt  0.715723 0.052527 0.000000
vt  0.712814 0.032430 0.000000
vt  0.655010 0.052527 0.000000
vt  0.712853 0.032001 0.000000
vt  0.733159 0.032001 0.000000
vt  0.712853 0.007693 0.000000
vt  0.733159 0.007693 0.000000
vt  0.712853 0.007693 0.000000
vt  0.733159 0.032001 0.000000
vt  0.640373 0.007693 0.000000
vt  0.640373 0.032001 0.000000
vt  0.661471 0.007693 0.000000
vt  0.661471 0.032001 0.000000
vt  0.661471 0.007693 0.000000
vt  0.640373 0.032001 0.000000
vt  0.257442 0.689993 0.000000
vt  0.265156 0.654867 0.000000
vt  0.280905 0.695125 0.000000
vt  0.605390 0.940422 0.000000
vt  0.605392 0.803291 0.000000
vt  0.650959 0.803292 0.000000
vt  0.667797 0.923583 0.000000
vt  0.605390 0.940422 0.000000
vt  0.650959 0.803292 0.000000
vt  0.650957 0.940423 0.000000
vt  0.605390 0.940422 0.000000
vt  0.667797 0.923583 0.000000
vt  0.667798 0.820132 0.000000
vt  0.667797 0.923583 0.000000
vt  0.650959 0.803292 0.000000
vt  0.677575 0.726130 0.000000
vt  0.771317 0.726130 0.000000
vt  0.677575 0.650994 0.000000
vt  0.771317 0.650994 0.000000
vt  0.551513 0.940421 0.000000
vt  0.526748 0.915656 0.000000
vt  0.526749 0.828055 0.000000
vt  0.605392 0.803291 0.000000
vt  0.605390 0.940422 0.000000
vt  0.551514 0.803291 0.000000
vt  0.097180 0.738657 0.000000
vt  0.081757 0.754081 0.000000
vt  0.027198 0.754081 0.000000
vt  0.086692 0.646357 0.000000
vt  0.097180 0.656845 0.000000
vt  0.011774 0.656845 0.000000
vt  0.022262 0.646357 0.000000
vt  0.011774 0.738658 0.000000
vt  0.364105 0.363292 0.000000
vt  0.364105 0.375965 0.000000
vt  0.426642 0.363292 0.000000
vt  0.426642 0.375965 0.000000
vt  0.426642 0.363292 0.000000
vt  0.364105 0.375965 0.000000
vt  0.233464 0.799170 0.000000
vt  0.179966 0.799170 0.000000
vt  0.210421 0.774301 0.000000
vt  0.237620 0.780250 0.000000
vt  0.233464 0.799170 0.000000
vt  0.210421 0.774301 0.000000
vt  0.232822 0.720167 0.000000
vt  0.217844 0.740365 0.000000
vt  0.240246 0.686231 0.000000
vt  0.245071 0.746320 0.000000
vt  0.217844 0.740365 0.000000
vt  0.232822 0.720167 0.000000
vt  0.249990 0.723922 0.000000
vt  0.245071 0.746320 0.000000
vt  0.232822 0.720167 0.000000
vt  0.257442 0.689993 0.000000
vt  0.240246 0.686231 0.000000
vt  0.265156 0.654867 0.000000
vt  0.257442 0.689993 0.000000
vt  0.249990 0.723922 0.000000
vt  0.240246 0.686231 0.000000
vt  0.232822 0.720167 0.000000
vt  0.240246 0.686231 0.000000
vt  0.249990 0.723922 0.000000
vt  0.273454 0.729055 0.000000
vt  0.268535 0.751453 0.000000
vt  0.249990 0.723922 0.000000
vt  0.245071 0.746320 0.000000
vt  0.249990 0.723922 0.000000
vt  0.268535 0.751453 0.000000
vt  0.289747 0.654867 0.000000
vt  0.280905 0.695125 0.000000
vt  0.265156 0.654867 0.000000
vt  0.497184 0.655331 0.000000
vt  0.521693 0.655195 0.000000
vt  0.529573 0.798980 0.000000
vt  0.554082 0.798843 0.000000
vt  0.529573 0.798980 0.000000
vt  0.521693 0.655195 0.000000
vt  0.117997 0.654867 0.000000
vt  0.134719 0.654867 0.000000
vt  0.117997 0.737202 0.000000
vt  0.134719 0.753923 0.000000
vt  0.117997 0.737202 0.000000
vt  0.134719 0.654867 0.000000
vt  0.651699 0.654469 0.000000
vt  0.668365 0.653879 0.000000
vt  0.652249 0.753198 0.000000
vt  0.668822 0.735941 0.000000
vt  0.652249 0.753198 0.000000
vt  0.668365 0.653879 0.000000
vt  0.607404 0.798546 0.000000
vt  0.554082 0.798843 0.000000
vt  0.652249 0.753198 0.000000
vt  0.554082 0.798843 0.000000
vt  0.521693 0.655195 0.000000
vt  0.652249 0.753198 0.000000
vt  0.521693 0.655195 0.000000
vt  0.651699 0.654469 0.000000
vt  0.652249 0.753198 0.000000
vt  0.154373 0.843930 0.000000
vt  0.154373 0.829954 0.000000
vt  0.199478 0.848637 0.000000
vt  0.724139 0.424345 0.000000
vt  0.724139 0.397066 0.000000
vt  0.680898 0.397066 0.000000
vt  0.666674 0.424345 0.000000
vt  0.781603 0.424345 0.000000
vt  0.767379 0.397066 0.000000
vt  0.805406 0.424345 0.000000
vt  0.785290 0.397066 0.000000
vt  0.781603 0.424345 0.000000
vt  0.767379 0.397066 0.000000
vt  0.724139 0.424345 0.000000
vt  0.724139 0.397066 0.000000
vt  0.666674 0.424345 0.000000
vt  0.680898 0.397066 0.000000
vt  0.642871 0.424345 0.000000
vt  0.662987 0.397066 0.000000
vt  0.154373 0.893742 0.000000
vt  0.119150 0.858519 0.000000
vt  0.154373 0.843930 0.000000
vt  0.189596 0.858519 0.000000
vt  0.218161 0.893742 0.000000
vt  0.204185 0.893742 0.000000
vt  0.189596 0.858519 0.000000
vt  0.199478 0.938848 0.000000
vt  0.189596 0.928965 0.000000
vt  0.154373 0.957531 0.000000
vt  0.154373 0.943555 0.000000
vt  0.109267 0.938848 0.000000
vt  0.119150 0.928965 0.000000
vt  0.090584 0.893742 0.000000
vt  0.104560 0.893742 0.000000
vt  0.109267 0.848637 0.000000
vt  0.119150 0.858519 0.000000
vt  0.795695 0.126758 0.000000
vt  0.795695 0.126758 0.000000
vt  0.796478 0.126758 0.000000
vt  0.796478 0.126758 0.000000
vt  0.773419 0.126758 0.000000
vt  0.783110 0.126758 0.000000
vt  0.783110 0.157896 0.000000
vt  0.783110 0.157896 0.000000
vt  0.773419 0.157896 0.000000
vt  0.773419 0.126758 0.000000
vt  0.773419 0.126758 0.000000
vt  0.773419 0.126758 0.000000
vt  0.773419 0.157896 0.000000
vt  0.773419 0.157896 0.000000
vt  0.773419 0.157896 0.000000
vt  0.773419 0.126758 0.000000
vt  0.783110 0.126758 0.000000
vt  0.773419 0.126758 0.000000
vt  0.773419 0.157896 0.000000
vt  0.773419 0.157896 0.000000
vt  0.783110 0.157896 0.000000
vt  0.783110 0.126758 0.000000
vt  0.795695 0.126758 0.000000
vt  0.783110 0.126758 0.000000
vt  0.783110 0.157896 0.000000
vt  0.795695 0.157896 0.000000
vt  0.783110 0.126758 0.000000
vt  0.795695 0.126758 0.000000
vt  0.795695 0.157896 0.000000
vt  0.795695 0.157896 0.000000
vt  0.783110 0.157896 0.000000
vt  0.783110 0.126758 0.000000
vt  0.773419 0.126758 0.000000
vt  0.783110 0.126758 0.000000
vt  0.773419 0.126758 0.000000
vt  0.783110 0.126758 0.000000
vt  0.795695 0.126758 0.000000
vt  0.773419 0.126758 0.000000
vt  0.783110 0.126758 0.000000
vt  0.795695 0.126758 0.000000
vt  0.795695 0.126758 0.000000
vt  0.795695 0.126758 0.000000
vt  0.783110 0.126758 0.000000
vt  0.773419 0.126758 0.000000
vt  0.154373 0.893742 0.000000
vt  0.189596 0.858519 0.000000
vt  0.204185 0.893742 0.000000
vt  0.724139 0.528687 0.000000
vt  0.666674 0.528687 0.000000
vt  0.781603 0.528687 0.000000
vt  0.805406 0.528687 0.000000
vt  0.781603 0.528687 0.000000
vt  0.724139 0.528687 0.000000
vt  0.666674 0.528687 0.000000
vt  0.642871 0.528687 0.000000
vt  0.762565 0.086858 0.000000
vt  0.777319 0.086858 0.000000
vt  0.777319 0.126758 0.000000
vt  0.737790 0.077890 0.000000
vt  0.724051 0.064152 0.000000
vt  0.764175 0.077890 0.000000
vt  0.724051 0.064152 0.000000
vt  0.724051 0.046312 0.000000
vt  0.764175 0.077890 0.000000
vt  0.724051 0.046312 0.000000
vt  0.777913 0.046311 0.000000
vt  0.764175 0.077890 0.000000
vt  0.777913 0.046311 0.000000
vt  0.777914 0.064151 0.000000
vt  0.764175 0.077890 0.000000
vt  0.777319 0.204495 0.000000
vt  0.762565 0.193164 0.000000
vt  0.762565 0.157289 0.000000
vt  0.762565 0.157289 0.000000
vt  0.777319 0.157289 0.000000
vt  0.777319 0.204495 0.000000
vt  0.777319 0.157289 0.000000
vt  0.762565 0.157289 0.000000
vt  0.762565 0.193164 0.000000
vt  0.762565 0.193164 0.000000
vt  0.777319 0.204495 0.000000
vt  0.777319 0.157289 0.000000
vt  0.796478 0.157289 0.000000
vt  0.796478 0.219208 0.000000
vt  0.777319 0.204495 0.000000
vt  0.777319 0.204495 0.000000
vt  0.777319 0.157289 0.000000
vt  0.796478 0.157289 0.000000
vt  0.674782 0.188783 0.000000
vt  0.661044 0.175045 0.000000
vt  0.701168 0.188783 0.000000
vt  0.661044 0.175045 0.000000
vt  0.661043 0.157206 0.000000
vt  0.701168 0.188783 0.000000
vt  0.661043 0.157206 0.000000
vt  0.714906 0.157204 0.000000
vt  0.701168 0.188783 0.000000
vt  0.714906 0.157204 0.000000
vt  0.714906 0.175044 0.000000
vt  0.701168 0.188783 0.000000
vt  0.796478 0.219208 0.000000
vt  0.796478 0.157289 0.000000
vt  0.777319 0.157289 0.000000
vt  0.777319 0.157289 0.000000
vt  0.777319 0.204495 0.000000
vt  0.796478 0.219208 0.000000
vt  0.796478 0.219208 0.000000
vt  0.796478 0.219208 0.000000
vt  0.796478 0.157289 0.000000
vt  0.796478 0.157289 0.000000
vt  0.796478 0.157289 0.000000
vt  0.796478 0.219208 0.000000
vt  0.717426 0.106156 0.000000
vt  0.717426 0.088316 0.000000
vt  0.703688 0.119895 0.000000
vt  0.717426 0.088316 0.000000
vt  0.663564 0.106157 0.000000
vt  0.703688 0.119895 0.000000
vt  0.717426 0.088316 0.000000
vt  0.663563 0.088317 0.000000
vt  0.663564 0.106157 0.000000
vt  0.663564 0.106157 0.000000
vt  0.677303 0.119895 0.000000
vt  0.703688 0.119895 0.000000
vt  0.796478 0.126758 0.000000
vt  0.777319 0.126758 0.000000
vt  0.777319 0.086858 0.000000
vt  0.777319 0.086858 0.000000
vt  0.796478 0.086858 0.000000
vt  0.796478 0.126758 0.000000
vt  0.796478 0.126758 0.000000
vt  0.796478 0.126758 0.000000
vt  0.796478 0.086858 0.000000
vt  0.796478 0.086858 0.000000
vt  0.777319 0.126758 0.000000
vt  0.796478 0.126758 0.000000
vt  0.796478 0.086858 0.000000
vt  0.796478 0.086858 0.000000
vt  0.777319 0.086858 0.000000
vt  0.777319 0.126758 0.000000
vt  0.762565 0.126758 0.000000
vt  0.777319 0.126758 0.000000
vt  0.777319 0.086858 0.000000
vt  0.777319 0.086858 0.000000
vt  0.762565 0.086858 0.000000
vt  0.762565 0.126758 0.000000
vt  0.729499 0.125936 0.000000
vt  0.757767 0.125936 0.000000
vt  0.757767 0.086132 0.000000
vt  0.757767 0.086132 0.000000
vt  0.729499 0.086132 0.000000
vt  0.729499 0.125936 0.000000
vt  0.777319 0.126758 0.000000
vt  0.762565 0.126758 0.000000
vt  0.762565 0.086858 0.000000
vt  0.943498 0.146722 0.000000
vt  0.850707 0.146722 0.000000
vt  0.850707 0.146722 0.000000
vt  0.943498 0.146722 0.000000
vt  0.943498 0.146722 0.000000
vt  0.850707 0.146722 0.000000
vt  0.943498 0.146722 0.000000
vt  0.962716 0.146722 0.000000
vt  0.943498 0.146722 0.000000
vt  0.943498 0.146722 0.000000
vt  0.897102 0.146722 0.000000
vt  0.850707 0.146722 0.000000
vt  0.850707 0.146722 0.000000
vt  0.831489 0.146722 0.000000
vt  0.850707 0.146722 0.000000
vt  0.216012 0.450951 0.000000
vt  0.239814 0.450951 0.000000
vt  0.158547 0.450951 0.000000
vt  0.239814 0.450951 0.000000
vt  0.077280 0.450951 0.000000
vt  0.158547 0.450951 0.000000
vt  0.239814 0.450951 0.000000
vt  0.158547 0.450951 0.000000
vt  0.077280 0.450951 0.000000
vt  0.239814 0.450951 0.000000
vt  0.216012 0.450951 0.000000
vt  0.158547 0.450951 0.000000
vt  0.158547 0.450951 0.000000
vt  0.101082 0.450951 0.000000
vt  0.077280 0.450951 0.000000
vt  0.077280 0.450951 0.000000
vt  0.101082 0.450951 0.000000
vt  0.158547 0.450951 0.000000
vt  0.204185 0.893742 0.000000
vt  0.189596 0.928965 0.000000
vt  0.154373 0.943555 0.000000
vt  0.119150 0.928965 0.000000
vt  0.104560 0.893742 0.000000
vt  0.770896 0.255151 0.000000
vt  0.784634 0.241412 0.000000
vt  0.744511 0.255151 0.000000
vt  0.784634 0.241412 0.000000
vt  0.784634 0.223572 0.000000
vt  0.744511 0.255151 0.000000
vt  0.784634 0.223572 0.000000
vt  0.730771 0.223574 0.000000
vt  0.744511 0.255151 0.000000
vt  0.730771 0.223574 0.000000
vt  0.730772 0.241413 0.000000
vt  0.744511 0.255151 0.000000
vt  0.757767 0.156393 0.000000
vt  0.729499 0.156393 0.000000
vt  0.729499 0.192182 0.000000
vt  0.729499 0.192182 0.000000
vt  0.757767 0.192182 0.000000
vt  0.757767 0.156393 0.000000
vt  0.781603 0.528687 0.000000
vt  0.805406 0.528687 0.000000
vt  0.724139 0.528687 0.000000
vt  0.805406 0.528687 0.000000
vt  0.642871 0.528687 0.000000
vt  0.724139 0.528687 0.000000
vt  0.805406 0.528687 0.000000
vt  0.724139 0.528687 0.000000
vt  0.642871 0.528687 0.000000
vt  0.805406 0.528687 0.000000
vt  0.781603 0.528687 0.000000
vt  0.724139 0.528687 0.000000
vt  0.724139 0.528687 0.000000
vt  0.666674 0.528687 0.000000
vt  0.642871 0.528687 0.000000
vt  0.642871 0.528687 0.000000
vt  0.666674 0.528687 0.000000
vt  0.724139 0.528687 0.000000
vt  0.783110 0.157896 0.000000
vt  0.795695 0.126758 0.000000
vt  0.773419 0.157896 0.000000
vt  0.795695 0.126758 0.000000
vt  0.795695 0.157896 0.000000
vt  0.773419 0.157896 0.000000
vt  0.795695 0.157896 0.000000
vt  0.783110 0.157896 0.000000
vt  0.773419 0.157896 0.000000
vt  0.783110 0.157896 0.000000
vt  0.773419 0.157896 0.000000
vt  0.773419 0.157896 0.000000
vt  0.897102 0.146722 0.000000
vt  0.943498 0.146722 0.000000
vt  0.850707 0.146722 0.000000
vt  0.374701 0.932969 0.000000
vt  0.366824 0.925092 0.000000
vt  0.374701 0.962325 0.000000
vt  0.128165 0.654491 0.000000
vt  0.128165 0.636046 0.000000
vt  0.144886 0.636046 0.000000
vt  0.144886 0.636046 0.000000
vt  0.144886 0.654491 0.000000
vt  0.128165 0.654491 0.000000
vt  0.641569 0.653791 0.000000
vt  0.641569 0.635346 0.000000
vt  0.658291 0.635346 0.000000
vt  0.658291 0.635346 0.000000
vt  0.658291 0.653791 0.000000
vt  0.641569 0.653791 0.000000
vt  0.469618 0.561772 0.000000
vt  0.458979 0.672272 0.000000
vt  0.452632 0.672272 0.000000
vt  0.452632 0.672272 0.000000
vt  0.463687 0.561772 0.000000
vt  0.469618 0.561772 0.000000
vt  0.327476 0.672972 0.000000
vt  0.316837 0.562472 0.000000
vt  0.322769 0.562472 0.000000
vt  0.322769 0.562472 0.000000
vt  0.333824 0.672972 0.000000
vt  0.327476 0.672972 0.000000
vt  0.284618 0.745874 0.000000
vt  0.327476 0.672972 0.000000
vt  0.333824 0.672972 0.000000
vt  0.333824 0.672972 0.000000
vt  0.291444 0.745874 0.000000
vt  0.284618 0.745874 0.000000
vt  0.458979 0.672272 0.000000
vt  0.501838 0.745174 0.000000
vt  0.495012 0.745174 0.000000
vt  0.495012 0.745174 0.000000
vt  0.452632 0.672272 0.000000
vt  0.458979 0.672272 0.000000
vt  0.262340 0.814687 0.000000
vt  0.311147 0.814687 0.000000
vt  0.329149 0.814687 0.000000
vt  0.462329 0.814687 0.000000
vt  0.244128 0.814687 0.000000
vt  0.262340 0.814687 0.000000
vt  0.395311 0.814687 0.000000
vt  0.444118 0.814687 0.000000
vt  0.462329 0.814687 0.000000
vt  0.395311 0.814687 0.000000
vt  0.462329 0.814687 0.000000
vt  0.262340 0.814687 0.000000
vt  0.395311 0.814687 0.000000
vt  0.262340 0.814687 0.000000
vt  0.329149 0.814687 0.000000
vt  0.380398 0.929130 0.000000
vt  0.374701 0.932969 0.000000
vt  0.374701 0.962325 0.000000
vt  0.339037 0.970280 0.000000
vt  0.335418 0.976187 0.000000
vt  0.370365 0.976187 0.000000
vt  0.370365 0.976187 0.000000
vt  0.366746 0.970280 0.000000
vt  0.339037 0.970280 0.000000
vt  0.331082 0.932969 0.000000
vt  0.325385 0.929130 0.000000
vt  0.325385 0.966154 0.000000
vt  0.325385 0.966154 0.000000
vt  0.331082 0.962325 0.000000
vt  0.331082 0.932969 0.000000
vt  0.338959 0.925092 0.000000
vt  0.335320 0.919195 0.000000
vt  0.325385 0.929130 0.000000
vt  0.325385 0.929130 0.000000
vt  0.331082 0.932969 0.000000
vt  0.338959 0.925092 0.000000
vt  0.366824 0.925092 0.000000
vt  0.370463 0.919195 0.000000
vt  0.335320 0.919195 0.000000
vt  0.335320 0.919195 0.000000
vt  0.338959 0.925092 0.000000
vt  0.366824 0.925092 0.000000
vt  0.366746 0.970280 0.000000
vt  0.370365 0.976187 0.000000
vt  0.380398 0.966154 0.000000
vt  0.380398 0.966154 0.000000
vt  0.374701 0.962325 0.000000
vt  0.366746 0.970280 0.000000
vt  0.331082 0.962325 0.000000
vt  0.325385 0.966154 0.000000
vt  0.335418 0.976187 0.000000
vt  0.335418 0.976187 0.000000
vt  0.339037 0.970280 0.000000
vt  0.331082 0.962325 0.000000
vt  0.339037 0.970280 0.000000
vt  0.366746 0.970280 0.000000
vt  0.374701 0.962325 0.000000
vt  0.331082 0.932969 0.000000
vt  0.331082 0.962325 0.000000
vt  0.339037 0.970280 0.000000
vt  0.331082 0.932969 0.000000
vt  0.339037 0.970280 0.000000
vt  0.374701 0.962325 0.000000
vt  0.366824 0.925092 0.000000
vt  0.338959 0.925092 0.000000
vt  0.331082 0.932969 0.000000
vt  0.366824 0.925092 0.000000
vt  0.331082 0.932969 0.000000
vt  0.374701 0.962325 0.000000
vt  0.158547 0.450951 0.000000
vt  0.158547 0.346608 0.000000
vt  0.216012 0.346608 0.000000
vt  0.239814 0.346608 0.000000
vt  0.239814 0.450951 0.000000
vt  0.216012 0.450951 0.000000
vt  0.216012 0.346608 0.000000
vt  0.216012 0.450951 0.000000
vt  0.158547 0.346608 0.000000
vt  0.158547 0.450951 0.000000
vt  0.101082 0.346608 0.000000
vt  0.101082 0.450951 0.000000
vt  0.097395 0.319330 0.000000
vt  0.077280 0.346608 0.000000
vt  0.115306 0.319330 0.000000
vt  0.115306 0.319330 0.000000
vt  0.101082 0.346608 0.000000
vt  0.158547 0.319330 0.000000
vt  0.201787 0.319330 0.000000
vt  0.219698 0.319330 0.000000
vt  0.377308 0.814687 0.000000
vt  0.395311 0.814687 0.000000
vt  0.329149 0.814687 0.000000
vt  0.321050 0.779646 0.000000
vt  0.324624 0.776072 0.000000
vt  0.324624 0.758016 0.000000
vt  0.292835 0.775094 0.000000
vt  0.297386 0.779646 0.000000
vt  0.321050 0.779646 0.000000
vt  0.297386 0.754442 0.000000
vt  0.292835 0.758994 0.000000
vt  0.292835 0.775094 0.000000
vt  0.297386 0.754442 0.000000
vt  0.292835 0.775094 0.000000
vt  0.321050 0.779646 0.000000
vt  0.297386 0.754442 0.000000
vt  0.321050 0.779646 0.000000
vt  0.324624 0.758016 0.000000
vt  0.321050 0.754442 0.000000
vt  0.297386 0.754442 0.000000
vt  0.324624 0.758016 0.000000
vt  0.293141 0.760826 0.000000
vt  0.295501 0.760826 0.000000
vt  0.295501 0.773261 0.000000
vt  0.293141 0.773261 0.000000
vt  0.293141 0.773261 0.000000
vt  0.293141 0.760826 0.000000
vt  0.293141 0.760826 0.000000
vt  0.293141 0.760826 0.000000
vt  0.293141 0.773261 0.000000
vt  0.293141 0.773261 0.000000
vt  0.077280 0.450951 0.000000
vt  0.101082 0.450951 0.000000
vt  0.370952 0.741331 0.000000
vt  0.370952 0.663595 0.000000
vt  0.420400 0.663595 0.000000
vt  0.420400 0.663595 0.000000
vt  0.420400 0.741331 0.000000
vt  0.370952 0.741331 0.000000
vt  0.510998 0.672272 0.000000
vt  0.458979 0.672272 0.000000
vt  0.469618 0.561772 0.000000
vt  0.469618 0.561772 0.000000
vt  0.510998 0.561772 0.000000
vt  0.510998 0.672272 0.000000
vt  0.332620 0.744538 0.000000
vt  0.331814 0.745348 0.000000
vt  0.325480 0.745349 0.000000
vt  0.332620 0.738886 0.000000
vt  0.332620 0.744538 0.000000
vt  0.325480 0.745349 0.000000
vt  0.324674 0.738886 0.000000
vt  0.332620 0.738886 0.000000
vt  0.325480 0.745349 0.000000
vt  0.324674 0.744538 0.000000
vt  0.324674 0.738886 0.000000
vt  0.325480 0.745349 0.000000
vt  0.275458 0.562472 0.000000
vt  0.316837 0.562472 0.000000
vt  0.327476 0.672972 0.000000
vt  0.327476 0.672972 0.000000
vt  0.275458 0.672972 0.000000
vt  0.275458 0.562472 0.000000
vt  0.275458 0.672972 0.000000
vt  0.327476 0.672972 0.000000
vt  0.284618 0.745874 0.000000
vt  0.284618 0.745874 0.000000
vt  0.264418 0.745874 0.000000
vt  0.275458 0.672972 0.000000
vt  0.522038 0.745174 0.000000
vt  0.501838 0.745174 0.000000
vt  0.458979 0.672272 0.000000
vt  0.458979 0.672272 0.000000
vt  0.510998 0.672272 0.000000
vt  0.522038 0.745174 0.000000
vt  0.455813 0.788755 0.000000
vt  0.461756 0.795630 0.000000
vt  0.508458 0.795630 0.000000
vt  0.455813 0.768412 0.000000
vt  0.455813 0.788755 0.000000
vt  0.508458 0.795630 0.000000
vt  0.514401 0.768412 0.000000
vt  0.455813 0.768412 0.000000
vt  0.508458 0.795630 0.000000
vt  0.514401 0.788755 0.000000
vt  0.514401 0.768412 0.000000
vt  0.508458 0.795630 0.000000
vt  0.377308 0.814687 0.000000
vt  0.377308 0.909551 0.000000
vt  0.395311 0.909551 0.000000
vt  0.395311 0.909551 0.000000
vt  0.395311 0.814687 0.000000
vt  0.377308 0.814687 0.000000
vt  0.395311 0.814687 0.000000
vt  0.395311 0.909551 0.000000
vt  0.444118 0.909551 0.000000
vt  0.444118 0.909551 0.000000
vt  0.444118 0.814687 0.000000
vt  0.395311 0.814687 0.000000
vt  0.462329 0.814687 0.000000
vt  0.462329 0.909551 0.000000
vt  0.510274 0.909551 0.000000
vt  0.510274 0.909551 0.000000
vt  0.510274 0.814687 0.000000
vt  0.462329 0.814687 0.000000
vt  0.262340 0.814687 0.000000
vt  0.262340 0.909551 0.000000
vt  0.311147 0.909551 0.000000
vt  0.311147 0.814687 0.000000
vt  0.311147 0.814687 0.000000
vt  0.311147 0.909551 0.000000
vt  0.329149 0.909551 0.000000
vt  0.329149 0.909551 0.000000
vt  0.329149 0.814687 0.000000
vt  0.311147 0.814687 0.000000
vt  0.329149 0.814687 0.000000
vt  0.329149 0.909551 0.000000
vt  0.377308 0.909551 0.000000
vt  0.377308 0.909551 0.000000
vt  0.377308 0.814687 0.000000
vt  0.329149 0.814687 0.000000
vt  0.444118 0.814687 0.000000
vt  0.444118 0.909551 0.000000
vt  0.462329 0.909551 0.000000
vt  0.462329 0.909551 0.000000
vt  0.462329 0.814687 0.000000
vt  0.444118 0.814687 0.000000
vt  0.244128 0.814687 0.000000
vt  0.244128 0.909551 0.000000
vt  0.262340 0.909551 0.000000
vt  0.262340 0.909551 0.000000
vt  0.262340 0.814687 0.000000
vt  0.244128 0.814687 0.000000
vt  0.420400 0.545769 0.000000
vt  0.420400 0.663595 0.000000
vt  0.370952 0.663595 0.000000
vt  0.370952 0.663595 0.000000
vt  0.370952 0.545769 0.000000
vt  0.420400 0.545769 0.000000
vt  0.376413 0.909554 0.000000
vt  0.370463 0.919195 0.000000
vt  0.380398 0.929130 0.000000
vt  0.380398 0.966154 0.000000
vt  0.389712 0.972415 0.000000
vt  0.389712 0.922853 0.000000
vt  0.389712 0.922853 0.000000
vt  0.380398 0.929130 0.000000
vt  0.380398 0.966154 0.000000
vt  0.335418 0.976187 0.000000
vt  0.329501 0.985844 0.000000
vt  0.376282 0.985845 0.000000
vt  0.376282 0.985845 0.000000
vt  0.370365 0.976187 0.000000
vt  0.335418 0.976187 0.000000
vt  0.325385 0.929130 0.000000
vt  0.316071 0.922853 0.000000
vt  0.316071 0.972414 0.000000
vt  0.316071 0.972414 0.000000
vt  0.325385 0.966154 0.000000
vt  0.325385 0.929130 0.000000
vt  0.335320 0.919195 0.000000
vt  0.329370 0.909554 0.000000
vt  0.316071 0.922853 0.000000
vt  0.316071 0.922853 0.000000
vt  0.325385 0.929130 0.000000
vt  0.335320 0.919195 0.000000
vt  0.370463 0.919195 0.000000
vt  0.376413 0.909554 0.000000
vt  0.329370 0.909554 0.000000
vt  0.329370 0.909554 0.000000
vt  0.335320 0.919195 0.000000
vt  0.370463 0.919195 0.000000
vt  0.370365 0.976187 0.000000
vt  0.376282 0.985845 0.000000
vt  0.389712 0.972415 0.000000
vt  0.389712 0.972415 0.000000
vt  0.380398 0.966154 0.000000
vt  0.370365 0.976187 0.000000
vt  0.325385 0.966154 0.000000
vt  0.316071 0.972414 0.000000
vt  0.329501 0.985844 0.000000
vt  0.329501 0.985844 0.000000
vt  0.335418 0.976187 0.000000
vt  0.325385 0.966154 0.000000
vt  0.374701 0.932969 0.000000
vt  0.380398 0.929130 0.000000
vt  0.370463 0.919195 0.000000
vt  0.370463 0.919195 0.000000
vt  0.366824 0.925092 0.000000
vt  0.374701 0.932969 0.000000
vt  0.374701 0.962325 0.000000
vt  0.380398 0.966154 0.000000
vt  0.380398 0.929130 0.000000
vt  0.336700 0.736174 0.000000
vt  0.333791 0.739082 0.000000
vt  0.323502 0.739082 0.000000
vt  0.334416 0.718768 0.000000
vt  0.336700 0.721052 0.000000
vt  0.320594 0.721052 0.000000
vt  0.322878 0.718768 0.000000
vt  0.320594 0.736174 0.000000
vt  0.144886 0.654491 0.000000
vt  0.144886 0.636046 0.000000
vt  0.255597 0.636046 0.000000
vt  0.255597 0.636046 0.000000
vt  0.255597 0.654491 0.000000
vt  0.144886 0.654491 0.000000
vt  0.762989 0.650651 0.000000
vt  0.762989 0.633819 0.000000
vt  0.685904 0.633819 0.000000
vt  0.685904 0.633819 0.000000
vt  0.685904 0.650651 0.000000
vt  0.762989 0.650651 0.000000
vt  0.530858 0.653791 0.000000
vt  0.530858 0.635346 0.000000
vt  0.641569 0.635346 0.000000
vt  0.641569 0.635346 0.000000
vt  0.641569 0.653791 0.000000
vt  0.530858 0.653791 0.000000
vt  0.509564 0.653791 0.000000
vt  0.509564 0.635346 0.000000
vt  0.530858 0.635346 0.000000
vt  0.530858 0.635346 0.000000
vt  0.530858 0.653791 0.000000
vt  0.509564 0.653791 0.000000
vt  0.355516 0.643889 0.000000
vt  0.355516 0.624221 0.000000
vt  0.435836 0.624221 0.000000
vt  0.435836 0.624221 0.000000
vt  0.435836 0.643889 0.000000
vt  0.355516 0.643889 0.000000
vt  0.255597 0.654491 0.000000
vt  0.255597 0.636046 0.000000
vt  0.276892 0.636046 0.000000
vt  0.276892 0.636046 0.000000
vt  0.276892 0.654491 0.000000
vt  0.255597 0.654491 0.000000
vt  0.380398 0.929130 0.000000
vt  0.389712 0.922853 0.000000
vt  0.376413 0.909554 0.000000
vt  0.954567 0.146089 0.000000
vt  0.954567 0.041746 0.000000
vt  0.978370 0.041746 0.000000
vt  0.978370 0.146089 0.000000
vt  0.954567 0.041746 0.000000
vt  0.954567 0.146089 0.000000
vt  0.897102 0.041746 0.000000
vt  0.897102 0.146089 0.000000
vt  0.839638 0.041746 0.000000
vt  0.839638 0.146089 0.000000
vt  0.815835 0.041746 0.000000
vt  0.815835 0.146089 0.000000
vt  0.839638 0.041746 0.000000
vt  0.839638 0.146089 0.000000
vt  0.897102 0.041746 0.000000
vt  0.897102 0.146089 0.000000
vt  0.940343 0.014468 0.000000
vt  0.958254 0.014468 0.000000
vt  0.897102 0.208038 0.000000
vt  0.897102 0.177756 0.000000
vt  0.943498 0.177756 0.000000
vt  0.962351 0.208038 0.000000
vt  0.850707 0.177756 0.000000
vt  0.850707 0.146722 0.000000
vt  0.897102 0.146722 0.000000
vt  0.831489 0.177756 0.000000
vt  0.831489 0.146722 0.000000
vt  0.850707 0.177756 0.000000
vt  0.850707 0.146722 0.000000
vt  0.897102 0.177756 0.000000
vt  0.897102 0.146722 0.000000
vt  0.943498 0.177756 0.000000
vt  0.943498 0.146722 0.000000
vt  0.962716 0.177756 0.000000
vt  0.962716 0.146722 0.000000
vt  0.943498 0.146722 0.000000
vt  0.104560 0.893742 0.000000
vt  0.090584 0.893742 0.000000
vt  0.109267 0.848637 0.000000
vt  0.119150 0.928965 0.000000
vt  0.109267 0.938848 0.000000
vt  0.154373 0.943555 0.000000
vt  0.154373 0.957531 0.000000
vt  0.189596 0.928965 0.000000
vt  0.199478 0.938848 0.000000
vt  0.204185 0.893742 0.000000
vt  0.218161 0.893742 0.000000
vt  0.189596 0.858519 0.000000
vt  0.199478 0.848637 0.000000
vt  0.154373 0.843930 0.000000
vt  0.119150 0.858519 0.000000
vt  0.104560 0.893742 0.000000
vt  0.119150 0.928965 0.000000
vt  0.154373 0.943555 0.000000
vt  0.189596 0.928965 0.000000
vt  0.940343 0.014468 0.000000
vt  0.897102 0.014468 0.000000
vt  0.853862 0.014468 0.000000
vt  0.835951 0.014468 0.000000
vt  0.853862 0.014468 0.000000
vt  0.897102 0.014468 0.000000
vt  0.154373 0.843930 0.000000
vt  0.154373 0.829954 0.000000
vt  0.119150 0.858519 0.000000
vt  0.154373 0.957531 0.000000
vt  0.154373 0.943555 0.000000
vt  0.189596 0.928965 0.000000
vt  0.204185 0.893742 0.000000
vt  0.218161 0.893742 0.000000
vt  0.199478 0.938848 0.000000
vt  0.189596 0.858519 0.000000
vt  0.199478 0.848637 0.000000
vt  0.154373 0.893742 0.000000
vt  0.154373 0.843930 0.000000
vt  0.189596 0.858519 0.000000
vt  0.119150 0.858519 0.000000
vt  0.104560 0.893742 0.000000
vt  0.119150 0.928965 0.000000
vt  0.154373 0.943555 0.000000
vt  0.189596 0.928965 0.000000
vt  0.204185 0.893742 0.000000
vt  0.897102 0.394333 0.000000
vt  0.831854 0.394333 0.000000
vt  0.831854 0.208038 0.000000
vt  0.804828 0.394333 0.000000
vt  0.804828 0.208038 0.000000
vt  0.831854 0.394333 0.000000
vt  0.201787 0.319330 0.000000
vt  0.158547 0.319330 0.000000
vt  0.154373 0.843930 0.000000
vt  0.154373 0.829954 0.000000
vt  0.119150 0.858519 0.000000
vt  0.109267 0.848637 0.000000
vt  0.104560 0.893742 0.000000
vt  0.090584 0.893742 0.000000
vt  0.119150 0.928965 0.000000
vt  0.109267 0.938848 0.000000
vt  0.886224 0.890944 0.000000
vt  0.791829 0.796550 0.000000
vt  0.697435 0.890944 0.000000
vt  0.791829 0.985339 0.000000
vt  0.858576 0.957691 0.000000
vt  0.725082 0.957691 0.000000
vt  0.831854 0.208038 0.000000
vt  0.897102 0.208038 0.000000
vt  0.962351 0.208038 0.000000
vt  0.989377 0.208038 0.000000
vt  0.897102 0.394333 0.000000
vt  0.962351 0.394333 0.000000
vt  0.989377 0.394333 0.000000
vt  0.962351 0.394333 0.000000
vt  0.962351 0.394333 0.000000
vt  0.989377 0.394333 0.000000
vt  0.962351 0.394333 0.000000
vt  0.831854 0.394333 0.000000
vt  0.897102 0.394333 0.000000
vt  0.831854 0.394333 0.000000
vt  0.804828 0.394333 0.000000
vt  0.897102 0.394333 0.000000
vt  0.725082 0.824197 0.000000
vt  0.858576 0.824197 0.000000
# 1177 texture vertices

g Material__2
usemtl turbina_builder_front
f 1901/7130 1903/7132 1902/7131
f 1904/7133 1903/7135 1901/7134
f 1905/7136 1907/7138 1906/7137
f 1908/7139 1906/7141 1907/7140
f 1909/7142 1911/7144 1910/7143
f 1912/7145 1910/7143 1911/7144
f 1905/7146 1906/7148 1913/7147
f 1909/7149 1910/7151 1914/7150
f 1915/7152 1917/7154 1916/7153
f 1918/7155 1917/7157 1915/7156
f 1919/7158 1918/7160 1915/7159
f 1920/7161 1917/7163 1918/7162
f 1920/7164 1921/7166 1917/7165
f 1922/7167 1917/7169 1921/7168
f 1918/7170 1923/7172 1920/7171
f 1921/7173 1920/7175 1923/7174
f 1919/7176 1924/7178 1918/7177
f 1923/7179 1918/7181 1924/7180
f 1915/7182 1925/7184 1919/7183
f 1926/7185 1928/7187 1927/7186
f 1929/7188 1928/7190 1926/7189
f 1930/7191 1928/7193 1929/7192
f 1931/7194 1928/7196 1930/7195
f 1932/7197 1930/7199 1929/7198
f 1933/7200 1930/7202 1932/7201
f 1934/7203 1930/7205 1933/7204
f 1935/7206 1902/7208 1932/7207
f 1933/7209 1932/7211 1902/7210
f 1901/7212 1926/7214 1927/7213
f 1902/7215 1926/7217 1901/7216
f 1935/7218 1926/7220 1902/7219
f 1928/7221 1904/7223 1927/7222
f 1901/7224 1927/7226 1904/7225
f 1931/7227 1903/7229 1928/7228
f 1904/7230 1928/7232 1903/7231
f 1930/7233 1934/7235 1931/7234
f 1903/7236 1931/7238 1934/7237
f 1933/7239 1903/7241 1934/7240
f 1902/7242 1903/7244 1933/7243
f 1936/7245 1938/7247 1937/7246
f 1906/7248 1908/7250 1937/7249
f 1939/7251 1937/7253 1908/7252
f 1910/7254 1912/7256 1905/7255
f 1907/7257 1905/7259 1912/7258
f 1940/7260 1941/7262 1909/7261
f 1911/7263 1909/7265 1941/7264
f 1942/7266 1943/7268 1940/7267
f 1941/7269 1940/7271 1943/7270
f 1936/7272 1944/7274 1942/7273
f 1943/7275 1942/7277 1944/7276
f 1937/7278 1939/7280 1936/7279
f 1944/7281 1936/7283 1939/7282
f 1911/7284 1907/7286 1912/7285
f 1944/7287 1907/7286 1911/7284
f 1941/7288 1944/7287 1911/7284
f 1943/7289 1944/7287 1941/7288
f 1939/7290 1907/7286 1944/7287
f 1908/7291 1907/7286 1939/7290
f 1924/7292 1919/7294 1925/7293
f 1916/7295 1938/7297 1915/7296
f 1925/7298 1915/7300 1938/7299
f 1917/7301 1922/7303 1916/7302
f 1938/7304 1916/7306 1922/7305
f 1922/7307 1906/7309 1937/7308
f 1921/7310 1906/7312 1922/7311
f 1913/7313 1906/7315 1921/7314
f 1913/7316 1910/7318 1905/7317
f 1921/7319 1910/7321 1913/7320
f 1923/7322 1910/7324 1921/7323
f 1914/7325 1910/7327 1923/7326
f 1914/7328 1940/7330 1909/7329
f 1923/7331 1940/7333 1914/7332
f 1924/7334 1940/7336 1923/7335
f 1925/7337 1942/7339 1924/7338
f 1940/7340 1924/7342 1942/7341
f 1938/7343 1936/7345 1925/7344
f 1942/7346 1925/7348 1936/7347
f 1922/7349 1937/7351 1938/7350
f 1945/7352 1947/7354 1946/7353
f 1948/7355 1950/7357 1949/7356
f 1951/7358 1948/7355 1949/7356
f 1952/7359 1948/7355 1951/7358
f 1953/7360 1952/7359 1951/7358
f 1954/7361 1950/7357 1948/7355
f 1955/7362 1950/7357 1954/7361
f 1956/7363 1950/7357 1955/7362
f 1957/7364 1952/7366 1958/7365
f 1953/7367 1958/7369 1952/7368
f 1946/7353 1950/7357 1945/7352
f 1956/7363 1945/7352 1950/7357
f 1959/7370 1945/7372 1960/7371
f 1956/7373 1960/7375 1945/7374
f 1961/7376 1963/7378 1962/7377
f 1964/7379 1961/7381 1962/7380
f 1965/7382 1964/7384 1962/7383
f 1966/7385 1964/7387 1965/7386
f 1967/7388 1964/7390 1966/7389
f 1951/7391 1949/7393 1953/7392
f 1947/7394 1953/7392 1949/7393
f 1953/7395 1947/7397 1958/7396
f 1968/7398 1958/7396 1947/7397
f 1958/7399 1968/7401 1967/7400
f 1964/7402 1967/7400 1968/7401
f 1969/7403 1971/7405 1970/7404
f 1972/7406 1970/7408 1971/7407
f 1971/7409 1969/7411 1973/7410
f 1974/7412 1973/7414 1969/7413
f 1973/7415 1974/7417 1975/7416
f 1976/7418 1975/7420 1974/7419
f 1975/7421 1976/7423 1972/7422
f 1970/7424 1972/7426 1976/7425
f 1976/7427 1974/7429 1970/7428
f 1969/7430 1970/7432 1974/7431
f 1971/7433 1973/7435 1972/7434
f 1975/7436 1972/7438 1973/7437
f 1949/7356 1950/7357 1946/7353
f 1947/7354 1949/7356 1946/7353
f 1960/7439 1956/7441 1963/7440
f 1966/7442 1978/7444 1977/7443
f 1979/7445 1978/7447 1966/7446
f 1965/7448 1979/7450 1966/7449
f 1980/7451 1978/7453 1979/7452
f 1979/7454 1981/7456 1980/7455
f 1982/7457 1980/7455 1981/7456
f 1957/7458 1948/7460 1952/7459
f 1977/7461 1948/7460 1957/7458
f 1966/7462 1977/7461 1957/7458
f 1983/7463 1948/7460 1977/7461
f 1984/7464 1955/7466 1954/7465
f 1982/7467 1955/7466 1984/7464
f 1985/7468 1982/7467 1984/7464
f 1962/7469 1955/7466 1982/7467
f 1981/7470 1962/7469 1982/7467
f 1963/7471 1955/7466 1962/7469
f 1935/7472 1932/7474 1926/7473
f 1929/7475 1926/7477 1932/7476
f 1957/7478 1967/7480 1966/7479
f 1958/7481 1967/7483 1957/7482
f 1986/7484 1961/7486 1964/7485
f 1968/7487 1986/7489 1964/7488
f 1959/7490 1986/7492 1968/7491
f 1960/7493 1963/7495 1961/7494
f 1960/7496 1961/7498 1959/7497
f 1986/7499 1959/7501 1961/7500
f 1945/7502 1959/7504 1947/7503
f 1968/7505 1947/7507 1959/7506
f 1955/7508 1963/7510 1956/7509
f 1954/7511 1948/7513 1984/7512
f 1983/7514 1984/7516 1948/7515
f 1981/7517 1979/7519 1962/7518
f 1965/7520 1962/7522 1979/7521
f 1985/7523 1978/7525 1982/7524
f 1980/7526 1982/7528 1978/7527
f 1977/7529 1978/7531 1983/7530
f 1983/7532 1978/7534 1984/7533
f 1984/7535 1978/7537 1985/7536
usemtl turbina_building
f 1987/7538 1989/7540 1988/7539
f 1990/7541 1989/7543 1991/7542
f 1989/7543 1990/7541 1992/7544
f 1993/7545 1991/7542 1994/7546
f 1991/7542 1993/7545 1990/7541
f 1995/7547 1994/7546 1996/7548
f 1994/7546 1995/7547 1993/7545
f 1997/7549 1996/7548 1998/7550
f 1996/7548 1997/7549 1995/7547
f 1999/7551 1998/7550 2000/7552
f 1998/7550 1999/7551 1997/7549
f 2001/7553 2000/7552 2002/7554
f 2000/7552 2001/7553 1999/7551
f 2003/7555 2002/7554 1988/7556
f 2002/7554 2003/7555 2001/7553
f 1992/7544 1988/7556 1989/7543
f 2004/7557 1987/7559 2005/7558
f 2004/7557 2006/7560 1987/7559
f 1991/7561 2006/7563 2007/7562
f 2006/7563 1991/7561 1989/7540
f 1994/7564 2007/7562 2008/7565
f 2007/7562 1994/7564 1991/7561
f 1996/7566 2008/7565 2009/7567
f 2008/7565 1996/7566 1994/7564
f 1998/7568 2009/7567 2010/7569
f 2009/7567 1998/7568 1996/7566
f 2000/7570 2010/7569 2011/7571
f 2010/7569 2000/7570 1998/7568
f 2002/7572 2011/7571 2005/7573
f 2011/7571 2002/7572 2000/7570
f 1988/7539 2005/7573 1987/7538
f 2005/7573 1988/7539 2002/7572
f 1989/7540 1987/7538 2006/7563
f 2012/7574 2014/7576 2013/7575
f 2014/7576 2012/7574 2015/7577
f 2016/7578 2018/7580 2017/7579
f 2018/7581 2016/7583 2019/7582
f 2020/7584 2019/7586 2016/7585
f 2019/7587 2020/7589 2021/7588
f 2022/7590 2021/7592 2020/7591
f 2021/7593 2022/7595 2023/7594
f 2015/7596 2023/7598 2022/7597
f 2023/7598 2015/7596 2012/7599
f 2017/7600 2013/7602 2014/7601
f 2013/7603 2017/7605 2018/7604
f 2020/7606 2016/7608 2022/7607
f 2022/7609 2016/7611 2014/7610
f 2022/7612 2014/7614 2015/7613
f 2014/7615 2016/7617 2017/7616
f 2024/7618 2026/7620 2025/7619
f 1988/7556 1992/7544 2003/7555
f 2027/7621 1992/7544 1990/7541
f 1992/7544 2027/7621 2028/7622
f 2029/7623 1990/7541 1993/7545
f 1990/7541 2029/7623 2027/7621
f 2030/7624 1993/7545 1995/7547
f 1993/7545 2030/7624 2029/7623
f 2031/7625 1995/7547 1997/7549
f 1995/7547 2031/7625 2030/7624
f 2032/7626 1997/7549 1999/7551
f 1997/7549 2032/7626 2031/7625
f 2033/7627 1999/7551 2001/7553
f 1999/7551 2033/7627 2032/7626
f 2034/7628 2001/7553 2003/7555
f 2001/7553 2034/7628 2033/7627
f 2028/7622 2003/7555 1992/7544
f 2003/7555 2028/7622 2034/7628
f 2035/7629 2037/7631 2036/7630
f 2038/7632 2035/7634 2039/7633
f 2039/7635 2035/7637 2040/7636
f 2040/7638 2035/7640 2041/7639
f 2041/7641 2035/7643 2036/7642
f 2042/7644 2044/7646 2043/7645
f 2044/7647 2042/7649 2045/7648
f 2046/7650 2048/7652 2047/7651
f 2048/7653 2046/7655 2049/7654
f 2050/7656 2042/7658 2051/7657
f 2042/7659 2050/7661 2045/7660
f 2047/7662 2044/7664 2046/7663
f 2046/7665 2044/7667 2052/7666
f 2052/7668 2044/7670 2050/7669
f 2050/7671 2044/7673 2045/7672
f 2053/7674 2046/7676 2052/7675
f 2046/7677 2053/7679 2049/7678
f 2053/7680 2050/7682 2051/7681
f 2050/7683 2053/7685 2052/7684
f 2037/7686 2055/7688 2054/7687
f 2054/7689 2055/7691 2056/7690
f 2054/7692 2056/7694 2057/7693
f 2056/7695 2055/7697 2058/7696
f 2054/7698 2036/7700 2037/7699
f 2036/7701 2054/7703 2041/7702
f 2057/7704 2041/7706 2054/7705
f 2041/7706 2057/7704 2040/7707
f 2056/7708 2040/7710 2057/7709
f 2040/7711 2056/7713 2039/7712
f 2058/7714 2039/7716 2056/7715
f 2039/7717 2058/7719 2038/7718
f 2055/7720 2038/7722 2058/7721
f 2038/7723 2055/7725 2035/7724
f 2037/7726 2035/7728 2055/7727
f 2059/7729 2061/7731 2060/7730
f 2059/7732 2060/7734 2062/7733
f 2059/7735 2062/7737 2063/7736
f 2062/7738 2060/7740 2064/7739
f 2060/7741 2061/7743 2065/7742
f 2066/7744 2068/7746 2067/7745
f 2067/7747 2068/7749 2069/7748
f 2067/7750 2069/7752 2070/7751
f 2067/7753 2070/7755 2071/7754
f 2070/7756 2069/7758 2072/7757
f 2069/7759 2068/7761 2073/7760
f 2004/7557 2007/7762 2006/7560
f 2004/7557 2008/7763 2007/7762
f 2004/7557 2009/7764 2008/7763
f 2004/7557 2010/7765 2009/7764
f 2004/7557 2011/7766 2010/7765
f 2004/7557 2005/7558 2011/7766
f 2043/7767 2048/7769 2042/7768
f 2042/7770 2048/7772 2051/7771
f 2051/7773 2048/7775 2053/7774
f 2053/7776 2048/7778 2049/7777
f 2047/7779 2043/7781 2044/7780
f 2043/7782 2047/7784 2048/7783
f 2031/7785 2032/7787 2030/7786
f 2030/7788 2032/7790 2034/7789
f 2030/7791 2034/7793 2027/7792
f 2030/7794 2027/7796 2029/7795
f 2027/7797 2034/7799 2028/7798
f 2034/7800 2032/7802 2033/7801
f 2018/7803 2019/7805 2013/7804
f 2013/7806 2019/7808 2012/7807
f 2012/7809 2019/7811 2023/7810
f 2023/7812 2019/7814 2021/7813
f 2074/7815 2061/7817 2059/7816
f 2075/7818 2077/7820 2076/7819
f 2078/7821 2080/7823 2079/7822
f 2080/7824 2078/7826 2081/7825
f 2082/7827 2084/7829 2083/7828
f 2084/7830 2082/7832 2085/7831
f 2086/7833 2088/7835 2087/7834
f 2088/7836 2086/7838 2089/7837
f 2090/7839 2092/7841 2091/7840
f 2092/7842 2090/7844 2093/7843
f 2094/7845 2093/7847 2090/7846
f 2093/7848 2094/7850 2095/7849
f 2087/7851 2097/7853 2096/7852
f 2097/7854 2087/7856 2088/7855
f 2098/7857 2100/7859 2099/7858
f 2101/7860 2098/7862 2102/7861
f 2103/7863 2101/7865 2104/7864
f 2103/7866 2098/7868 2101/7867
f 2103/7869 2100/7871 2098/7870
f 2105/7872 2077/7874 2075/7873
f 2106/7875 2108/7877 2107/7876
f 2108/7878 2106/7880 2109/7879
f 2110/7881 2112/7883 2111/7882
f 2112/7884 2110/7886 2113/7885
f 2114/7887 2111/7889 2115/7888
f 2111/7890 2114/7892 2110/7891
f 2076/7893 2115/7895 2116/7894
f 2115/7896 2076/7898 2114/7897
f 2109/7899 2117/7901 2108/7900
f 2117/7902 2109/7904 2077/7903
f 2113/7905 2107/7907 2112/7906
f 2107/7908 2113/7910 2106/7909
f 2106/7911 2077/7913 2109/7912
f 2110/7914 2106/7916 2113/7915
f 2110/7917 2077/7919 2106/7918
f 2076/7920 2110/7922 2114/7921
f 2076/7923 2077/7925 2110/7924
f 2068/7926 2119/7928 2118/7927
f 2120/7929 2066/7931 2067/7930
f 2066/7931 2120/7929 2119/7928
f 2121/7932 2067/7930 2071/7933
f 2067/7930 2121/7932 2120/7929
f 2122/7934 2071/7933 2070/7935
f 2071/7933 2122/7934 2121/7932
f 2123/7936 2070/7935 2072/7937
f 2070/7935 2123/7936 2122/7934
f 2124/7938 2123/7936 2125/7939
f 2123/7936 2124/7938 2126/7940
f 2127/7941 2125/7939 2128/7942
f 2125/7939 2127/7941 2124/7938
f 2129/7943 2128/7942 2118/7927
f 2128/7942 2129/7943 2127/7941
f 2130/7944 2118/7927 2119/7928
f 2118/7927 2130/7944 2129/7943
f 2131/7945 2119/7928 2120/7929
f 2132/7946 2100/7948 2103/7947
f 2082/7949 2078/7951 2085/7950
f 2133/7952 2082/7954 2134/7953
f 2135/7955 2133/7957 2136/7956
f 2135/7958 2082/7960 2133/7959
f 2135/7961 2078/7963 2082/7962
f 2081/7964 2078/7966 2135/7965
f 2137/7967 2139/7969 2138/7968
f 2139/7969 2137/7967 2140/7970
f 2141/7971 2137/7973 2142/7972
f 2137/7974 2141/7976 2140/7975
f 2125/7939 2072/7937 2069/7977
f 2072/7937 2125/7939 2123/7936
f 2128/7942 2069/7977 2073/7978
f 2069/7977 2128/7942 2125/7939
f 2118/7927 2073/7978 2068/7926
f 2073/7978 2118/7927 2128/7942
f 2119/7928 2068/7926 2066/7931
f 2095/7979 2088/7981 2093/7980
f 2088/7982 2095/7984 2097/7983
f 2140/7985 2086/7987 2087/7986
f 2086/7988 2140/7990 2141/7989
f 2086/7991 2092/7993 2089/7992
f 2141/7994 2092/7996 2086/7995
f 2142/7997 2092/7999 2141/7998
f 2091/8000 2092/8002 2142/8001
f 2142/8003 2090/8005 2091/8004
f 2090/8006 2142/8008 2137/8007
f 2137/8009 2094/8011 2090/8010
f 2094/8012 2137/8014 2138/8013
f 2139/8015 2087/8017 2096/8016
f 2087/8018 2139/8020 2140/8019
f 2094/8021 2097/8023 2095/8022
f 2138/8024 2097/8026 2094/8025
f 2139/8027 2097/8029 2138/8028
f 2096/8030 2097/8032 2139/8031
f 2132/8033 2144/8035 2143/8034
f 2144/8036 2132/8038 2103/8037
f 2103/8039 2145/8041 2144/8040
f 2145/8042 2103/8044 2104/8043
f 2101/8045 2147/8047 2146/8046
f 2147/8048 2101/8050 2102/8049
f 2098/8051 2149/8053 2148/8052
f 2149/8053 2098/8051 2099/8054
f 2099/8055 2150/8057 2149/8056
f 2150/8058 2099/8060 2100/8059
f 2100/8061 2143/8063 2150/8062
f 2143/8064 2100/8066 2132/8065
f 2104/8067 2146/8069 2145/8068
f 2146/8070 2104/8072 2101/8071
f 2102/8073 2148/8075 2147/8074
f 2148/8076 2102/8078 2098/8077
f 2089/8079 2093/8081 2088/8080
f 2093/8082 2089/8084 2092/8083
f 2143/8085 2105/8087 2116/8086
f 2117/8088 2144/8090 2145/8089
f 2144/8091 2117/8093 2105/8092
f 2107/8094 2146/8096 2147/8095
f 2146/8097 2107/8099 2108/8098
f 2111/8100 2148/8102 2149/8101
f 2148/8103 2111/8105 2112/8104
f 2115/8106 2149/8108 2150/8107
f 2149/8109 2115/8111 2111/8110
f 2116/8112 2150/8114 2143/8113
f 2150/8115 2116/8117 2115/8116
f 2108/8118 2145/8120 2146/8119
f 2145/8121 2108/8123 2117/8122
f 2112/8124 2147/8126 2148/8125
f 2147/8127 2112/8129 2107/8128
f 2075/8130 2116/8132 2105/8131
f 2116/8133 2075/8135 2076/8134
f 2077/8136 2105/8138 2117/8137
f 2151/8139 2153/8141 2152/8140
f 2084/8142 2151/8139 2083/8143
f 2084/8142 2153/8141 2151/8139
f 2080/8144 2084/8142 2079/8145
f 2080/8144 2153/8141 2084/8142
f 2154/8146 2153/8141 2080/8144
f 2081/8147 2154/8149 2080/8148
f 2154/8150 2081/8152 2135/8151
f 2085/8153 2079/8155 2084/8154
f 2079/8156 2085/8158 2078/8157
f 2134/8159 2083/8161 2151/8160
f 2083/8162 2134/8164 2082/8163
f 2133/8165 2151/8167 2152/8166
f 2151/8168 2133/8170 2134/8169
f 2136/8171 2152/8173 2153/8172
f 2152/8174 2136/8176 2133/8175
f 2135/8177 2153/8179 2154/8178
f 2153/8180 2135/8182 2136/8181
f 2105/8183 2143/8185 2144/8184
f 2155/8186 2157/8188 2156/8187
f 2157/8188 2155/8186 2158/8189
f 2158/8189 2159/8190 2157/8188
f 2159/8190 2158/8189 2160/8191
f 2160/8191 2161/8192 2159/8190
f 2161/8192 2160/8191 2162/8193
f 2162/8193 2163/8194 2161/8192
f 2163/8194 2162/8193 2164/8195
f 2164/8195 2165/8196 2163/8194
f 2165/8196 2164/8195 2166/8197
f 2166/8197 2167/8198 2165/8196
f 2167/8198 2166/8197 2168/8199
f 2168/8199 2169/8200 2167/8198
f 2169/8200 2168/8199 2170/8201
f 2170/8201 2156/8187 2169/8200
f 2156/8187 2170/8201 2155/8186
f 2156/8187 2172/8203 2171/8202
f 2172/8203 2156/8187 2157/8188
f 2173/8204 2175/8206 2174/8205
f 2175/8206 2173/8204 2176/8207
f 2177/8208 2064/8210 2060/8209
f 2064/8210 2177/8208 2174/8205
f 2178/8211 2060/8209 2065/8212
f 2060/8209 2178/8211 2177/8208
f 2179/8213 2065/8212 2061/8214
f 2065/8212 2179/8213 2178/8211
f 2180/8215 2061/8214 2074/8216
f 2061/8214 2180/8215 2179/8213
f 2181/8217 2074/8216 2059/8218
f 2074/8216 2181/8217 2180/8215
f 2182/8219 2059/8218 2063/8220
f 2059/8218 2182/8219 2181/8217
f 2175/8206 2063/8220 2062/8221
f 2063/8220 2175/8206 2182/8219
f 2174/8205 2062/8221 2064/8210
f 2062/8221 2174/8205 2175/8206
f 2183/8222 2185/8224 2184/8223
f 2184/8223 2186/8225 2183/8222
f 2186/8225 2184/8223 2187/8226
f 2187/8226 2188/8227 2186/8225
f 2188/8227 2187/8226 2189/8228
f 2189/8228 2190/8229 2188/8227
f 2190/8229 2189/8228 2191/8230
f 2191/8230 2026/8231 2190/8229
f 2026/8231 2191/8230 2192/8232
f 2192/8232 2025/8233 2026/8231
f 2025/8233 2192/8232 2171/8234
f 2024/7618 2025/7619 2193/8235
f 2024/7618 2193/8235 2194/8236
f 2024/7618 2194/8236 2183/8237
f 2024/7618 2183/8237 2186/8238
f 2024/7618 2186/8238 2188/8239
f 2024/7618 2188/8239 2190/8240
f 2024/7618 2190/8240 2026/7620
f 2157/8188 2185/8241 2172/8203
f 2185/8241 2157/8188 2159/8190
f 2159/8190 2184/8242 2185/8241
f 2184/8242 2159/8190 2161/8192
f 2161/8192 2187/8243 2184/8242
f 2187/8243 2161/8192 2163/8194
f 2163/8194 2189/8244 2187/8243
f 2189/8244 2163/8194 2165/8196
f 2165/8196 2191/8245 2189/8244
f 2191/8245 2165/8196 2167/8198
f 2167/8198 2192/8246 2191/8245
f 2192/8246 2167/8198 2169/8200
f 2169/8200 2171/8202 2192/8246
f 2171/8202 2169/8200 2156/8187
f 2171/8234 2193/8247 2025/8233
f 2193/8247 2171/8234 2172/8248
f 2172/8248 2194/8249 2193/8247
f 2194/8249 2172/8248 2185/8224
f 2185/8224 2183/8222 2194/8249
f 2131/8250 2196/8252 2195/8251
f 2197/8253 2199/8255 2198/8254
f 2199/8255 2197/8253 2196/8252
f 2200/8256 2198/8254 2126/8257
f 2198/8254 2200/8256 2197/8253
f 2201/8258 2200/8260 2202/8259
f 2201/8258 2202/8259 2203/8261
f 2201/8258 2203/8261 2204/8262
f 2201/8258 2204/8262 2205/8263
f 2201/8258 2205/8263 2195/8264
f 2201/8258 2195/8264 2196/8265
f 2201/8258 2196/8265 2197/8266
f 2201/8258 2197/8266 2200/8260
f 2173/8204 2207/8268 2206/8267
f 2207/8268 2173/8204 2208/8269
f 2208/8269 2209/8270 2207/8268
f 2209/8270 2208/8269 2210/8271
f 2210/8271 2211/8272 2209/8270
f 2119/7928 2131/7945 2130/7944
f 2199/8273 2120/7929 2121/7932
f 2120/7929 2199/8273 2131/7945
f 2198/8274 2121/7932 2122/7934
f 2121/7932 2198/8274 2199/8273
f 2126/7940 2122/7934 2123/7936
f 2122/7934 2126/7940 2198/8274
f 2202/8275 2126/8257 2124/8276
f 2126/8257 2202/8275 2200/8256
f 2203/8277 2124/8276 2127/8278
f 2124/8276 2203/8277 2202/8275
f 2204/8279 2127/8278 2129/8280
f 2127/8278 2204/8279 2203/8277
f 2205/8281 2129/8280 2130/8282
f 2129/8280 2205/8281 2204/8279
f 2195/8251 2130/8282 2131/8250
f 2130/8282 2195/8251 2205/8281
f 2196/8252 2131/8250 2199/8255
f 2170/8283 2162/8285 2158/8284
f 2166/8286 2170/8283 2168/8287
f 2166/8286 2162/8285 2170/8283
f 2164/8288 2162/8285 2166/8286
f 2208/8269 2174/8205 2177/8208
f 2174/8205 2208/8269 2173/8204
f 2210/8271 2177/8208 2178/8211
f 2177/8208 2210/8271 2208/8269
f 2212/8289 2178/8211 2179/8213
f 2178/8211 2212/8289 2210/8271
f 2213/8290 2179/8213 2180/8215
f 2179/8213 2213/8290 2212/8289
f 2214/8291 2180/8215 2181/8217
f 2180/8215 2214/8291 2213/8290
f 2215/8292 2181/8217 2182/8219
f 2181/8217 2215/8292 2214/8291
f 2176/8207 2182/8219 2175/8206
f 2182/8219 2176/8207 2215/8292
f 2211/8272 2210/8271 2212/8289
f 2212/8289 2216/8293 2211/8272
f 2216/8293 2212/8289 2213/8290
f 2213/8290 2217/8294 2216/8293
f 2217/8294 2213/8290 2214/8291
f 2214/8291 2218/8295 2217/8294
f 2218/8295 2214/8291 2215/8292
f 2215/8292 2219/8296 2218/8295
f 2219/8296 2215/8292 2176/8207
f 2176/8207 2206/8267 2219/8296
f 2206/8267 2176/8207 2173/8204
f 2219/8297 2217/8299 2218/8298
f 2207/8300 2219/8297 2206/8301
f 2211/8302 2207/8300 2209/8303
f 2211/8302 2219/8297 2207/8300
f 2211/8302 2217/8299 2219/8297
f 2216/8304 2217/8299 2211/8302
f 2158/8284 2162/8285 2160/8305
f 2170/8283 2158/8284 2155/8306
# 582 faces

g
# object Material__2 to come ...
#
v  0.146936 4.794218 0.846071
v  0.146936 4.694217 0.846071
v  0.046936 4.694217 0.846071
v  0.046936 4.794218 0.846071
v  0.101935 4.749218 1.296071
v  0.101935 4.739217 1.296071
v  0.091935 4.739217 1.296071
v  0.091935 4.749218 1.296071
v  0.096936 4.744217 0.796071
# 9 vertices

vt  0.000000 0.000000 0.000000
vt  1.000000 0.000000 0.000000
vt  1.000000 0.000000 0.000000
vt  0.000000 1.000000 0.000000
vt  0.000000 1.000000 0.000000
vt  0.000000 1.000000 0.000000
vt  1.000000 1.000000 0.000000
vt  1.000000 1.000000 0.000000
vt  1.000000 1.000000 0.000000
vt  1.000000 0.000000 0.000000
vt  1.000000 1.000000 0.000000
vt  0.000000 0.000000 0.000000
vt  0.000000 1.000000 0.000000
vt  0.000000 0.000000 0.000000
vt  1.000000 1.000000 0.000000
vt  1.000000 0.000000 0.000000
vt  1.000000 1.000000 0.000000
vt  0.000000 0.000000 0.000000
vt  0.000000 1.000000 0.000000
vt  0.000000 0.000000 0.000000
vt  1.000000 1.000000 0.000000
vt  1.000000 0.000000 0.000000
vt  1.000000 1.000000 0.000000
vt  0.000000 0.000000 0.000000
vt  0.000000 0.000000 0.000000
vt  1.000000 1.000000 0.000000
vt  0.000000 1.000000 0.000000
vt  0.000000 0.000000 0.000000
vt  1.000000 1.000000 0.000000
vt  1.000000 0.000000 0.000000
vt  0.000000 0.000000 0.000000
vt  0.000000 0.000000 0.000000
vt  1.000000 1.000000 0.000000
vt  1.000000 0.000000 0.000000
vt  0.000000 0.000000 0.000000
vt  0.000000 0.000000 0.000000
vt  1.000000 0.000000 0.000000
vt  1.000000 1.000000 0.000000
vt  0.000000 0.000000 0.000000
vt  1.000000 1.000000 0.000000
vt  0.000000 0.000000 0.000000
vt  1.000000 1.000000 0.000000
# 42 texture vertices

g Material__2
usemtl valkire_sm
f 2224/8316 2227/8317 2225/8318
f 2226/8319 2225/8320 2227/8321
usemtl tower_tank_build
f 2221/8322 2225/8323 2222/8324
f 2226/8325 2222/8326 2225/8327
usemtl turbina_builder
f 2220/8328 2224/8329 2221/8330
f 2225/8312 2221/8331 2224/8332
usemtl turbina_building
f 2227/8333 2223/8334 2226/8335
f 2222/8336 2226/8313 2223/8337
usemtl ig_mech_command_plane
f 2224/8311 2220/8338 2227/8339
f 2223/8340 2227/8314 2220/8341
usemtl turbina_builder_front
f 2228/8342 2220/8343 2221/8344
f 2228/8345 2221/8308 2222/8346
f 2228/8347 2222/8309 2223/8348
f 2228/8315 2223/8310 2220/8307
# 14 faces

g
# object Material__2 to come ...
#
v  0.068337 2.672738 1.006141
v  0.068337 2.572738 1.006258
v  0.168337 2.572738 1.006258
v  0.168337 2.672738 1.006141
v  0.113338 2.627213 0.556194
v  0.113338 2.617213 0.556206
v  0.123338 2.617213 0.556206
v  0.123338 2.627213 0.556194
v  0.118337 2.622796 1.056199
# 9 vertices

vt  0.000000 0.000000 0.000000
vt  1.000000 0.000000 0.000000
vt  1.000000 0.000000 0.000000
vt  0.000000 1.000000 0.000000
vt  0.000000 1.000000 0.000000
vt  0.000000 1.000000 0.000000
vt  1.000000 1.000000 0.000000
vt  1.000000 1.000000 0.000000
vt  1.000000 1.000000 0.000000
vt  1.000000 0.000000 0.000000
vt  1.000000 1.000000 0.000000
vt  0.000000 0.000000 0.000000
vt  0.000000 1.000000 0.000000
vt  0.000000 0.000000 0.000000
vt  1.000000 1.000000 0.000000
vt  1.000000 0.000000 0.000000
vt  1.000000 1.000000 0.000000
vt  0.000000 0.000000 0.000000
vt  0.000000 1.000000 0.000000
vt  0.000000 0.000000 0.000000
vt  1.000000 1.000000 0.000000
vt  1.000000 0.000000 0.000000
vt  1.000000 1.000000 0.000000
vt  0.000000 0.000000 0.000000
vt  0.000000 0.000000 0.000000
vt  1.000000 1.000000 0.000000
vt  0.000000 1.000000 0.000000
vt  0.000000 0.000000 0.000000
vt  1.000000 1.000000 0.000000
vt  1.000000 0.000000 0.000000
vt  0.000000 0.000000 0.000000
vt  0.000000 0.000000 0.000000
vt  1.000000 1.000000 0.000000
vt  1.000000 0.000000 0.000000
vt  0.000000 0.000000 0.000000
vt  0.000000 0.000000 0.000000
vt  1.000000 0.000000 0.000000
vt  1.000000 1.000000 0.000000
vt  0.000000 0.000000 0.000000
vt  1.000000 1.000000 0.000000
vt  0.000000 0.000000 0.000000
vt  1.000000 1.000000 0.000000
# 42 texture vertices

g Material__2
usemtl valkire_sm
f 2233/8358 2236/8359 2234/8360
f 2235/8361 2234/8362 2236/8363
usemtl tower_tank_build
f 2230/8364 2234/8365 2231/8366
f 2235/8367 2231/8368 2234/8369
usemtl turbina_builder
f 2229/8370 2233/8371 2230/8372
f 2234/8354 2230/8373 2233/8374
usemtl turbina_building
f 2236/8375 2232/8376 2235/8377
f 2231/8378 2235/8355 2232/8379
usemtl ig_mech_command_plane
f 2233/8353 2229/8380 2236/8381
f 2232/8382 2236/8356 2229/8383
usemtl turbina_builder_front
f 2237/8384 2229/8385 2230/8386
f 2237/8387 2230/8350 2231/8388
f 2237/8389 2231/8351 2232/8390
f 2237/8357 2232/8352 2229/8349
# 14 faces

g
# object Material__2 to come ...
#
v  1.886365 2.775036 1.559870
v  1.886365 3.208409 1.559870
v  1.886365 3.208409 0.590082
v  1.886365 1.972676 1.386101
v  1.886365 2.155173 1.559870
v  1.886365 2.155173 0.590082
v  1.886365 1.972675 0.763850
v  1.806761 3.346941 0.587977
v  1.806762 3.346940 1.563518
v  0.409990 2.775038 -1.414314
v  0.409990 3.208411 -1.414314
v  -0.241265 3.208411 -1.414314
v  -0.241265 2.775038 -1.414314
v  -0.242799 2.599221 -1.414314
v  0.408198 2.599366 -1.414314
v  -0.129246 2.092644 -1.414314
v  0.297970 2.092644 -1.414314
v  -0.240883 3.346943 -1.303373
v  0.408752 3.346942 -1.303373
v  0.409991 2.775035 3.551471
v  -0.241264 2.775035 3.551471
v  -0.241264 3.208407 3.551471
v  0.409991 3.208407 3.551471
v  -0.242798 2.599217 3.551472
v  0.408199 2.599362 3.551472
v  -0.129244 2.092641 3.551471
v  0.297972 2.092641 3.551471
v  0.408754 3.346939 3.440464
v  -0.240882 3.346939 3.440465
v  -0.170529 1.976910 3.463696
v  0.339420 1.976910 3.463696
v  0.470993 2.599362 3.463696
v  0.473132 2.775035 3.463696
v  0.473132 3.208407 3.463696
v  1.400045 1.394410 -1.134426
v  1.476074 1.594982 -1.262393
v  1.204115 1.594981 -1.262393
v  -0.306073 1.593088 -1.262392
v  -0.284325 1.392620 -1.134425
v  -0.156218 1.394410 -1.006473
v  -0.170530 1.594982 -1.134439
v  0.325752 1.394410 -1.006473
v  0.339418 1.594981 -1.134439
v  0.450107 1.394840 -1.134425
v  0.470992 1.595436 -1.262392
v  1.049180 1.595433 3.396129
v  0.996572 1.394836 3.268505
v  0.450108 1.394837 3.268505
v  0.470993 1.595433 3.396130
v  -0.306072 1.593084 3.396130
v  -0.284324 1.392617 3.268506
v  -0.822341 1.394395 3.268507
v  -0.875321 1.594966 3.396131
v  0.996571 1.394840 -1.134426
v  1.049178 1.595436 -1.262393
v  -0.875322 1.594969 -1.262392
v  -0.822342 1.394398 -1.134425
v  -1.706531 2.599539 0.590083
v  -1.706531 2.599538 1.559871
v  -1.706531 2.155172 1.559871
v  -1.706531 2.155174 0.590083
v  -1.706531 2.775036 0.590083
v  -1.706531 2.775035 1.559871
v  -1.706531 3.208408 0.590083
v  -1.706531 3.208408 1.559871
v  -1.706531 1.972675 1.386102
v  -1.706531 1.972675 0.763851
v  -1.627994 3.346940 1.563518
v  -1.627994 3.346940 0.587979
v  1.886365 2.598824 0.590082
v  1.886366 2.598824 1.559870
v  1.886365 2.775037 0.590082
v  1.806360 2.775036 0.590082
v  1.806359 3.208409 0.590082
v  1.726756 3.368375 0.587977
v  1.726757 3.368375 1.563517
v  -1.620823 3.208408 1.559871
v  -1.542286 3.368375 1.563518
v  -1.542286 3.368375 0.587979
v  -1.620823 3.208408 0.590083
v  -1.620823 2.775036 0.590083
v  -1.620823 2.599539 0.590083
v  -1.620823 2.155174 0.590083
v  -1.620823 1.979085 0.763851
v  -1.620822 1.979086 1.386102
v  -1.620822 2.155172 1.559870
v  -1.620822 2.599538 1.559871
v  -1.620822 2.775035 1.559871
v  0.408754 3.368374 3.352689
v  -0.240882 3.368374 3.352689
v  -0.304241 3.208407 3.463696
v  -0.304241 2.775035 3.463696
v  -0.306072 2.599217 3.463696
v  1.806360 3.208409 1.559870
v  1.806360 2.775036 1.559870
v  1.806360 2.598824 1.559870
v  1.806360 2.155173 1.559870
v  1.806360 1.979086 1.386101
v  1.806360 1.979085 0.763850
v  1.806359 2.155174 0.590082
v  1.806360 2.598824 0.590082
v  0.470993 2.599362 3.396131
v  0.470993 2.775010 3.325490
v  1.049180 2.775010 3.325490
v  1.049180 2.599362 3.396130
v  -0.875321 2.599538 3.396132
v  -0.875321 2.775186 3.325491
v  -0.306072 2.774865 3.325490
v  -0.306072 2.599217 3.396131
v  1.049178 2.599366 -1.262392
v  1.049178 2.775013 -1.191751
v  0.470992 2.775013 -1.191751
v  0.470992 2.599366 -1.262392
v  -0.306073 2.599221 -1.262392
v  -0.306074 2.774868 -1.191751
v  -0.875322 2.775189 -1.191751
v  -0.875322 2.599541 -1.262392
v  -0.875322 2.775039 -1.328746
v  -0.875322 2.599542 -1.328746
v  -0.304243 2.775038 -1.328746
v  -0.306074 2.599221 -1.328746
v  0.473131 2.775038 -1.328746
v  0.470992 2.599366 -1.328746
v  1.049178 2.775038 -1.328747
v  1.049178 2.599366 -1.328747
v  -0.875321 2.775035 3.463696
v  -0.875321 2.599538 3.463696
v  1.049180 2.775035 3.463695
v  1.049180 2.599362 3.463696
v  -1.620822 2.155172 2.605665
v  -1.620822 1.976384 2.753274
v  -1.534174 1.976384 2.753274
v  -1.534174 2.155172 2.605665
v  0.339420 1.976910 3.261875
v  -0.170529 1.976910 3.261875
v  -1.030339 1.976383 3.463696
v  -1.030339 1.976383 3.396131
v  1.204115 1.976909 3.463695
v  1.476075 1.976909 3.463695
v  1.476075 1.976909 3.396130
v  1.204115 1.976909 3.396130
v  1.806360 1.976384 3.112184
v  1.806360 1.976385 2.753273
v  1.706522 1.976384 2.753273
v  1.706522 1.976384 3.112183
v  1.806359 2.155174 -0.455713
v  1.806359 1.976385 -0.603322
v  1.706521 1.976385 -0.603322
v  1.706521 2.155174 -0.455713
v  1.706521 2.155172 0.590082
v  1.562860 1.979085 0.763850
v  1.562860 1.979086 1.386101
v  1.706522 2.155172 1.559870
v  1.806360 2.155172 2.605664
v  1.706521 2.155172 2.605664
v  1.617849 1.390690 2.660919
v  1.706522 1.591046 2.753273
v  1.706522 1.593638 2.605664
v  1.706522 1.593638 1.559869
v  1.617849 1.393141 1.532991
v  1.617849 1.393140 2.521408
v  1.706521 1.593621 0.590081
v  1.617848 1.393124 0.616410
v  1.474187 1.393244 0.780645
v  1.562860 1.593747 0.763849
v  1.562860 1.593748 1.386101
v  1.474187 1.393244 1.368757
v  -0.968854 1.393909 3.268507
v  -1.030339 1.594452 3.396131
v  -1.135005 1.393909 3.268507
v  -1.206136 1.594452 3.396131
v  1.204116 1.594978 3.396129
v  1.143008 1.394406 3.268505
v  1.476075 1.594978 3.396129
v  1.400046 1.394406 3.268505
v  -0.170529 1.594978 3.261875
v  -0.156217 1.394407 3.134251
v  0.325753 1.394407 3.134250
v  0.339420 1.594978 3.261874
v  -1.206137 1.594455 -1.262392
v  -1.135006 1.393913 -1.134425
v  -0.968855 1.393913 -1.134425
v  -1.030340 1.594455 -1.262392
v  1.143006 1.394409 -1.134426
v  -1.534175 1.591047 -0.603321
v  -1.445046 1.390691 -0.511516
v  -1.445046 1.390693 -0.871909
v  -1.534175 1.591048 -0.984635
v  -1.534175 1.593621 -0.455712
v  -1.445045 1.393125 -0.372005
v  -1.534174 1.593621 0.590083
v  -1.445046 1.393124 0.616412
v  -1.534174 1.591046 3.112184
v  -1.445045 1.390690 3.000138
v  -1.445045 1.390691 2.660919
v  -1.534174 1.591046 2.753273
v  -1.445045 1.393140 2.521408
v  -1.534174 1.593638 2.605664
v  -1.445046 1.393141 1.532992
v  -1.534174 1.593638 1.559870
v  -1.377792 1.593747 0.763851
v  -1.288663 1.393244 0.780647
v  -1.288663 1.393244 1.368758
v  -1.377792 1.593748 1.386102
v  1.706521 1.591048 -0.984636
v  1.617848 1.390693 -0.871910
v  1.617848 1.390692 -0.511517
v  1.706521 1.591047 -0.603322
v  1.617848 1.393124 -0.372007
v  1.706521 1.593621 -0.455714
v  1.617849 1.390690 3.000137
v  1.706522 1.591046 3.112183
v  1.344253 1.390384 -0.941947
v  1.452250 1.390383 -0.854477
v  1.452250 1.390381 -0.449875
v  1.267575 1.390382 -0.449875
v  1.016056 1.390384 -0.941947
v  1.452250 1.281334 -0.854477
v  1.452250 1.281332 -0.449875
v  1.344253 1.281334 -0.941947
v  1.016056 1.281333 -0.941947
v  1.016246 1.390383 -0.701006
v  1.016246 1.281333 -0.701006
v  1.267575 1.281332 -0.449875
v  -1.098917 1.390381 2.599702
v  -0.847588 1.390380 2.850833
v  -0.847397 1.390381 3.091774
v  -1.175595 1.390381 3.091774
v  -1.283592 1.390380 3.004304
v  -1.283592 1.390381 2.599701
v  -1.283592 1.281331 3.004305
v  -1.283592 1.281331 2.599701
v  -1.175595 1.281331 3.091774
v  -0.847397 1.281331 3.091774
v  -0.792159 3.386603 -0.132591
v  -0.879460 3.292214 -0.202673
v  -0.629460 3.292214 -0.452673
v  -0.879459 3.292213 2.351995
v  -0.792157 3.386602 2.281914
v  -0.564769 3.386602 2.518197
v  -0.629459 3.292213 2.601995
v  0.963711 3.386602 2.281912
v  0.736323 3.386602 2.518197
v  0.736321 3.386603 -0.368876
v  0.963709 3.386603 -0.132592
v  -0.564770 3.386603 -0.368875
v  -0.847400 1.390384 -0.941946
v  -0.847590 1.390383 -0.701005
v  -1.098919 1.390382 -0.449874
v  -1.175597 1.390384 -0.941946
v  -1.283594 1.390382 -0.449874
v  -1.283594 1.390383 -0.854477
v  -1.283594 1.281332 -0.449874
v  -1.283594 1.281334 -0.854477
v  -1.175597 1.281334 -0.941946
v  -0.847400 1.281333 -0.941946
v  -0.847590 1.281333 -0.701005
v  -1.098919 1.281332 -0.449874
v  -0.879459 3.206205 2.351995
v  -0.629459 3.206205 2.601995
v  0.801013 3.206205 2.601994
v  -0.629461 3.206206 -0.452673
v  -0.879460 3.206206 -0.202673
v  1.051011 3.206206 -0.202674
v  0.801011 3.206206 -0.452674
v  1.051013 3.206205 2.351993
v  0.499466 3.428935 0.475181
v  -0.258952 3.428935 0.475182
v  -0.258952 3.428935 0.097018
v  0.499466 3.428935 0.097018
v  0.499466 3.428935 0.994245
v  -0.258952 3.428935 0.994245
v  -0.258952 3.428935 0.616082
v  0.499466 3.428935 0.616082
v  -0.286790 3.391255 0.489062
v  -0.286790 3.391255 0.083138
v  0.527304 3.391254 0.489062
v  0.527304 3.391255 0.083138
v  -0.286790 3.391255 1.008126
v  -0.286790 3.391255 0.602201
v  0.527304 3.391255 1.008126
v  0.527304 3.391254 0.602201
v  -0.847588 1.281330 2.850834
v  -1.098917 1.281330 2.599702
v  1.016058 1.390381 3.091773
v  1.016249 1.390380 2.850832
v  1.267578 1.390380 2.599701
v  1.344256 1.390381 3.091773
v  1.452253 1.390380 2.599701
v  1.452253 1.390380 3.004303
v  1.452253 1.281330 2.599700
v  1.452253 1.281331 3.004303
v  1.344256 1.281331 3.091773
v  1.016058 1.281331 3.091773
v  1.016249 1.281330 2.850832
v  1.267578 1.281331 2.599701
v  1.706521 1.976386 -0.984636
v  1.806359 1.976387 -0.984636
v  1.806359 1.976387 -1.186340
v  1.476074 1.976913 -1.262393
v  1.476074 1.976913 -1.328748
v  1.630528 1.976913 -1.328748
v  -1.206137 1.976387 -1.262392
v  -1.534175 1.976386 -0.984635
v  -1.534174 1.976384 3.112185
v  -1.206136 1.976383 3.396131
v  -1.620822 1.976384 3.112185
v  -1.620822 1.976384 3.336293
v  -1.206136 1.976383 3.463696
v  -1.448064 1.976383 3.463696
v  0.339418 1.976913 -1.328747
v  -0.170530 1.976913 -1.328747
v  -0.304243 3.208411 -1.328746
v  -0.240883 3.368377 -1.217806
v  0.408752 3.368377 -1.217806
v  0.473131 3.208410 -1.328746
v  1.806360 1.976384 3.336292
v  1.630529 1.976909 3.463695
v  -1.206137 1.976387 -1.328747
v  -1.448065 1.976387 -1.328747
v  1.051011 3.292214 -0.202673
v  1.051013 3.292213 2.351993
v  0.801011 3.292214 -0.452673
v  0.801013 3.292213 2.601994
v  -1.620823 1.976386 -0.984635
v  -1.620823 1.976386 -1.186339
v  -1.620822 2.599538 3.112186
v  -1.620822 2.775035 3.112186
v  -1.206136 2.775035 3.463696
v  1.630529 2.775035 3.463695
v  1.630529 3.208407 3.463696
v  1.806360 3.208407 3.336293
v  1.806360 2.775035 3.336293
v  1.630529 2.599040 3.463696
v  1.806361 2.598823 3.336292
v  1.476075 2.599400 3.463696
v  1.476075 2.775034 3.463695
v  1.806360 2.775035 3.112184
v  1.806360 2.598823 3.112185
v  1.476074 2.775038 -1.328747
v  1.476074 2.599404 -1.328747
v  1.806359 2.598826 -0.984637
v  1.806359 2.775038 -0.984636
v  -1.206137 2.599541 -1.328746
v  -1.206137 2.775038 -1.328746
v  -1.620823 2.775038 -0.984635
v  -1.620823 2.599541 -0.984636
v  -1.620823 2.775038 -1.186338
v  -1.448065 2.775039 -1.328746
v  -1.620823 2.599541 -1.186338
v  -1.448065 2.599541 -1.328746
v  -1.620822 2.599538 3.336294
v  -1.206136 2.599538 3.463696
v  -1.448064 2.599538 3.463697
v  -1.620822 2.775035 3.336294
v  -1.448064 2.775035 3.463697
v  1.806359 2.775038 -1.186339
v  1.630528 2.775038 -1.328747
v  1.806359 2.598826 -1.186340
v  1.630528 2.599043 -1.328747
v  -0.871960 3.368374 3.352690
v  -0.873641 3.208682 3.463454
v  -1.206136 3.208407 3.463696
v  -1.141993 3.368374 3.352690
v  1.806360 2.598823 2.753273
v  1.806360 3.208408 2.753274
v  1.806360 2.775035 2.753273
v  1.806360 3.208408 3.112185
v  1.806360 2.598823 2.605664
v  1.805999 3.208684 2.606799
v  1.806360 2.775036 2.605665
v  1.630528 3.208411 -1.328747
v  1.806359 3.208411 -1.186340
v  -1.448065 3.208411 -1.328746
v  -1.620823 3.208411 -1.186339
v  -1.448064 3.208407 3.463696
v  -1.620822 3.208407 3.336294
v  1.726756 3.368376 -0.602332
v  1.806359 3.208410 -0.603321
v  1.805998 3.208685 -0.454674
v  1.726756 3.368376 -0.453634
v  1.726757 3.368375 3.111619
v  1.726757 3.368374 3.231974
v  1.726757 3.368375 2.752580
v  1.726757 3.368374 2.607933
v  1.559038 3.368377 -1.217806
v  1.726756 3.368377 -1.081970
v  -1.542286 3.368377 -1.081969
v  -1.377500 3.368377 -1.217805
v  -1.377499 3.368374 3.352690
v  -1.542285 3.368374 3.231976
v  1.559039 3.368374 3.352689
v  -1.141994 3.368377 -1.217805
v  -0.871961 3.368377 -0.843633
v  -1.261961 3.368376 -0.453633
v  -1.542286 3.368376 -0.453633
v  -0.871961 3.368377 -1.217805
v  -1.542286 3.368376 -0.602332
v  -1.542286 3.368377 -0.983450
v  -1.542285 3.368374 3.111621
v  -1.261960 3.368374 2.607934
v  -0.871960 3.368374 2.997933
v  -1.542286 3.368375 2.607933
v  -1.542286 3.368374 2.752581
v  1.411712 3.368374 3.352689
v  1.476075 3.208407 3.463696
v  1.050103 3.208682 3.463453
v  1.049961 3.368374 3.352689
v  -1.206137 3.208411 -1.328746
v  -0.873642 3.208685 -1.328391
v  1.049358 3.368377 -1.217806
v  1.049268 3.208685 -1.328392
v  1.476074 3.208411 -1.328747
v  1.411711 3.368377 -1.217806
v  -1.620823 3.208411 -0.984635
v  -1.620823 3.208409 -0.603321
v  -1.621066 3.208685 -0.454672
v  -1.620822 3.208407 3.112185
v  -1.620822 3.208407 2.753274
v  -1.621066 3.208684 2.606800
v  1.806359 3.208411 -0.984636
v  1.726756 3.368377 -0.983450
v  1.204114 1.976913 -1.328748
v  -1.620823 2.599540 -0.603322
v  -1.620823 1.976385 -0.603321
v  -1.620823 2.775037 -0.603321
v  -1.620823 2.599540 -0.455712
v  -1.620823 2.155174 -0.455712
v  -1.030340 1.976387 -1.328747
v  -1.620822 2.775035 2.605665
v  -1.620822 2.599538 2.605665
v  1.806359 2.598825 -0.603322
v  1.806359 2.775037 -0.603321
v  1.806359 2.598825 -0.455713
v  1.806359 2.775037 -0.455713
v  -1.620823 2.775037 -0.455712
v  -1.620822 2.599538 2.753274
v  -1.620822 2.775035 2.753274
v  -1.377792 1.979086 1.386103
v  -1.291240 3.208930 0.588091
v  -0.872710 3.208838 -0.843632
v  -0.263787 3.208961 -0.993600
v  0.431654 3.208961 -0.993600
v  -1.236083 3.208959 0.627978
v  1.414084 3.208958 1.523517
v  -0.263786 3.208958 3.147900
v  -1.236083 3.208959 1.523518
v  -1.291239 3.208929 1.563323
v  -1.261960 3.208816 2.607343
v  -0.303807 3.208933 3.202010
v  -0.872711 3.208835 2.997933
v  -1.534175 1.976385 -0.603321
v  -1.534175 2.155174 -0.455712
v  -1.534175 2.155173 0.590083
v  -1.534174 2.155172 1.559871
v  -1.377792 1.979085 0.763851
v  0.339419 1.976913 -1.134439
v  -1.030340 1.976387 -1.262392
v  1.204114 1.976913 -1.262393
v  -0.170530 1.976913 -1.134439
v  -1.261960 3.208817 -0.454175
v  1.439962 3.368374 2.607933
v  1.439961 3.208817 2.607348
v  1.050024 3.208835 2.997933
v  1.049962 3.368374 2.997933
v  1.439960 3.208817 -0.454171
v  1.439960 3.368376 -0.453634
v  1.049653 3.368377 -0.843634
v  1.049652 3.208838 -0.843634
v  0.408754 3.368374 3.202009
v  0.471723 3.208933 3.202010
v  1.469240 3.208930 1.563324
v  1.469241 3.368375 1.563517
v  0.471721 3.208936 -1.047709
v  0.408753 3.368377 -1.047709
v  -1.291239 3.368375 1.563518
v  -1.291240 3.368375 0.587979
v  -0.240883 3.368377 -1.047709
v  -0.303808 3.208936 -1.047709
v  1.469240 3.368375 0.587979
v  1.469239 3.208930 0.588090
v  -1.236083 3.368375 1.523518
v  -1.236083 3.368375 0.627979
v  1.414085 3.368375 1.523517
v  1.414083 3.368375 0.627978
v  -0.207373 3.368377 -0.993600
v  0.375242 3.368377 -0.993600
v  0.375243 3.368374 3.147900
v  -0.240882 3.368374 3.202010
v  -0.207371 3.368374 3.147900
v  0.431655 3.208958 3.147900
v  1.414083 3.208959 0.627978
# 492 vertices

vt  0.285230 0.337604 0.000000
vt  0.285230 0.384432 0.000000
vt  0.180440 0.384433 0.000000
vt  0.266452 0.250905 0.000000
vt  0.285229 0.270624 0.000000
vt  0.180438 0.270626 0.000000
vt  0.180438 0.270626 0.000000
vt  0.199215 0.250906 0.000000
vt  0.266452 0.250905 0.000000
vt  0.180488 0.399578 0.000000
vt  0.180440 0.384433 0.000000
vt  0.285230 0.384432 0.000000
vt  0.285230 0.384432 0.000000
vt  0.284851 0.399576 0.000000
vt  0.180488 0.399578 0.000000
vt  0.083087 0.456905 0.000000
vt  0.083087 0.501482 0.000000
vt  0.016099 0.501482 0.000000
vt  0.016099 0.501482 0.000000
vt  0.016099 0.456905 0.000000
vt  0.083087 0.456905 0.000000
vt  0.015941 0.438820 0.000000
vt  0.082903 0.438835 0.000000
vt  0.083087 0.456905 0.000000
vt  0.083087 0.456905 0.000000
vt  0.016099 0.456905 0.000000
vt  0.015941 0.438820 0.000000
vt  0.027621 0.386713 0.000000
vt  0.071564 0.386713 0.000000
vt  0.082903 0.438835 0.000000
vt  0.082903 0.438835 0.000000
vt  0.015941 0.438820 0.000000
vt  0.027621 0.386713 0.000000
vt  0.016281 0.520598 0.000000
vt  0.016099 0.501482 0.000000
vt  0.083087 0.501482 0.000000
vt  0.083087 0.501482 0.000000
vt  0.083103 0.520598 0.000000
vt  0.016281 0.520598 0.000000
vt  0.083087 0.456905 0.000000
vt  0.016099 0.456905 0.000000
vt  0.016099 0.501482 0.000000
vt  0.016099 0.501482 0.000000
vt  0.083087 0.501482 0.000000
vt  0.083087 0.456905 0.000000
vt  0.015941 0.438820 0.000000
vt  0.016099 0.456905 0.000000
vt  0.083087 0.456905 0.000000
vt  0.083087 0.456905 0.000000
vt  0.082903 0.438835 0.000000
vt  0.015941 0.438820 0.000000
vt  0.027621 0.386713 0.000000
vt  0.015941 0.438820 0.000000
vt  0.082903 0.438835 0.000000
vt  0.082903 0.438835 0.000000
vt  0.071564 0.386713 0.000000
vt  0.027621 0.386713 0.000000
vt  0.083103 0.520598 0.000000
vt  0.083087 0.501482 0.000000
vt  0.016099 0.501482 0.000000
vt  0.016099 0.501482 0.000000
vt  0.016281 0.520598 0.000000
vt  0.083103 0.520598 0.000000
vt  0.023374 0.374809 0.000000
vt  0.027621 0.386713 0.000000
vt  0.071564 0.386713 0.000000
vt  0.071564 0.386713 0.000000
vt  0.075828 0.374809 0.000000
vt  0.023374 0.374809 0.000000
vt  0.075828 0.374809 0.000000
vt  0.071564 0.386713 0.000000
vt  0.082903 0.438835 0.000000
vt  0.082903 0.438835 0.000000
vt  0.089362 0.438835 0.000000
vt  0.075828 0.374809 0.000000
vt  0.089362 0.438835 0.000000
vt  0.082903 0.438835 0.000000
vt  0.083087 0.456905 0.000000
vt  0.083087 0.456905 0.000000
vt  0.089582 0.456905 0.000000
vt  0.089362 0.438835 0.000000
vt  0.089582 0.456905 0.000000
vt  0.083087 0.456905 0.000000
vt  0.083087 0.501482 0.000000
vt  0.083087 0.501482 0.000000
vt  0.089582 0.501482 0.000000
vt  0.089582 0.456905 0.000000
vt  0.079471 0.017005 0.000000
vt  0.071677 0.038981 0.000000
vt  0.090941 0.038981 0.000000
vt  0.170306 0.039287 0.000000
vt  0.172689 0.017320 0.000000
vt  0.186727 0.017060 0.000000
vt  0.186727 0.017060 0.000000
vt  0.185158 0.039038 0.000000
vt  0.170306 0.039287 0.000000
vt  0.185158 0.039038 0.000000
vt  0.186727 0.017060 0.000000
vt  0.239541 0.017060 0.000000
vt  0.239541 0.017060 0.000000
vt  0.241039 0.039038 0.000000
vt  0.185158 0.039038 0.000000
vt  0.185158 0.039038 0.000000
vt  0.186727 0.017060 0.000000
vt  0.172689 0.017320 0.000000
vt  0.172689 0.017320 0.000000
vt  0.170306 0.039287 0.000000
vt  0.185158 0.039038 0.000000
vt  0.107927 0.039037 0.000000
vt  0.113733 0.017058 0.000000
vt  0.172689 0.017320 0.000000
vt  0.172689 0.017320 0.000000
vt  0.170306 0.039287 0.000000
vt  0.107927 0.039037 0.000000
vt  0.170306 0.039287 0.000000
vt  0.172689 0.017320 0.000000
vt  0.113733 0.017058 0.000000
vt  0.113733 0.017058 0.000000
vt  0.107927 0.039037 0.000000
vt  0.170306 0.039287 0.000000
vt  0.170306 0.039287 0.000000
vt  0.172689 0.017320 0.000000
vt  0.113733 0.017058 0.000000
vt  0.113733 0.017058 0.000000
vt  0.107927 0.039037 0.000000
vt  0.170306 0.039287 0.000000
vt  0.107927 0.039037 0.000000
vt  0.113733 0.017058 0.000000
vt  0.172689 0.017320 0.000000
vt  0.172689 0.017320 0.000000
vt  0.170306 0.039287 0.000000
vt  0.107927 0.039037 0.000000
vt  0.180439 0.318642 0.000000
vt  0.285230 0.318641 0.000000
vt  0.285229 0.270624 0.000000
vt  0.180438 0.270626 0.000000
vt  0.180439 0.337605 0.000000
vt  0.285230 0.337604 0.000000
vt  0.285230 0.318641 0.000000
vt  0.180439 0.318642 0.000000
vt  0.180440 0.384433 0.000000
vt  0.285230 0.384432 0.000000
vt  0.285230 0.337604 0.000000
vt  0.285230 0.337604 0.000000
vt  0.180439 0.337605 0.000000
vt  0.180440 0.384433 0.000000
vt  0.266452 0.250905 0.000000
vt  0.199215 0.250906 0.000000
vt  0.180438 0.270626 0.000000
vt  0.180438 0.270626 0.000000
vt  0.285229 0.270624 0.000000
vt  0.266452 0.250905 0.000000
vt  0.284851 0.399576 0.000000
vt  0.285230 0.384432 0.000000
vt  0.180440 0.384433 0.000000
vt  0.180440 0.384433 0.000000
vt  0.180488 0.399578 0.000000
vt  0.284851 0.399576 0.000000
vt  0.180439 0.318565 0.000000
vt  0.180438 0.270626 0.000000
vt  0.285229 0.270624 0.000000
vt  0.285229 0.270624 0.000000
vt  0.285230 0.318563 0.000000
vt  0.180439 0.318565 0.000000
vt  0.180439 0.337605 0.000000
vt  0.180439 0.318565 0.000000
vt  0.285230 0.318563 0.000000
vt  0.285230 0.337604 0.000000
vt  0.180440 0.384433 0.000000
vt  0.180439 0.337605 0.000000
vt  0.285230 0.337604 0.000000
vt  0.298888 0.337615 0.000000
vt  0.289709 0.337615 0.000000
vt  0.289709 0.384029 0.000000
vt  0.298889 0.384029 0.000000
vt  0.298889 0.384029 0.000000
vt  0.289709 0.384029 0.000000
vt  0.298121 0.398865 0.000000
vt  0.298121 0.398865 0.000000
vt  0.307300 0.401161 0.000000
vt  0.298889 0.384029 0.000000
vt  0.180587 0.408111 0.000000
vt  0.180488 0.399578 0.000000
vt  0.284851 0.399576 0.000000
vt  0.284851 0.399576 0.000000
vt  0.284950 0.408109 0.000000
vt  0.180587 0.408111 0.000000
vt  0.298889 0.384029 0.000000
vt  0.289709 0.384029 0.000000
vt  0.298121 0.398865 0.000000
vt  0.298121 0.398865 0.000000
vt  0.307300 0.401161 0.000000
vt  0.298889 0.384029 0.000000
vt  0.284950 0.408109 0.000000
vt  0.284851 0.399576 0.000000
vt  0.180488 0.399578 0.000000
vt  0.180488 0.399578 0.000000
vt  0.180587 0.408111 0.000000
vt  0.284950 0.408109 0.000000
vt  0.307300 0.401161 0.000000
vt  0.298121 0.398865 0.000000
vt  0.289709 0.384029 0.000000
vt  0.289709 0.384029 0.000000
vt  0.298889 0.384029 0.000000
vt  0.307300 0.401161 0.000000
vt  0.298889 0.384029 0.000000
vt  0.289709 0.384029 0.000000
vt  0.289709 0.337615 0.000000
vt  0.298888 0.337615 0.000000
vt  0.298888 0.337615 0.000000
vt  0.289709 0.337615 0.000000
vt  0.289708 0.318819 0.000000
vt  0.289708 0.318819 0.000000
vt  0.298888 0.318819 0.000000
vt  0.298888 0.337615 0.000000
vt  0.298888 0.318819 0.000000
vt  0.289708 0.318819 0.000000
vt  0.289708 0.271228 0.000000
vt  0.289708 0.271228 0.000000
vt  0.298887 0.271228 0.000000
vt  0.298888 0.318819 0.000000
vt  0.298887 0.271228 0.000000
vt  0.289708 0.271228 0.000000
vt  0.289707 0.252245 0.000000
vt  0.289707 0.252245 0.000000
vt  0.298887 0.252369 0.000000
vt  0.298887 0.271228 0.000000
vt  0.298887 0.252369 0.000000
vt  0.289707 0.252245 0.000000
vt  0.289388 0.207391 0.000000
vt  0.298941 0.207391 0.000000
vt  0.298887 0.252369 0.000000
vt  0.289707 0.252245 0.000000
vt  0.289708 0.271228 0.000000
vt  0.289708 0.271228 0.000000
vt  0.298887 0.271228 0.000000
vt  0.298887 0.252369 0.000000
vt  0.298887 0.271228 0.000000
vt  0.289708 0.271228 0.000000
vt  0.289708 0.318819 0.000000
vt  0.289708 0.318819 0.000000
vt  0.298888 0.318819 0.000000
vt  0.298887 0.271228 0.000000
vt  0.298888 0.318819 0.000000
vt  0.289708 0.318819 0.000000
vt  0.289709 0.337615 0.000000
vt  0.298888 0.337615 0.000000
vt  0.298888 0.337615 0.000000
vt  0.289709 0.337615 0.000000
vt  0.289709 0.384029 0.000000
vt  0.298889 0.384029 0.000000
vt  0.089582 0.501482 0.000000
vt  0.083087 0.501482 0.000000
vt  0.083103 0.520598 0.000000
vt  0.083103 0.520598 0.000000
vt  0.087683 0.522087 0.000000
vt  0.089582 0.501482 0.000000
vt  0.083187 0.525522 0.000000
vt  0.083103 0.520598 0.000000
vt  0.016281 0.520598 0.000000
vt  0.016281 0.520598 0.000000
vt  0.016360 0.525522 0.000000
vt  0.083187 0.525522 0.000000
vt  0.011864 0.522230 0.000000
vt  0.016281 0.520598 0.000000
vt  0.016099 0.501482 0.000000
vt  0.016099 0.501482 0.000000
vt  0.009620 0.501482 0.000000
vt  0.011864 0.522230 0.000000
vt  0.009620 0.501482 0.000000
vt  0.016099 0.501482 0.000000
vt  0.016099 0.456905 0.000000
vt  0.016099 0.456905 0.000000
vt  0.009620 0.456905 0.000000
vt  0.009620 0.501482 0.000000
vt  0.009620 0.456905 0.000000
vt  0.016099 0.456905 0.000000
vt  0.015941 0.438820 0.000000
vt  0.015941 0.438820 0.000000
vt  0.009432 0.438820 0.000000
vt  0.009620 0.456905 0.000000
vt  0.009432 0.438820 0.000000
vt  0.015941 0.438820 0.000000
vt  0.027621 0.386713 0.000000
vt  0.027621 0.386713 0.000000
vt  0.023374 0.374809 0.000000
vt  0.009432 0.438820 0.000000
vt  0.307300 0.401161 0.000000
vt  0.298121 0.398865 0.000000
vt  0.289709 0.384029 0.000000
vt  0.289709 0.384029 0.000000
vt  0.298889 0.384029 0.000000
vt  0.307300 0.401161 0.000000
vt  0.298889 0.384029 0.000000
vt  0.289709 0.384029 0.000000
vt  0.289709 0.337615 0.000000
vt  0.289709 0.337615 0.000000
vt  0.298888 0.337615 0.000000
vt  0.298889 0.384029 0.000000
vt  0.298888 0.337615 0.000000
vt  0.289709 0.337615 0.000000
vt  0.289708 0.318819 0.000000
vt  0.298888 0.318819 0.000000
vt  0.298888 0.318819 0.000000
vt  0.289708 0.318819 0.000000
vt  0.289708 0.271228 0.000000
vt  0.289708 0.271228 0.000000
vt  0.298887 0.271228 0.000000
vt  0.298888 0.318819 0.000000
vt  0.298887 0.271228 0.000000
vt  0.289708 0.271228 0.000000
vt  0.289707 0.252245 0.000000
vt  0.289707 0.252245 0.000000
vt  0.298887 0.252369 0.000000
vt  0.298887 0.271228 0.000000
vt  0.298941 0.207391 0.000000
vt  0.289388 0.207391 0.000000
vt  0.289707 0.252245 0.000000
vt  0.298887 0.252369 0.000000
vt  0.298887 0.252369 0.000000
vt  0.289707 0.252245 0.000000
vt  0.289708 0.271228 0.000000
vt  0.289708 0.271228 0.000000
vt  0.298887 0.271228 0.000000
vt  0.298887 0.252369 0.000000
vt  0.298887 0.271228 0.000000
vt  0.289708 0.271228 0.000000
vt  0.289708 0.318819 0.000000
vt  0.289708 0.318819 0.000000
vt  0.298888 0.318819 0.000000
vt  0.298887 0.271228 0.000000
vt  0.298888 0.318819 0.000000
vt  0.289708 0.318819 0.000000
vt  0.289709 0.337615 0.000000
vt  0.289709 0.337615 0.000000
vt  0.298888 0.337615 0.000000
vt  0.298888 0.318819 0.000000
vt  0.170306 0.149083 0.000000
vt  0.170306 0.168331 0.000000
vt  0.107927 0.168366 0.000000
vt  0.107927 0.168366 0.000000
vt  0.107927 0.149118 0.000000
vt  0.170306 0.149083 0.000000
vt  0.107927 0.149118 0.000000
vt  0.107927 0.168366 0.000000
vt  0.170306 0.168331 0.000000
vt  0.170306 0.168331 0.000000
vt  0.170306 0.149083 0.000000
vt  0.107927 0.149118 0.000000
vt  0.107927 0.149118 0.000000
vt  0.107927 0.168366 0.000000
vt  0.170306 0.168331 0.000000
vt  0.170306 0.168331 0.000000
vt  0.170306 0.149083 0.000000
vt  0.107927 0.149118 0.000000
vt  0.170306 0.149083 0.000000
vt  0.170306 0.168331 0.000000
vt  0.107927 0.168366 0.000000
vt  0.107927 0.168366 0.000000
vt  0.107927 0.149118 0.000000
vt  0.170306 0.149083 0.000000
vt  0.137591 0.401911 0.000000
vt  0.142445 0.391047 0.000000
vt  0.133031 0.391047 0.000000
vt  0.133031 0.391047 0.000000
vt  0.133031 0.401911 0.000000
vt  0.137591 0.401911 0.000000
vt  0.142445 0.391047 0.000000
vt  0.142445 0.351932 0.000000
vt  0.133031 0.351806 0.000000
vt  0.133031 0.351806 0.000000
vt  0.133031 0.391047 0.000000
vt  0.142445 0.391047 0.000000
vt  0.106785 0.457046 0.000000
vt  0.099274 0.438371 0.000000
vt  0.092219 0.438371 0.000000
vt  0.092219 0.438371 0.000000
vt  0.092219 0.457064 0.000000
vt  0.106785 0.457046 0.000000
vt  0.099274 0.438386 0.000000
vt  0.106785 0.457061 0.000000
vt  0.092219 0.457064 0.000000
vt  0.092219 0.457064 0.000000
vt  0.092219 0.438386 0.000000
vt  0.099274 0.438386 0.000000
vt  0.127698 0.358885 0.000000
vt  0.127698 0.398613 0.000000
vt  0.118284 0.398613 0.000000
vt  0.118284 0.398613 0.000000
vt  0.118284 0.359032 0.000000
vt  0.127698 0.358885 0.000000
vt  0.127698 0.398613 0.000000
vt  0.122844 0.408199 0.000000
vt  0.118284 0.408199 0.000000
vt  0.118284 0.408199 0.000000
vt  0.118284 0.398613 0.000000
vt  0.127698 0.398613 0.000000
vt  0.099274 0.438371 0.000000
vt  0.106785 0.457046 0.000000
vt  0.092219 0.457064 0.000000
vt  0.092219 0.457064 0.000000
vt  0.092219 0.438371 0.000000
vt  0.099274 0.438371 0.000000
vt  0.142445 0.351932 0.000000
vt  0.142445 0.391047 0.000000
vt  0.133031 0.391047 0.000000
vt  0.133031 0.391047 0.000000
vt  0.133031 0.351806 0.000000
vt  0.142445 0.351932 0.000000
vt  0.142445 0.391047 0.000000
vt  0.137591 0.401911 0.000000
vt  0.133031 0.401911 0.000000
vt  0.133031 0.401911 0.000000
vt  0.133031 0.391047 0.000000
vt  0.142445 0.391047 0.000000
vt  0.122844 0.408199 0.000000
vt  0.127698 0.398613 0.000000
vt  0.118284 0.398613 0.000000
vt  0.118284 0.398613 0.000000
vt  0.118284 0.408199 0.000000
vt  0.122844 0.408199 0.000000
vt  0.127698 0.398613 0.000000
vt  0.127698 0.358885 0.000000
vt  0.118284 0.359032 0.000000
vt  0.200688 0.479975 0.000000
vt  0.182877 0.479975 0.000000
vt  0.182877 0.474021 0.000000
vt  0.200688 0.474021 0.000000
vt  0.023374 0.374809 0.000000
vt  0.075828 0.374809 0.000000
vt  0.075828 0.374809 0.000000
vt  0.023374 0.374809 0.000000
vt  0.092219 0.438371 0.000000
vt  0.092219 0.372208 0.000000
vt  0.112878 0.372208 0.000000
vt  0.112878 0.372208 0.000000
vt  0.099274 0.438371 0.000000
vt  0.092219 0.438371 0.000000
vt  0.133031 0.439402 0.000000
vt  0.133031 0.401911 0.000000
vt  0.137591 0.401911 0.000000
vt  0.137591 0.401911 0.000000
vt  0.137591 0.439402 0.000000
vt  0.133031 0.439402 0.000000
vt  0.118284 0.449519 0.000000
vt  0.118284 0.468206 0.000000
vt  0.122844 0.468206 0.000000
vt  0.122844 0.449519 0.000000
vt  0.141929 0.490900 0.000000
vt  0.168130 0.490900 0.000000
vt  0.168130 0.484040 0.000000
vt  0.168130 0.484040 0.000000
vt  0.141929 0.484040 0.000000
vt  0.141929 0.490900 0.000000
vt  0.118284 0.408199 0.000000
vt  0.118284 0.449519 0.000000
vt  0.122844 0.449519 0.000000
vt  0.122844 0.449519 0.000000
vt  0.122844 0.408199 0.000000
vt  0.118284 0.408199 0.000000
vt  0.092219 0.372208 0.000000
vt  0.092219 0.438371 0.000000
vt  0.099274 0.438371 0.000000
vt  0.099274 0.438371 0.000000
vt  0.112878 0.372208 0.000000
vt  0.092219 0.372208 0.000000
vt  0.185941 0.490900 0.000000
vt  0.168130 0.490900 0.000000
vt  0.168130 0.484040 0.000000
vt  0.168130 0.484040 0.000000
vt  0.185941 0.484040 0.000000
vt  0.185941 0.490900 0.000000
vt  0.257800 0.490900 0.000000
vt  0.185941 0.490900 0.000000
vt  0.185941 0.484040 0.000000
vt  0.185941 0.484040 0.000000
vt  0.257800 0.484040 0.000000
vt  0.257800 0.490900 0.000000
vt  0.298887 0.252369 0.000000
vt  0.298887 0.271228 0.000000
vt  0.308167 0.271228 0.000000
vt  0.308167 0.271228 0.000000
vt  0.324915 0.252369 0.000000
vt  0.298887 0.252369 0.000000
vt  0.298941 0.207391 0.000000
vt  0.298887 0.252369 0.000000
vt  0.324915 0.252369 0.000000
vt  0.324915 0.252369 0.000000
vt  0.324454 0.207390 0.000000
vt  0.298941 0.207391 0.000000
vt  0.298887 0.271228 0.000000
vt  0.298887 0.252369 0.000000
vt  0.324915 0.252369 0.000000
vt  0.324915 0.252369 0.000000
vt  0.308167 0.271228 0.000000
vt  0.298887 0.271228 0.000000
vt  0.185941 0.490900 0.000000
vt  0.257800 0.490900 0.000000
vt  0.257800 0.484040 0.000000
vt  0.257800 0.484040 0.000000
vt  0.185941 0.484040 0.000000
vt  0.185941 0.490900 0.000000
vt  0.168130 0.490900 0.000000
vt  0.185941 0.490900 0.000000
vt  0.185941 0.484040 0.000000
vt  0.185941 0.484040 0.000000
vt  0.168130 0.484040 0.000000
vt  0.168130 0.490900 0.000000
vt  0.778106 0.012309 0.000000
vt  0.767902 0.034578 0.000000
vt  0.784309 0.034865 0.000000
vt  0.900547 0.034865 0.000000
vt  0.903473 0.012579 0.000000
vt  0.793613 0.012579 0.000000
vt  0.793613 0.012579 0.000000
vt  0.784309 0.034865 0.000000
vt  0.900547 0.034865 0.000000
vt  0.900547 0.034865 0.000000
vt  0.903473 0.012579 0.000000
vt  0.921728 0.012593 0.000000
vt  0.921728 0.012593 0.000000
vt  0.919861 0.034878 0.000000
vt  0.900547 0.034865 0.000000
vt  0.919861 0.034878 0.000000
vt  0.921728 0.012593 0.000000
vt  0.903473 0.012579 0.000000
vt  0.903473 0.012579 0.000000
vt  0.900547 0.034865 0.000000
vt  0.919861 0.034878 0.000000
vt  0.919861 0.034878 0.000000
vt  0.921728 0.012593 0.000000
vt  0.987095 0.012593 0.000000
vt  0.987095 0.012593 0.000000
vt  0.989023 0.034879 0.000000
vt  0.919861 0.034878 0.000000
vt  0.107927 0.039037 0.000000
vt  0.113733 0.017058 0.000000
vt  0.097678 0.017005 0.000000
vt  0.097678 0.017005 0.000000
vt  0.090941 0.038981 0.000000
vt  0.107927 0.039037 0.000000
vt  0.090941 0.038981 0.000000
vt  0.097678 0.017005 0.000000
vt  0.079471 0.017005 0.000000
vt  0.079471 0.017005 0.000000
vt  0.071677 0.038981 0.000000
vt  0.090941 0.038981 0.000000
vt  0.090941 0.038981 0.000000
vt  0.097678 0.017005 0.000000
vt  0.113733 0.017058 0.000000
vt  0.113733 0.017058 0.000000
vt  0.107927 0.039037 0.000000
vt  0.090941 0.038981 0.000000
vt  0.071677 0.038981 0.000000
vt  0.079471 0.017005 0.000000
vt  0.097678 0.017005 0.000000
vt  0.097678 0.017005 0.000000
vt  0.090941 0.038981 0.000000
vt  0.071677 0.038981 0.000000
vt  0.185158 0.039038 0.000000
vt  0.186727 0.017060 0.000000
vt  0.172689 0.017320 0.000000
vt  0.172689 0.017320 0.000000
vt  0.170306 0.039287 0.000000
vt  0.185158 0.039038 0.000000
vt  0.170306 0.039287 0.000000
vt  0.172689 0.017320 0.000000
vt  0.186727 0.017060 0.000000
vt  0.186727 0.017060 0.000000
vt  0.185158 0.039038 0.000000
vt  0.170306 0.039287 0.000000
vt  0.241039 0.039038 0.000000
vt  0.239541 0.017060 0.000000
vt  0.186727 0.017060 0.000000
vt  0.186727 0.017060 0.000000
vt  0.185158 0.039038 0.000000
vt  0.241039 0.039038 0.000000
vt  0.071677 0.038981 0.000000
vt  0.079471 0.017005 0.000000
vt  0.097678 0.017005 0.000000
vt  0.097678 0.017005 0.000000
vt  0.090941 0.038981 0.000000
vt  0.071677 0.038981 0.000000
vt  0.090941 0.038981 0.000000
vt  0.097678 0.017005 0.000000
vt  0.113733 0.017058 0.000000
vt  0.113733 0.017058 0.000000
vt  0.107927 0.039037 0.000000
vt  0.090941 0.038981 0.000000
vt  0.107927 0.039037 0.000000
vt  0.113733 0.017058 0.000000
vt  0.097678 0.017005 0.000000
vt  0.097678 0.017005 0.000000
vt  0.090941 0.038981 0.000000
vt  0.107927 0.039037 0.000000
vt  0.090941 0.038981 0.000000
vt  0.097678 0.017005 0.000000
vt  0.079471 0.017005 0.000000
vt  0.118284 0.359032 0.000000
vt  0.118284 0.398613 0.000000
vt  0.127698 0.398613 0.000000
vt  0.106785 0.457046 0.000000
vt  0.099274 0.438371 0.000000
vt  0.092219 0.438371 0.000000
vt  0.092219 0.438371 0.000000
vt  0.092219 0.457064 0.000000
vt  0.106785 0.457046 0.000000
vt  0.767902 0.034578 0.000000
vt  0.778106 0.012309 0.000000
vt  0.738049 0.012309 0.000000
vt  0.738049 0.012309 0.000000
vt  0.725520 0.034578 0.000000
vt  0.767902 0.034578 0.000000
vt  0.784309 0.034865 0.000000
vt  0.793613 0.012579 0.000000
vt  0.778106 0.012309 0.000000
vt  0.778106 0.012309 0.000000
vt  0.767902 0.034578 0.000000
vt  0.784309 0.034865 0.000000
vt  0.900547 0.034865 0.000000
vt  0.903473 0.012579 0.000000
vt  0.793613 0.012579 0.000000
vt  0.793613 0.012579 0.000000
vt  0.784309 0.034865 0.000000
vt  0.900547 0.034865 0.000000
vt  0.725520 0.034578 0.000000
vt  0.738049 0.012309 0.000000
vt  0.778106 0.012309 0.000000
vt  0.778106 0.012309 0.000000
vt  0.767902 0.034578 0.000000
vt  0.725520 0.034578 0.000000
vt  0.767902 0.034578 0.000000
vt  0.778106 0.012309 0.000000
vt  0.793613 0.012579 0.000000
vt  0.793613 0.012579 0.000000
vt  0.784309 0.034865 0.000000
vt  0.767902 0.034578 0.000000
vt  0.784309 0.034865 0.000000
vt  0.793613 0.012579 0.000000
vt  0.903473 0.012579 0.000000
vt  0.903473 0.012579 0.000000
vt  0.900547 0.034865 0.000000
vt  0.784309 0.034865 0.000000
vt  0.919861 0.034878 0.000000
vt  0.921728 0.012593 0.000000
vt  0.903473 0.012579 0.000000
vt  0.903473 0.012579 0.000000
vt  0.900547 0.034865 0.000000
vt  0.919861 0.034878 0.000000
vt  0.900547 0.034865 0.000000
vt  0.903473 0.012579 0.000000
vt  0.921728 0.012593 0.000000
vt  0.921728 0.012593 0.000000
vt  0.919861 0.034878 0.000000
vt  0.900547 0.034865 0.000000
vt  0.989023 0.034879 0.000000
vt  0.987095 0.012593 0.000000
vt  0.921728 0.012593 0.000000
vt  0.921728 0.012593 0.000000
vt  0.919861 0.034878 0.000000
vt  0.989023 0.034879 0.000000
vt  0.725520 0.034578 0.000000
vt  0.738049 0.012309 0.000000
vt  0.778106 0.012309 0.000000
vt  0.778106 0.012309 0.000000
vt  0.767902 0.034578 0.000000
vt  0.725520 0.034578 0.000000
vt  0.767902 0.034578 0.000000
vt  0.778106 0.012309 0.000000
vt  0.793613 0.012579 0.000000
vt  0.793613 0.012579 0.000000
vt  0.784309 0.034865 0.000000
vt  0.767902 0.034578 0.000000
vt  0.784309 0.034865 0.000000
vt  0.793613 0.012579 0.000000
vt  0.903473 0.012579 0.000000
vt  0.903473 0.012579 0.000000
vt  0.900547 0.034865 0.000000
vt  0.784309 0.034865 0.000000
vt  0.767902 0.034578 0.000000
vt  0.778106 0.012309 0.000000
vt  0.738049 0.012309 0.000000
vt  0.738049 0.012309 0.000000
vt  0.725520 0.034578 0.000000
vt  0.767902 0.034578 0.000000
vt  0.784309 0.034865 0.000000
vt  0.793613 0.012579 0.000000
vt  0.778106 0.012309 0.000000
vt  0.026637 0.178113 0.000000
vt  0.016967 0.170280 0.000000
vt  0.016966 0.134051 0.000000
vt  0.026637 0.178113 0.000000
vt  0.016966 0.134051 0.000000
vt  0.033503 0.134051 0.000000
vt  0.026637 0.178113 0.000000
vt  0.033503 0.134051 0.000000
vt  0.056025 0.178113 0.000000
vt  0.017493 0.115973 0.000000
vt  0.017492 0.082561 0.000000
vt  0.028370 0.082561 0.000000
vt  0.028370 0.082561 0.000000
vt  0.028370 0.115973 0.000000
vt  0.017493 0.115973 0.000000
vt  0.017492 0.071426 0.000000
vt  0.028370 0.071426 0.000000
vt  0.028370 0.082561 0.000000
vt  0.028370 0.082561 0.000000
vt  0.017492 0.082561 0.000000
vt  0.017492 0.071426 0.000000
vt  0.017492 0.071426 0.000000
vt  0.017491 0.044615 0.000000
vt  0.028370 0.044615 0.000000
vt  0.028370 0.071426 0.000000
vt  0.017361 0.025912 0.000000
vt  0.027984 0.025912 0.000000
vt  0.028370 0.044615 0.000000
vt  0.028370 0.044615 0.000000
vt  0.017491 0.044615 0.000000
vt  0.017361 0.025912 0.000000
vt  0.035377 0.131975 0.000000
vt  0.046256 0.131975 0.000000
vt  0.046255 0.088043 0.000000
vt  0.046255 0.088043 0.000000
vt  0.035377 0.088043 0.000000
vt  0.035377 0.131975 0.000000
vt  0.017493 0.115973 0.000000
vt  0.028370 0.115973 0.000000
vt  0.028253 0.131961 0.000000
vt  0.028253 0.131961 0.000000
vt  0.017374 0.131961 0.000000
vt  0.017493 0.115973 0.000000
vt  0.016967 0.170280 0.000000
vt  0.026637 0.178113 0.000000
vt  0.056025 0.178113 0.000000
vt  0.033503 0.134051 0.000000
vt  0.016966 0.134051 0.000000
vt  0.016967 0.170280 0.000000
vt  0.033503 0.134051 0.000000
vt  0.016967 0.170280 0.000000
vt  0.056025 0.178113 0.000000
vt  0.056008 0.156538 0.000000
vt  0.033503 0.134051 0.000000
vt  0.056025 0.178113 0.000000
vt  0.033503 0.134051 0.000000
vt  0.056008 0.156538 0.000000
vt  0.056025 0.178113 0.000000
vt  0.026637 0.178113 0.000000
vt  0.016967 0.170280 0.000000
vt  0.016966 0.134051 0.000000
vt  0.026637 0.178113 0.000000
vt  0.016966 0.134051 0.000000
vt  0.033503 0.134051 0.000000
vt  0.026637 0.178113 0.000000
vt  0.033503 0.134051 0.000000
vt  0.056025 0.178113 0.000000
vt  0.017493 0.115973 0.000000
vt  0.017492 0.082561 0.000000
vt  0.028370 0.082561 0.000000
vt  0.028370 0.082561 0.000000
vt  0.028370 0.115973 0.000000
vt  0.017493 0.115973 0.000000
vt  0.017492 0.071426 0.000000
vt  0.028370 0.071426 0.000000
vt  0.028370 0.082561 0.000000
vt  0.028370 0.082561 0.000000
vt  0.017492 0.082561 0.000000
vt  0.017492 0.071426 0.000000
vt  0.017492 0.071426 0.000000
vt  0.017491 0.044615 0.000000
vt  0.028370 0.044615 0.000000
vt  0.028370 0.044615 0.000000
vt  0.028370 0.071426 0.000000
vt  0.017492 0.071426 0.000000
vt  0.078029 0.890140 0.000000
vt  0.070355 0.896300 0.000000
vt  0.092331 0.918276 0.000000
vt  0.070354 0.671730 0.000000
vt  0.078029 0.677890 0.000000
vt  0.098017 0.657120 0.000000
vt  0.098017 0.657120 0.000000
vt  0.092331 0.649753 0.000000
vt  0.070354 0.671730 0.000000
vt  0.232380 0.677890 0.000000
vt  0.212391 0.657119 0.000000
vt  0.098017 0.657120 0.000000
vt  0.212392 0.910910 0.000000
vt  0.232380 0.890139 0.000000
vt  0.232380 0.677890 0.000000
vt  0.078029 0.890140 0.000000
vt  0.098018 0.910910 0.000000
vt  0.212392 0.910910 0.000000
vt  0.078029 0.890140 0.000000
vt  0.212392 0.910910 0.000000
vt  0.232380 0.677890 0.000000
vt  0.078029 0.890140 0.000000
vt  0.232380 0.677890 0.000000
vt  0.098017 0.657120 0.000000
vt  0.078029 0.677890 0.000000
vt  0.078029 0.890140 0.000000
vt  0.098017 0.657120 0.000000
vt  0.056025 0.178113 0.000000
vt  0.056008 0.156538 0.000000
vt  0.033503 0.134051 0.000000
vt  0.026637 0.178113 0.000000
vt  0.056025 0.178113 0.000000
vt  0.033503 0.134051 0.000000
vt  0.016966 0.134051 0.000000
vt  0.016967 0.170280 0.000000
vt  0.026637 0.178113 0.000000
vt  0.016966 0.134051 0.000000
vt  0.026637 0.178113 0.000000
vt  0.033503 0.134051 0.000000
vt  0.017493 0.115973 0.000000
vt  0.028370 0.115973 0.000000
vt  0.028370 0.082561 0.000000
vt  0.017492 0.082561 0.000000
vt  0.017492 0.071426 0.000000
vt  0.017492 0.082561 0.000000
vt  0.028370 0.082561 0.000000
vt  0.028370 0.082561 0.000000
vt  0.028370 0.071426 0.000000
vt  0.017492 0.071426 0.000000
vt  0.017492 0.071426 0.000000
vt  0.028370 0.071426 0.000000
vt  0.028370 0.044615 0.000000
vt  0.028370 0.044615 0.000000
vt  0.017491 0.044615 0.000000
vt  0.017492 0.071426 0.000000
vt  0.017361 0.025912 0.000000
vt  0.017491 0.044615 0.000000
vt  0.028370 0.044615 0.000000
vt  0.028370 0.044615 0.000000
vt  0.027984 0.025912 0.000000
vt  0.017361 0.025912 0.000000
vt  0.035377 0.131975 0.000000
vt  0.035377 0.088043 0.000000
vt  0.046255 0.088043 0.000000
vt  0.046255 0.088043 0.000000
vt  0.046256 0.131975 0.000000
vt  0.035377 0.131975 0.000000
vt  0.017493 0.115973 0.000000
vt  0.017374 0.131961 0.000000
vt  0.028253 0.131961 0.000000
vt  0.028370 0.115973 0.000000
vt  0.033503 0.134051 0.000000
vt  0.056008 0.156538 0.000000
vt  0.056025 0.178113 0.000000
vt  0.016967 0.170280 0.000000
vt  0.016966 0.134051 0.000000
vt  0.033503 0.134051 0.000000
vt  0.016967 0.170280 0.000000
vt  0.033503 0.134051 0.000000
vt  0.056025 0.178113 0.000000
vt  0.026637 0.178113 0.000000
vt  0.016967 0.170280 0.000000
vt  0.056025 0.178113 0.000000
vt  0.033503 0.134051 0.000000
vt  0.056008 0.156538 0.000000
vt  0.056025 0.178113 0.000000
vt  0.070354 0.671730 0.000000
vt  0.092331 0.649753 0.000000
vt  0.218078 0.649753 0.000000
vt  0.092331 0.918276 0.000000
vt  0.070355 0.896300 0.000000
vt  0.070354 0.671730 0.000000
vt  0.240055 0.896299 0.000000
vt  0.218078 0.918276 0.000000
vt  0.092331 0.918276 0.000000
vt  0.240055 0.896299 0.000000
vt  0.092331 0.918276 0.000000
vt  0.070354 0.671730 0.000000
vt  0.240055 0.896299 0.000000
vt  0.070354 0.671730 0.000000
vt  0.218078 0.649753 0.000000
vt  0.240054 0.671729 0.000000
vt  0.240055 0.896299 0.000000
vt  0.218078 0.649753 0.000000
vt  0.124168 0.870982 0.000000
vt  0.193149 0.870982 0.000000
vt  0.193149 0.837375 0.000000
vt  0.124168 0.837375 0.000000
vt  0.123654 0.824883 0.000000
vt  0.192609 0.824883 0.000000
vt  0.192610 0.791288 0.000000
vt  0.123654 0.791288 0.000000
vt  0.193149 0.870982 0.000000
vt  0.193149 0.870982 0.000000
vt  0.193149 0.837375 0.000000
vt  0.193149 0.837375 0.000000
vt  0.193149 0.837375 0.000000
vt  0.193149 0.870982 0.000000
vt  0.124168 0.870982 0.000000
vt  0.124168 0.870982 0.000000
vt  0.193149 0.870982 0.000000
vt  0.193149 0.870982 0.000000
vt  0.193149 0.870982 0.000000
vt  0.124168 0.870982 0.000000
vt  0.124168 0.837375 0.000000
vt  0.124168 0.837375 0.000000
vt  0.124168 0.870982 0.000000
vt  0.124168 0.870982 0.000000
vt  0.124168 0.870982 0.000000
vt  0.124168 0.837375 0.000000
vt  0.193149 0.837375 0.000000
vt  0.193149 0.837375 0.000000
vt  0.124168 0.837375 0.000000
vt  0.124168 0.837375 0.000000
vt  0.124168 0.837375 0.000000
vt  0.193149 0.837375 0.000000
vt  0.192609 0.824883 0.000000
vt  0.192609 0.824883 0.000000
vt  0.192610 0.791288 0.000000
vt  0.192610 0.791288 0.000000
vt  0.192610 0.791288 0.000000
vt  0.192609 0.824883 0.000000
vt  0.123654 0.824883 0.000000
vt  0.123654 0.824883 0.000000
vt  0.192609 0.824883 0.000000
vt  0.192609 0.824883 0.000000
vt  0.192609 0.824883 0.000000
vt  0.123654 0.824883 0.000000
vt  0.123654 0.791288 0.000000
vt  0.123654 0.791288 0.000000
vt  0.123654 0.824883 0.000000
vt  0.123654 0.824883 0.000000
vt  0.123654 0.824883 0.000000
vt  0.123654 0.791288 0.000000
vt  0.192610 0.791288 0.000000
vt  0.192610 0.791288 0.000000
vt  0.123654 0.791288 0.000000
vt  0.123654 0.791288 0.000000
vt  0.123654 0.791288 0.000000
vt  0.192610 0.791288 0.000000
vt  0.193149 0.870982 0.000000
vt  0.124168 0.870982 0.000000
vt  0.124168 0.837375 0.000000
vt  0.193149 0.837375 0.000000
vt  0.192609 0.824883 0.000000
vt  0.123654 0.824883 0.000000
vt  0.123654 0.791288 0.000000
vt  0.123654 0.791288 0.000000
vt  0.192610 0.791288 0.000000
vt  0.192609 0.824883 0.000000
vt  0.017361 0.025912 0.000000
vt  0.027984 0.025912 0.000000
vt  0.028370 0.044615 0.000000
vt  0.028370 0.044615 0.000000
vt  0.017491 0.044615 0.000000
vt  0.017361 0.025912 0.000000
vt  0.035377 0.131975 0.000000
vt  0.046256 0.131975 0.000000
vt  0.046255 0.088043 0.000000
vt  0.046255 0.088043 0.000000
vt  0.035377 0.088043 0.000000
vt  0.035377 0.131975 0.000000
vt  0.017493 0.115973 0.000000
vt  0.028370 0.115973 0.000000
vt  0.028253 0.131961 0.000000
vt  0.017374 0.131961 0.000000
vt  0.016967 0.170280 0.000000
vt  0.026637 0.178113 0.000000
vt  0.056025 0.178113 0.000000
vt  0.033503 0.134051 0.000000
vt  0.016966 0.134051 0.000000
vt  0.016967 0.170280 0.000000
vt  0.033503 0.134051 0.000000
vt  0.016967 0.170280 0.000000
vt  0.056025 0.178113 0.000000
vt  0.056008 0.156538 0.000000
vt  0.033503 0.134051 0.000000
vt  0.056025 0.178113 0.000000
vt  0.056025 0.178113 0.000000
vt  0.056008 0.156538 0.000000
vt  0.033503 0.134051 0.000000
vt  0.026637 0.178113 0.000000
vt  0.056025 0.178113 0.000000
vt  0.033503 0.134051 0.000000
vt  0.016966 0.134051 0.000000
vt  0.016967 0.170280 0.000000
vt  0.026637 0.178113 0.000000
vt  0.016966 0.134051 0.000000
vt  0.026637 0.178113 0.000000
vt  0.033503 0.134051 0.000000
vt  0.017493 0.115973 0.000000
vt  0.028370 0.115973 0.000000
vt  0.028370 0.082561 0.000000
vt  0.028370 0.082561 0.000000
vt  0.017492 0.082561 0.000000
vt  0.017493 0.115973 0.000000
vt  0.017492 0.071426 0.000000
vt  0.017492 0.082561 0.000000
vt  0.028370 0.082561 0.000000
vt  0.028370 0.082561 0.000000
vt  0.028370 0.071426 0.000000
vt  0.017492 0.071426 0.000000
vt  0.017492 0.071426 0.000000
vt  0.028370 0.071426 0.000000
vt  0.028370 0.044615 0.000000
vt  0.017491 0.044615 0.000000
vt  0.017361 0.025912 0.000000
vt  0.017491 0.044615 0.000000
vt  0.028370 0.044615 0.000000
vt  0.028370 0.044615 0.000000
vt  0.027984 0.025912 0.000000
vt  0.017361 0.025912 0.000000
vt  0.035377 0.131975 0.000000
vt  0.035377 0.088043 0.000000
vt  0.046255 0.088043 0.000000
vt  0.046255 0.088043 0.000000
vt  0.046256 0.131975 0.000000
vt  0.035377 0.131975 0.000000
vt  0.017493 0.115973 0.000000
vt  0.017374 0.131961 0.000000
vt  0.028253 0.131961 0.000000
vt  0.028253 0.131961 0.000000
vt  0.028370 0.115973 0.000000
vt  0.017493 0.115973 0.000000
vt  0.033503 0.134051 0.000000
vt  0.056008 0.156538 0.000000
vt  0.056025 0.178113 0.000000
vt  0.016967 0.170280 0.000000
vt  0.016966 0.134051 0.000000
vt  0.033503 0.134051 0.000000
vt  0.016967 0.170280 0.000000
vt  0.033503 0.134051 0.000000
vt  0.056025 0.178113 0.000000
vt  0.026637 0.178113 0.000000
vt  0.016967 0.170280 0.000000
vt  0.056025 0.178113 0.000000
vt  0.079471 0.017005 0.000000
vt  0.045497 0.017109 0.000000
vt  0.035730 0.039064 0.000000
vt  0.035730 0.039064 0.000000
vt  0.071677 0.038981 0.000000
vt  0.079471 0.017005 0.000000
vt  0.141929 0.484040 0.000000
vt  0.141929 0.490900 0.000000
vt  0.128069 0.490900 0.000000
vt  0.122844 0.468206 0.000000
vt  0.141929 0.484040 0.000000
vt  0.128069 0.490900 0.000000
vt  0.118284 0.468206 0.000000
vt  0.122844 0.468206 0.000000
vt  0.128069 0.490900 0.000000
vt  0.118284 0.478819 0.000000
vt  0.118284 0.468206 0.000000
vt  0.128069 0.490900 0.000000
vt  0.079471 0.017005 0.000000
vt  0.071677 0.038981 0.000000
vt  0.035730 0.039064 0.000000
vt  0.035730 0.039064 0.000000
vt  0.045497 0.017109 0.000000
vt  0.079471 0.017005 0.000000
vt  0.071677 0.038981 0.000000
vt  0.071677 0.080833 0.000000
vt  0.035730 0.080833 0.000000
vt  0.035730 0.080833 0.000000
vt  0.035730 0.039064 0.000000
vt  0.071677 0.038981 0.000000
vt  0.035730 0.039064 0.000000
vt  0.035730 0.080833 0.000000
vt  0.071677 0.080833 0.000000
vt  0.071677 0.080833 0.000000
vt  0.071677 0.038981 0.000000
vt  0.035730 0.039064 0.000000
vt  0.035730 0.039064 0.000000
vt  0.071677 0.038981 0.000000
vt  0.079471 0.017005 0.000000
vt  0.079471 0.017005 0.000000
vt  0.045497 0.017109 0.000000
vt  0.035730 0.039064 0.000000
vt  0.156676 0.474021 0.000000
vt  0.156676 0.479975 0.000000
vt  0.142816 0.479975 0.000000
vt  0.137591 0.451481 0.000000
vt  0.156676 0.474021 0.000000
vt  0.142816 0.479975 0.000000
vt  0.133031 0.451481 0.000000
vt  0.137591 0.451481 0.000000
vt  0.142816 0.479975 0.000000
vt  0.133031 0.468105 0.000000
vt  0.133031 0.451481 0.000000
vt  0.142816 0.479975 0.000000
vt  0.375240 0.014406 0.000000
vt  0.383425 0.024491 0.000000
vt  0.383425 0.037239 0.000000
vt  0.365580 0.014406 0.000000
vt  0.375240 0.014406 0.000000
vt  0.383425 0.037239 0.000000
vt  0.334867 0.019451 0.000000
vt  0.339540 0.014406 0.000000
vt  0.360077 0.014406 0.000000
vt  0.334867 0.019451 0.000000
vt  0.360077 0.014406 0.000000
vt  0.365580 0.014406 0.000000
vt  0.291720 0.014406 0.000000
vt  0.311939 0.014406 0.000000
vt  0.316754 0.019451 0.000000
vt  0.286214 0.014406 0.000000
vt  0.291720 0.014406 0.000000
vt  0.316754 0.019451 0.000000
vt  0.268318 0.024491 0.000000
vt  0.279970 0.014406 0.000000
vt  0.286214 0.014406 0.000000
vt  0.268319 0.037240 0.000000
vt  0.268318 0.024491 0.000000
vt  0.286214 0.014406 0.000000
vt  0.268319 0.037240 0.000000
vt  0.286214 0.014406 0.000000
vt  0.316754 0.019451 0.000000
vt  0.268319 0.037240 0.000000
vt  0.316754 0.019451 0.000000
vt  0.334867 0.019451 0.000000
vt  0.274196 0.085800 0.000000
vt  0.268319 0.079628 0.000000
vt  0.268319 0.042482 0.000000
vt  0.075828 0.374809 0.000000
vt  0.071564 0.386713 0.000000
vt  0.027621 0.386713 0.000000
vt  0.027621 0.386713 0.000000
vt  0.023374 0.374809 0.000000
vt  0.075828 0.374809 0.000000
vt  0.023374 0.374809 0.000000
vt  0.027621 0.386713 0.000000
vt  0.015941 0.438820 0.000000
vt  0.015941 0.438820 0.000000
vt  0.009432 0.438820 0.000000
vt  0.023374 0.374809 0.000000
vt  0.009432 0.438820 0.000000
vt  0.015941 0.438820 0.000000
vt  0.016099 0.456905 0.000000
vt  0.016099 0.456905 0.000000
vt  0.009620 0.456905 0.000000
vt  0.009432 0.438820 0.000000
vt  0.009620 0.456905 0.000000
vt  0.016099 0.456905 0.000000
vt  0.016099 0.501482 0.000000
vt  0.009620 0.501482 0.000000
vt  0.009620 0.501482 0.000000
vt  0.016099 0.501482 0.000000
vt  0.016281 0.520598 0.000000
vt  0.016281 0.520598 0.000000
vt  0.011864 0.522230 0.000000
vt  0.009620 0.501482 0.000000
vt  0.016360 0.525522 0.000000
vt  0.016281 0.520598 0.000000
vt  0.083103 0.520598 0.000000
vt  0.083103 0.520598 0.000000
vt  0.083187 0.525522 0.000000
vt  0.016360 0.525522 0.000000
vt  0.087683 0.522087 0.000000
vt  0.083103 0.520598 0.000000
vt  0.083087 0.501482 0.000000
vt  0.083087 0.501482 0.000000
vt  0.089582 0.501482 0.000000
vt  0.087683 0.522087 0.000000
vt  0.089582 0.501482 0.000000
vt  0.083087 0.501482 0.000000
vt  0.083087 0.456905 0.000000
vt  0.089582 0.456905 0.000000
vt  0.089582 0.456905 0.000000
vt  0.083087 0.456905 0.000000
vt  0.082903 0.438835 0.000000
vt  0.082903 0.438835 0.000000
vt  0.089362 0.438835 0.000000
vt  0.089582 0.456905 0.000000
vt  0.089362 0.438835 0.000000
vt  0.082903 0.438835 0.000000
vt  0.071564 0.386713 0.000000
vt  0.071564 0.386713 0.000000
vt  0.075828 0.374809 0.000000
vt  0.089362 0.438835 0.000000
vt  0.079471 0.017005 0.000000
vt  0.071677 0.038981 0.000000
vt  0.035730 0.039064 0.000000
vt  0.035730 0.039064 0.000000
vt  0.045497 0.017109 0.000000
vt  0.079471 0.017005 0.000000
vt  0.071677 0.038981 0.000000
vt  0.071677 0.080833 0.000000
vt  0.035730 0.080833 0.000000
vt  0.035730 0.080833 0.000000
vt  0.035730 0.039064 0.000000
vt  0.071677 0.038981 0.000000
vt  0.141929 0.490900 0.000000
vt  0.141929 0.484040 0.000000
vt  0.122844 0.468206 0.000000
vt  0.128069 0.490900 0.000000
vt  0.141929 0.490900 0.000000
vt  0.122844 0.468206 0.000000
vt  0.118284 0.478819 0.000000
vt  0.128069 0.490900 0.000000
vt  0.122844 0.468206 0.000000
vt  0.118284 0.468206 0.000000
vt  0.118284 0.478819 0.000000
vt  0.122844 0.468206 0.000000
vt  0.071677 0.038981 0.000000
vt  0.035730 0.039064 0.000000
vt  0.035730 0.080833 0.000000
vt  0.035730 0.080833 0.000000
vt  0.071677 0.080833 0.000000
vt  0.071677 0.038981 0.000000
vt  0.133031 0.451481 0.000000
vt  0.133031 0.468105 0.000000
vt  0.137591 0.451481 0.000000
vt  0.240055 0.896299 0.000000
vt  0.240055 0.896299 0.000000
vt  0.240054 0.671729 0.000000
vt  0.240054 0.671729 0.000000
vt  0.240054 0.671729 0.000000
vt  0.240055 0.896299 0.000000
vt  0.092331 0.918276 0.000000
vt  0.092331 0.918276 0.000000
vt  0.218078 0.918276 0.000000
vt  0.218078 0.918276 0.000000
vt  0.218078 0.918276 0.000000
vt  0.092331 0.918276 0.000000
vt  0.070354 0.671730 0.000000
vt  0.070354 0.671730 0.000000
vt  0.070355 0.896300 0.000000
vt  0.070355 0.896300 0.000000
vt  0.070355 0.896300 0.000000
vt  0.070354 0.671730 0.000000
vt  0.218077 0.649753 0.000000
vt  0.218078 0.649753 0.000000
vt  0.092331 0.649753 0.000000
vt  0.092331 0.649753 0.000000
vt  0.092331 0.649753 0.000000
vt  0.218077 0.649753 0.000000
vt  0.240054 0.671729 0.000000
vt  0.240054 0.671729 0.000000
vt  0.218078 0.649753 0.000000
vt  0.218078 0.649753 0.000000
vt  0.218077 0.649753 0.000000
vt  0.240054 0.671729 0.000000
vt  0.218078 0.918276 0.000000
vt  0.218078 0.918276 0.000000
vt  0.240055 0.896299 0.000000
vt  0.240055 0.896299 0.000000
vt  0.240055 0.896299 0.000000
vt  0.218078 0.918276 0.000000
vt  0.070355 0.896300 0.000000
vt  0.070355 0.896300 0.000000
vt  0.092331 0.918276 0.000000
vt  0.092331 0.918276 0.000000
vt  0.092331 0.918276 0.000000
vt  0.070355 0.896300 0.000000
vt  0.092331 0.649753 0.000000
vt  0.092331 0.649753 0.000000
vt  0.070354 0.671730 0.000000
vt  0.070354 0.671730 0.000000
vt  0.240054 0.671729 0.000000
vt  0.232380 0.677890 0.000000
vt  0.232380 0.890139 0.000000
vt  0.232380 0.890139 0.000000
vt  0.240055 0.896299 0.000000
vt  0.240054 0.671729 0.000000
vt  0.218078 0.918276 0.000000
vt  0.212392 0.910910 0.000000
vt  0.098018 0.910910 0.000000
vt  0.098018 0.910910 0.000000
vt  0.092331 0.918276 0.000000
vt  0.218078 0.918276 0.000000
vt  0.070355 0.896300 0.000000
vt  0.078029 0.890140 0.000000
vt  0.078029 0.677890 0.000000
vt  0.078029 0.677890 0.000000
vt  0.070354 0.671730 0.000000
vt  0.070355 0.896300 0.000000
vt  0.092331 0.649753 0.000000
vt  0.098017 0.657120 0.000000
vt  0.212391 0.657119 0.000000
vt  0.212391 0.657119 0.000000
vt  0.218077 0.649753 0.000000
vt  0.092331 0.649753 0.000000
vt  0.218077 0.649753 0.000000
vt  0.212391 0.657119 0.000000
vt  0.232380 0.677890 0.000000
vt  0.232380 0.677890 0.000000
vt  0.240054 0.671729 0.000000
vt  0.218077 0.649753 0.000000
vt  0.240055 0.896299 0.000000
vt  0.232380 0.890139 0.000000
vt  0.212392 0.910910 0.000000
vt  0.212392 0.910910 0.000000
vt  0.218078 0.918276 0.000000
vt  0.240055 0.896299 0.000000
vt  0.092331 0.918276 0.000000
vt  0.098018 0.910910 0.000000
vt  0.078029 0.890140 0.000000
vt  0.274196 0.085800 0.000000
vt  0.268319 0.042482 0.000000
vt  0.268319 0.037240 0.000000
vt  0.274196 0.085800 0.000000
vt  0.268319 0.037240 0.000000
vt  0.334867 0.019451 0.000000
vt  0.268319 0.151220 0.000000
vt  0.268319 0.114074 0.000000
vt  0.274196 0.107902 0.000000
vt  0.279971 0.179872 0.000000
vt  0.268319 0.170007 0.000000
vt  0.268319 0.156463 0.000000
vt  0.279971 0.179872 0.000000
vt  0.268319 0.156463 0.000000
vt  0.268319 0.151220 0.000000
vt  0.279971 0.179872 0.000000
vt  0.268319 0.151220 0.000000
vt  0.274196 0.107902 0.000000
vt  0.279971 0.179872 0.000000
vt  0.274196 0.107902 0.000000
vt  0.274196 0.085800 0.000000
vt  0.316754 0.175063 0.000000
vt  0.311940 0.179872 0.000000
vt  0.291721 0.179872 0.000000
vt  0.316754 0.175063 0.000000
vt  0.291721 0.179872 0.000000
vt  0.286215 0.179872 0.000000
vt  0.316754 0.175063 0.000000
vt  0.286215 0.179872 0.000000
vt  0.279971 0.179872 0.000000
vt  0.316754 0.175063 0.000000
vt  0.279971 0.179872 0.000000
vt  0.274196 0.085800 0.000000
vt  0.360077 0.179872 0.000000
vt  0.339541 0.179872 0.000000
vt  0.334867 0.175063 0.000000
vt  0.365581 0.179872 0.000000
vt  0.360077 0.179872 0.000000
vt  0.334867 0.175063 0.000000
vt  0.383425 0.170006 0.000000
vt  0.375240 0.179872 0.000000
vt  0.365581 0.179872 0.000000
vt  0.383425 0.156462 0.000000
vt  0.383425 0.170006 0.000000
vt  0.365581 0.179872 0.000000
vt  0.383425 0.156462 0.000000
vt  0.365581 0.179872 0.000000
vt  0.334867 0.175063 0.000000
vt  0.383425 0.156462 0.000000
vt  0.334867 0.175063 0.000000
vt  0.316754 0.175063 0.000000
vt  0.378026 0.107902 0.000000
vt  0.383425 0.114074 0.000000
vt  0.383425 0.151219 0.000000
vt  0.378026 0.107902 0.000000
vt  0.383425 0.151219 0.000000
vt  0.383425 0.156462 0.000000
vt  0.378026 0.107902 0.000000
vt  0.383425 0.156462 0.000000
vt  0.316754 0.175063 0.000000
vt  0.378026 0.107902 0.000000
vt  0.316754 0.175063 0.000000
vt  0.274196 0.085800 0.000000
vt  0.378026 0.107902 0.000000
vt  0.274196 0.085800 0.000000
vt  0.334867 0.019451 0.000000
vt  0.378026 0.107902 0.000000
vt  0.334867 0.019451 0.000000
vt  0.365580 0.014406 0.000000
vt  0.378026 0.085800 0.000000
vt  0.378026 0.107902 0.000000
vt  0.365580 0.014406 0.000000
vt  0.378026 0.085800 0.000000
vt  0.365580 0.014406 0.000000
vt  0.383425 0.037239 0.000000
vt  0.383425 0.042482 0.000000
vt  0.383425 0.079628 0.000000
vt  0.378026 0.085800 0.000000
vt  0.383425 0.042482 0.000000
vt  0.378026 0.085800 0.000000
vt  0.383425 0.037239 0.000000
vt  0.156676 0.479975 0.000000
vt  0.156676 0.474021 0.000000
vt  0.137591 0.451481 0.000000
vt  0.133031 0.468105 0.000000
vt  0.142816 0.479975 0.000000
vt  0.156676 0.479975 0.000000
vt  0.133031 0.468105 0.000000
vt  0.156676 0.479975 0.000000
vt  0.137591 0.451481 0.000000
vt  0.615950 0.082066 0.000000
vt  0.615950 0.100595 0.000000
vt  0.659733 0.100595 0.000000
vt  0.634190 0.100595 0.000000
vt  0.634190 0.146351 0.000000
vt  0.615950 0.146351 0.000000
vt  0.615950 0.100595 0.000000
vt  0.634190 0.016273 0.000000
vt  0.634190 0.082066 0.000000
vt  0.615950 0.082066 0.000000
vt  0.615950 0.082066 0.000000
vt  0.615950 0.016273 0.000000
vt  0.634190 0.016273 0.000000
vt  0.659733 0.082066 0.000000
vt  0.659733 0.100595 0.000000
vt  0.615950 0.100595 0.000000
vt  0.615950 0.100595 0.000000
vt  0.615950 0.082066 0.000000
vt  0.659733 0.082066 0.000000
vt  0.659733 0.100595 0.000000
vt  0.659733 0.082066 0.000000
vt  0.615950 0.082066 0.000000
vt  0.615950 0.082066 0.000000
vt  0.615950 0.100595 0.000000
vt  0.659733 0.100595 0.000000
vt  0.659733 0.082066 0.000000
vt  0.659733 0.100595 0.000000
vt  0.615950 0.100595 0.000000
vt  0.615950 0.082066 0.000000
vt  0.117337 0.564250 0.000000
vt  0.093828 0.564250 0.000000
vt  0.130702 0.529602 0.000000
vt  0.130702 0.529602 0.000000
vt  0.130702 0.545805 0.000000
vt  0.117337 0.564250 0.000000
vt  0.130702 0.529602 0.000000
vt  0.093828 0.564250 0.000000
vt  0.117337 0.564250 0.000000
vt  0.117337 0.564250 0.000000
vt  0.130702 0.545805 0.000000
vt  0.130702 0.529602 0.000000
vt  0.117337 0.564250 0.000000
vt  0.093828 0.564250 0.000000
vt  0.130702 0.529602 0.000000
vt  0.130702 0.529602 0.000000
vt  0.130702 0.545805 0.000000
vt  0.117337 0.564250 0.000000
vt  0.130702 0.529602 0.000000
vt  0.093828 0.564250 0.000000
vt  0.117337 0.564250 0.000000
vt  0.117337 0.564250 0.000000
vt  0.130702 0.545805 0.000000
vt  0.130702 0.529602 0.000000
vt  0.117337 0.564250 0.000000
vt  0.093828 0.564250 0.000000
vt  0.130702 0.529602 0.000000
vt  0.130702 0.529602 0.000000
vt  0.130702 0.545805 0.000000
vt  0.117337 0.564250 0.000000
vt  0.130702 0.529602 0.000000
vt  0.093828 0.564250 0.000000
vt  0.117337 0.564250 0.000000
vt  0.117337 0.564250 0.000000
vt  0.130702 0.545805 0.000000
vt  0.130702 0.529602 0.000000
vt  0.130702 0.529602 0.000000
vt  0.093828 0.564250 0.000000
vt  0.117337 0.564250 0.000000
vt  0.117337 0.564250 0.000000
vt  0.130702 0.545805 0.000000
vt  0.130702 0.529602 0.000000
vt  0.117337 0.564250 0.000000
vt  0.093828 0.564250 0.000000
vt  0.130702 0.529602 0.000000
vt  0.130702 0.529602 0.000000
vt  0.130702 0.545805 0.000000
vt  0.117337 0.564250 0.000000
vt  0.130131 0.244832 0.000000
vt  0.129503 0.221833 0.000000
vt  0.075299 0.221788 0.000000
vt  0.075299 0.221788 0.000000
vt  0.084113 0.244832 0.000000
vt  0.130131 0.244832 0.000000
vt  0.594760 0.016592 0.000000
vt  0.594760 0.081938 0.000000
vt  0.554728 0.082013 0.000000
vt  0.554728 0.146285 0.000000
vt  0.554728 0.100788 0.000000
vt  0.594760 0.100788 0.000000
vt  0.594760 0.100788 0.000000
vt  0.594760 0.146285 0.000000
vt  0.554728 0.146285 0.000000
vt  0.594760 0.081938 0.000000
vt  0.594760 0.100788 0.000000
vt  0.554728 0.100788 0.000000
vt  0.554728 0.100788 0.000000
vt  0.554728 0.082013 0.000000
vt  0.594760 0.081938 0.000000
vt  0.539231 0.082013 0.000000
vt  0.539231 0.035362 0.000000
vt  0.554728 0.016592 0.000000
vt  0.554728 0.016592 0.000000
vt  0.554728 0.082013 0.000000
vt  0.539231 0.082013 0.000000
vt  0.539122 0.146314 0.000000
vt  0.539231 0.100788 0.000000
vt  0.554728 0.100788 0.000000
vt  0.554728 0.100788 0.000000
vt  0.554728 0.146285 0.000000
vt  0.539122 0.146314 0.000000
vt  0.539231 0.100788 0.000000
vt  0.539231 0.082013 0.000000
vt  0.554728 0.082013 0.000000
vt  0.554728 0.082013 0.000000
vt  0.554728 0.100788 0.000000
vt  0.539231 0.100788 0.000000
vt  0.429440 0.082013 0.000000
vt  0.429440 0.035362 0.000000
vt  0.539231 0.035362 0.000000
vt  0.539231 0.035362 0.000000
vt  0.539231 0.082013 0.000000
vt  0.429440 0.082013 0.000000
vt  0.429440 0.146285 0.000000
vt  0.429440 0.100788 0.000000
vt  0.539231 0.100788 0.000000
vt  0.539231 0.100788 0.000000
vt  0.539122 0.146314 0.000000
vt  0.429440 0.146285 0.000000
vt  0.429440 0.100788 0.000000
vt  0.429440 0.082013 0.000000
vt  0.539231 0.082013 0.000000
vt  0.539231 0.082013 0.000000
vt  0.539231 0.100788 0.000000
vt  0.429440 0.100788 0.000000
vt  0.634190 0.016273 0.000000
vt  0.615950 0.016273 0.000000
vt  0.615950 0.082066 0.000000
vt  0.615950 0.082066 0.000000
vt  0.634190 0.082066 0.000000
vt  0.634190 0.016273 0.000000
vt  0.634190 0.146351 0.000000
vt  0.634190 0.100595 0.000000
vt  0.615950 0.100595 0.000000
vt  0.615950 0.146351 0.000000
vt  0.634190 0.100595 0.000000
vt  0.634190 0.146351 0.000000
vt  0.615950 0.146351 0.000000
vt  0.615950 0.100595 0.000000
vt  0.634190 0.016273 0.000000
vt  0.634190 0.082066 0.000000
vt  0.615950 0.082066 0.000000
vt  0.615950 0.082066 0.000000
vt  0.615950 0.016273 0.000000
vt  0.634190 0.016273 0.000000
vt  0.634190 0.146351 0.000000
vt  0.634190 0.100595 0.000000
vt  0.615950 0.100595 0.000000
vt  0.615950 0.100595 0.000000
vt  0.615950 0.146351 0.000000
vt  0.634190 0.146351 0.000000
vt  0.634190 0.082066 0.000000
vt  0.634190 0.016273 0.000000
vt  0.615950 0.016273 0.000000
vt  0.615950 0.016273 0.000000
vt  0.615950 0.082066 0.000000
vt  0.634190 0.082066 0.000000
vt  0.659733 0.100595 0.000000
vt  0.659733 0.082066 0.000000
vt  0.615950 0.082066 0.000000
vt  0.044103 0.322997 0.000000
vt  0.016085 0.322872 0.000000
vt  0.016131 0.341750 0.000000
vt  0.016131 0.341750 0.000000
vt  0.044103 0.341881 0.000000
vt  0.044103 0.322997 0.000000
vt  0.044103 0.274595 0.000000
vt  0.016084 0.274445 0.000000
vt  0.016084 0.248829 0.000000
vt  0.016084 0.248829 0.000000
vt  0.044103 0.262083 0.000000
vt  0.044103 0.274595 0.000000
vt  0.044103 0.322997 0.000000
vt  0.016085 0.322872 0.000000
vt  0.016084 0.274445 0.000000
vt  0.016084 0.274445 0.000000
vt  0.044103 0.274595 0.000000
vt  0.044103 0.322997 0.000000
vt  0.044103 0.341881 0.000000
vt  0.016131 0.341750 0.000000
vt  0.016085 0.322872 0.000000
vt  0.016085 0.322872 0.000000
vt  0.044103 0.322997 0.000000
vt  0.044103 0.341881 0.000000
vt  0.065402 0.244832 0.000000
vt  0.045450 0.221788 0.000000
vt  0.023120 0.239874 0.000000
vt  0.023120 0.239874 0.000000
vt  0.044103 0.262083 0.000000
vt  0.065402 0.244832 0.000000
vt  0.044103 0.262083 0.000000
vt  0.023120 0.239874 0.000000
vt  0.045450 0.221788 0.000000
vt  0.045450 0.221788 0.000000
vt  0.065402 0.244832 0.000000
vt  0.044103 0.262083 0.000000
vt  0.065402 0.244832 0.000000
vt  0.045450 0.221788 0.000000
vt  0.023120 0.239874 0.000000
vt  0.023120 0.239874 0.000000
vt  0.044103 0.262083 0.000000
vt  0.065402 0.244832 0.000000
vt  0.044103 0.262083 0.000000
vt  0.023120 0.239874 0.000000
vt  0.045450 0.221788 0.000000
vt  0.045450 0.221788 0.000000
vt  0.065402 0.244832 0.000000
vt  0.044103 0.262083 0.000000
vt  0.044103 0.262083 0.000000
vt  0.065402 0.244832 0.000000
vt  0.084113 0.244832 0.000000
vt  0.130094 0.292351 0.000000
vt  0.080526 0.341881 0.000000
vt  0.044103 0.341881 0.000000
vt  0.130131 0.244832 0.000000
vt  0.130094 0.292351 0.000000
vt  0.044103 0.341881 0.000000
vt  0.130131 0.244832 0.000000
vt  0.044103 0.341881 0.000000
vt  0.044103 0.322997 0.000000
vt  0.130131 0.244832 0.000000
vt  0.044103 0.322997 0.000000
vt  0.044103 0.274595 0.000000
vt  0.130131 0.244832 0.000000
vt  0.044103 0.274595 0.000000
vt  0.044103 0.262083 0.000000
vt  0.130131 0.244832 0.000000
vt  0.044103 0.262083 0.000000
vt  0.084113 0.244832 0.000000
vt  0.065402 0.244832 0.000000
vt  0.044103 0.262083 0.000000
vt  0.044103 0.274595 0.000000
vt  0.080526 0.341881 0.000000
vt  0.130094 0.292351 0.000000
vt  0.130131 0.244832 0.000000
vt  0.044103 0.341881 0.000000
vt  0.080526 0.341881 0.000000
vt  0.130131 0.244832 0.000000
vt  0.044103 0.341881 0.000000
vt  0.130131 0.244832 0.000000
vt  0.084113 0.244832 0.000000
vt  0.044103 0.341881 0.000000
vt  0.084113 0.244832 0.000000
vt  0.065402 0.244832 0.000000
vt  0.044103 0.322997 0.000000
vt  0.044103 0.341881 0.000000
vt  0.065402 0.244832 0.000000
vt  0.044103 0.322997 0.000000
vt  0.065402 0.244832 0.000000
vt  0.044103 0.274595 0.000000
vt  0.084113 0.244832 0.000000
vt  0.075299 0.221788 0.000000
vt  0.129503 0.221833 0.000000
vt  0.129503 0.221833 0.000000
vt  0.130131 0.244832 0.000000
vt  0.084113 0.244832 0.000000
vt  0.065402 0.244832 0.000000
vt  0.045450 0.221788 0.000000
vt  0.075299 0.221788 0.000000
vt  0.075299 0.221788 0.000000
vt  0.084113 0.244832 0.000000
vt  0.065402 0.244832 0.000000
vt  0.084113 0.244832 0.000000
vt  0.075299 0.221788 0.000000
vt  0.045450 0.221788 0.000000
vt  0.045450 0.221788 0.000000
vt  0.065402 0.244832 0.000000
vt  0.084113 0.244832 0.000000
vt  0.084113 0.244832 0.000000
vt  0.075299 0.221788 0.000000
vt  0.129503 0.221833 0.000000
vt  0.129503 0.221833 0.000000
vt  0.130131 0.244832 0.000000
vt  0.084113 0.244832 0.000000
vt  0.130131 0.244832 0.000000
vt  0.129503 0.221833 0.000000
vt  0.075299 0.221788 0.000000
vt  0.075299 0.221788 0.000000
vt  0.084113 0.244832 0.000000
vt  0.130131 0.244832 0.000000
vt  0.084113 0.244832 0.000000
vt  0.075299 0.221788 0.000000
vt  0.045450 0.221788 0.000000
vt  0.045450 0.221788 0.000000
vt  0.065402 0.244832 0.000000
vt  0.084113 0.244832 0.000000
vt  0.065402 0.244832 0.000000
vt  0.045450 0.221788 0.000000
vt  0.075299 0.221788 0.000000
vt  0.075299 0.221788 0.000000
vt  0.084113 0.244832 0.000000
vt  0.065402 0.244832 0.000000
vt  0.044103 0.274595 0.000000
vt  0.016084 0.274445 0.000000
vt  0.016084 0.248829 0.000000
vt  0.016084 0.248829 0.000000
vt  0.044103 0.262083 0.000000
vt  0.044103 0.274595 0.000000
vt  0.044103 0.322997 0.000000
vt  0.016085 0.322872 0.000000
vt  0.016084 0.274445 0.000000
vt  0.016084 0.274445 0.000000
vt  0.044103 0.274595 0.000000
vt  0.044103 0.322997 0.000000
vt  0.044103 0.341881 0.000000
vt  0.016131 0.341750 0.000000
vt  0.016085 0.322872 0.000000
vt  0.016085 0.322872 0.000000
vt  0.044103 0.322997 0.000000
vt  0.044103 0.341881 0.000000
vt  0.044103 0.262083 0.000000
vt  0.016084 0.248829 0.000000
vt  0.016084 0.274445 0.000000
vt  0.016084 0.274445 0.000000
vt  0.044103 0.274595 0.000000
vt  0.044103 0.262083 0.000000
vt  0.044103 0.274595 0.000000
vt  0.016084 0.274445 0.000000
vt  0.016085 0.322872 0.000000
vt  0.016085 0.322872 0.000000
vt  0.044103 0.322997 0.000000
vt  0.044103 0.274595 0.000000
vt  0.044103 0.322997 0.000000
vt  0.016085 0.322872 0.000000
vt  0.016131 0.341750 0.000000
vt  0.016131 0.341750 0.000000
vt  0.044103 0.341881 0.000000
vt  0.044103 0.322997 0.000000
vt  0.044103 0.262083 0.000000
vt  0.016084 0.248829 0.000000
vt  0.016084 0.274445 0.000000
vt  0.016084 0.274445 0.000000
vt  0.044103 0.274595 0.000000
vt  0.044103 0.262083 0.000000
vt  0.044103 0.274595 0.000000
vt  0.016084 0.274445 0.000000
vt  0.016085 0.322872 0.000000
vt  0.016085 0.322872 0.000000
vt  0.044103 0.322997 0.000000
vt  0.044103 0.274595 0.000000
vt  0.754956 0.100595 0.000000
vt  0.754956 0.146351 0.000000
vt  0.694839 0.146380 0.000000
vt  0.694839 0.146380 0.000000
vt  0.694661 0.100595 0.000000
vt  0.754956 0.100595 0.000000
vt  0.694661 0.100595 0.000000
vt  0.694839 0.146380 0.000000
vt  0.754956 0.146351 0.000000
vt  0.754956 0.146351 0.000000
vt  0.754956 0.100595 0.000000
vt  0.694661 0.100595 0.000000
vt  0.659733 0.100595 0.000000
vt  0.659733 0.146351 0.000000
vt  0.694839 0.146380 0.000000
vt  0.694839 0.146380 0.000000
vt  0.694661 0.100595 0.000000
vt  0.659733 0.100595 0.000000
vt  0.694661 0.082066 0.000000
vt  0.659733 0.082066 0.000000
vt  0.659733 0.100595 0.000000
vt  0.659733 0.100595 0.000000
vt  0.694661 0.100595 0.000000
vt  0.694661 0.082066 0.000000
vt  0.678294 0.016273 0.000000
vt  0.659733 0.016273 0.000000
vt  0.659733 0.082066 0.000000
vt  0.659733 0.082066 0.000000
vt  0.694661 0.082066 0.000000
vt  0.678294 0.016273 0.000000
vt  0.634190 0.100595 0.000000
vt  0.634190 0.146351 0.000000
vt  0.659733 0.146351 0.000000
vt  0.659733 0.100595 0.000000
vt  0.634190 0.016273 0.000000
vt  0.634190 0.082066 0.000000
vt  0.659733 0.082066 0.000000
vt  0.659733 0.082066 0.000000
vt  0.659733 0.016273 0.000000
vt  0.634190 0.016273 0.000000
vt  0.634190 0.082066 0.000000
vt  0.634190 0.016273 0.000000
vt  0.659733 0.016273 0.000000
vt  0.659733 0.016273 0.000000
vt  0.659733 0.082066 0.000000
vt  0.634190 0.082066 0.000000
vt  0.634190 0.146351 0.000000
vt  0.634190 0.100595 0.000000
vt  0.659733 0.100595 0.000000
vt  0.659733 0.100595 0.000000
vt  0.659733 0.146351 0.000000
vt  0.634190 0.146351 0.000000
vt  0.594760 0.081938 0.000000
vt  0.594760 0.016592 0.000000
vt  0.615950 0.016273 0.000000
vt  0.615950 0.016273 0.000000
vt  0.615950 0.082066 0.000000
vt  0.594760 0.081938 0.000000
vt  0.594760 0.146285 0.000000
vt  0.594760 0.100788 0.000000
vt  0.615950 0.100595 0.000000
vt  0.615950 0.100595 0.000000
vt  0.615950 0.146351 0.000000
vt  0.594760 0.146285 0.000000
vt  0.554728 0.082013 0.000000
vt  0.554728 0.016592 0.000000
vt  0.594760 0.016592 0.000000
vt  0.594760 0.016592 0.000000
vt  0.594760 0.081938 0.000000
vt  0.554728 0.082013 0.000000
vt  0.554728 0.146285 0.000000
vt  0.554728 0.100788 0.000000
vt  0.594760 0.100788 0.000000
vt  0.594760 0.100788 0.000000
vt  0.594760 0.146285 0.000000
vt  0.554728 0.146285 0.000000
vt  0.594760 0.081938 0.000000
vt  0.594760 0.100788 0.000000
vt  0.554728 0.100788 0.000000
vt  0.554728 0.100788 0.000000
vt  0.554728 0.082013 0.000000
vt  0.594760 0.081938 0.000000
vt  0.539231 0.082013 0.000000
vt  0.539231 0.035362 0.000000
vt  0.554728 0.016592 0.000000
vt  0.694661 0.100595 0.000000
vt  0.694661 0.082066 0.000000
vt  0.659733 0.082066 0.000000
vt  0.659733 0.100595 0.000000
vt  0.659733 0.016273 0.000000
vt  0.659733 0.082066 0.000000
vt  0.694661 0.082066 0.000000
vt  0.694661 0.082066 0.000000
vt  0.678294 0.016273 0.000000
vt  0.659733 0.016273 0.000000
vt  0.694839 0.146380 0.000000
vt  0.694661 0.100595 0.000000
vt  0.659733 0.100595 0.000000
vt  0.659733 0.100595 0.000000
vt  0.659733 0.146351 0.000000
vt  0.694839 0.146380 0.000000
vt  0.754956 0.100595 0.000000
vt  0.694661 0.100595 0.000000
vt  0.694839 0.146380 0.000000
vt  0.694839 0.146380 0.000000
vt  0.754956 0.146351 0.000000
vt  0.754956 0.100595 0.000000
vt  0.694661 0.100595 0.000000
vt  0.754956 0.100595 0.000000
vt  0.754956 0.146351 0.000000
vt  0.754956 0.146351 0.000000
vt  0.694839 0.146380 0.000000
vt  0.694661 0.100595 0.000000
vt  0.659733 0.100595 0.000000
vt  0.694661 0.100595 0.000000
vt  0.694839 0.146380 0.000000
vt  0.694839 0.146380 0.000000
vt  0.659733 0.146351 0.000000
vt  0.659733 0.100595 0.000000
vt  0.694661 0.082066 0.000000
vt  0.694661 0.100595 0.000000
vt  0.659733 0.100595 0.000000
vt  0.659733 0.100595 0.000000
vt  0.659733 0.082066 0.000000
vt  0.694661 0.082066 0.000000
vt  0.678294 0.016273 0.000000
vt  0.694661 0.082066 0.000000
vt  0.659733 0.082066 0.000000
vt  0.659733 0.082066 0.000000
vt  0.659733 0.016273 0.000000
vt  0.678294 0.016273 0.000000
vt  0.634190 0.100595 0.000000
vt  0.659733 0.100595 0.000000
vt  0.659733 0.146351 0.000000
vt  0.634190 0.146351 0.000000
vt  0.634190 0.016273 0.000000
vt  0.659733 0.016273 0.000000
vt  0.659733 0.082066 0.000000
vt  0.659733 0.082066 0.000000
vt  0.634190 0.082066 0.000000
vt  0.634190 0.016273 0.000000
vt  0.634190 0.082066 0.000000
vt  0.659733 0.082066 0.000000
vt  0.659733 0.016273 0.000000
vt  0.659733 0.016273 0.000000
vt  0.634190 0.016273 0.000000
vt  0.634190 0.082066 0.000000
vt  0.634190 0.146351 0.000000
vt  0.659733 0.146351 0.000000
vt  0.659733 0.100595 0.000000
vt  0.659733 0.100595 0.000000
vt  0.634190 0.100595 0.000000
vt  0.634190 0.146351 0.000000
vt  0.694661 0.100595 0.000000
vt  0.659733 0.100595 0.000000
vt  0.659733 0.082066 0.000000
vt  0.659733 0.082066 0.000000
vt  0.694661 0.082066 0.000000
vt  0.694661 0.100595 0.000000
vt  0.659733 0.016273 0.000000
vt  0.678294 0.016273 0.000000
vt  0.694661 0.082066 0.000000
vt  0.694661 0.082066 0.000000
vt  0.659733 0.082066 0.000000
vt  0.659733 0.016273 0.000000
vt  0.694839 0.146380 0.000000
vt  0.659733 0.146351 0.000000
vt  0.659733 0.100595 0.000000
vt  0.659733 0.100595 0.000000
vt  0.694661 0.100595 0.000000
vt  0.694839 0.146380 0.000000
vt  0.539231 0.100788 0.000000
vt  0.429440 0.100788 0.000000
vt  0.429440 0.146285 0.000000
vt  0.429440 0.100788 0.000000
vt  0.539231 0.100788 0.000000
vt  0.539231 0.082013 0.000000
vt  0.539231 0.082013 0.000000
vt  0.429440 0.082013 0.000000
vt  0.429440 0.100788 0.000000
vt  0.594760 0.081938 0.000000
vt  0.615950 0.082066 0.000000
vt  0.615950 0.016273 0.000000
vt  0.615950 0.016273 0.000000
vt  0.594760 0.016592 0.000000
vt  0.594760 0.081938 0.000000
vt  0.594760 0.146285 0.000000
vt  0.615950 0.146351 0.000000
vt  0.615950 0.100595 0.000000
vt  0.615950 0.100595 0.000000
vt  0.594760 0.100788 0.000000
vt  0.594760 0.146285 0.000000
vt  0.554728 0.081938 0.000000
vt  0.594760 0.081938 0.000000
vt  0.594760 0.016592 0.000000
vt  0.594760 0.016592 0.000000
vt  0.554728 0.016592 0.000000
vt  0.554728 0.081938 0.000000
vt  0.554728 0.146285 0.000000
vt  0.594760 0.146285 0.000000
vt  0.594760 0.100788 0.000000
vt  0.594760 0.100788 0.000000
vt  0.554728 0.100788 0.000000
vt  0.554728 0.146285 0.000000
vt  0.594760 0.081938 0.000000
vt  0.554728 0.081938 0.000000
vt  0.554728 0.100788 0.000000
vt  0.594760 0.100788 0.000000
vt  0.539231 0.081938 0.000000
vt  0.554728 0.081938 0.000000
vt  0.554728 0.016592 0.000000
vt  0.554728 0.016592 0.000000
vt  0.539231 0.035362 0.000000
vt  0.539231 0.081938 0.000000
vt  0.539122 0.146314 0.000000
vt  0.554728 0.146285 0.000000
vt  0.554728 0.100788 0.000000
vt  0.554728 0.100788 0.000000
vt  0.539231 0.100788 0.000000
vt  0.539122 0.146314 0.000000
vt  0.539231 0.100788 0.000000
vt  0.554728 0.100788 0.000000
vt  0.554728 0.081938 0.000000
vt  0.554728 0.081938 0.000000
vt  0.539231 0.081938 0.000000
vt  0.539231 0.100788 0.000000
vt  0.429440 0.081938 0.000000
vt  0.539231 0.081938 0.000000
vt  0.539231 0.035362 0.000000
vt  0.539231 0.035362 0.000000
vt  0.429440 0.035362 0.000000
vt  0.429440 0.081938 0.000000
vt  0.429440 0.146285 0.000000
vt  0.539122 0.146314 0.000000
vt  0.539231 0.100788 0.000000
vt  0.539231 0.100788 0.000000
vt  0.429440 0.100788 0.000000
vt  0.429440 0.146285 0.000000
vt  0.429440 0.100788 0.000000
vt  0.539231 0.100788 0.000000
vt  0.539231 0.081938 0.000000
vt  0.539231 0.081938 0.000000
vt  0.429440 0.081938 0.000000
vt  0.429440 0.100788 0.000000
vt  0.594760 0.081938 0.000000
vt  0.594760 0.016592 0.000000
vt  0.615950 0.016273 0.000000
vt  0.615950 0.016273 0.000000
vt  0.615950 0.082066 0.000000
vt  0.594760 0.081938 0.000000
vt  0.594760 0.146285 0.000000
vt  0.594760 0.100788 0.000000
vt  0.615950 0.100595 0.000000
vt  0.615950 0.146351 0.000000
vt  0.554728 0.082013 0.000000
vt  0.554728 0.016592 0.000000
vt  0.594760 0.016592 0.000000
vt  0.554728 0.016592 0.000000
vt  0.554728 0.082013 0.000000
vt  0.539231 0.082013 0.000000
vt  0.539122 0.146314 0.000000
vt  0.539231 0.100788 0.000000
vt  0.554728 0.100788 0.000000
vt  0.554728 0.100788 0.000000
vt  0.554728 0.146285 0.000000
vt  0.539122 0.146314 0.000000
vt  0.539231 0.100788 0.000000
vt  0.539231 0.082013 0.000000
vt  0.554728 0.082013 0.000000
vt  0.554728 0.082013 0.000000
vt  0.554728 0.100788 0.000000
vt  0.539231 0.100788 0.000000
vt  0.429440 0.082013 0.000000
vt  0.429440 0.035362 0.000000
vt  0.539231 0.035362 0.000000
vt  0.539231 0.035362 0.000000
vt  0.539231 0.082013 0.000000
vt  0.429440 0.082013 0.000000
vt  0.429440 0.146285 0.000000
vt  0.429440 0.100788 0.000000
vt  0.539231 0.100788 0.000000
vt  0.539231 0.100788 0.000000
vt  0.539122 0.146314 0.000000
vt  0.429440 0.146285 0.000000
vt  0.429440 0.100788 0.000000
vt  0.429440 0.082013 0.000000
vt  0.539231 0.082013 0.000000
vt  0.539231 0.082013 0.000000
vt  0.539231 0.100788 0.000000
vt  0.429440 0.100788 0.000000
vt  0.594760 0.081938 0.000000
vt  0.615950 0.082066 0.000000
vt  0.615950 0.016273 0.000000
vt  0.615950 0.016273 0.000000
vt  0.594760 0.016592 0.000000
vt  0.594760 0.081938 0.000000
vt  0.594760 0.146285 0.000000
vt  0.615950 0.146351 0.000000
vt  0.615950 0.100595 0.000000
vt  0.594760 0.100788 0.000000
vt  0.554728 0.082013 0.000000
vt  0.594760 0.081938 0.000000
vt  0.594760 0.016592 0.000000
vt  0.594760 0.016592 0.000000
vt  0.554728 0.016592 0.000000
vt  0.554728 0.082013 0.000000
vt  0.554728 0.146285 0.000000
vt  0.594760 0.146285 0.000000
vt  0.594760 0.100788 0.000000
vt  0.554728 0.100788 0.000000
vt  0.594760 0.081938 0.000000
vt  0.554728 0.082013 0.000000
vt  0.554728 0.100788 0.000000
vt  0.554728 0.100788 0.000000
vt  0.594760 0.100788 0.000000
vt  0.594760 0.081938 0.000000
vt  0.539231 0.082013 0.000000
vt  0.554728 0.082013 0.000000
vt  0.554728 0.016592 0.000000
vt  0.554728 0.016592 0.000000
vt  0.539231 0.035362 0.000000
vt  0.539231 0.082013 0.000000
vt  0.539122 0.146314 0.000000
vt  0.554728 0.146285 0.000000
vt  0.554728 0.100788 0.000000
vt  0.554728 0.100788 0.000000
vt  0.539231 0.100788 0.000000
vt  0.539122 0.146314 0.000000
vt  0.539231 0.100788 0.000000
vt  0.554728 0.100788 0.000000
vt  0.554728 0.082013 0.000000
vt  0.554728 0.082013 0.000000
vt  0.539231 0.082013 0.000000
vt  0.539231 0.100788 0.000000
vt  0.429440 0.082013 0.000000
vt  0.539231 0.082013 0.000000
vt  0.539231 0.035362 0.000000
vt  0.539231 0.035362 0.000000
vt  0.429440 0.035362 0.000000
vt  0.429440 0.082013 0.000000
vt  0.429440 0.146285 0.000000
vt  0.539122 0.146314 0.000000
vt  0.539231 0.100788 0.000000
vt  0.989023 0.077708 0.000000
vt  0.989023 0.034879 0.000000
vt  0.919861 0.034878 0.000000
vt  0.767902 0.034578 0.000000
vt  0.767902 0.077408 0.000000
vt  0.725520 0.077408 0.000000
vt  0.725520 0.077408 0.000000
vt  0.725520 0.034578 0.000000
vt  0.767902 0.034578 0.000000
vt  0.784309 0.034865 0.000000
vt  0.784309 0.097280 0.000000
vt  0.767902 0.077408 0.000000
vt  0.767902 0.077408 0.000000
vt  0.767902 0.034578 0.000000
vt  0.784309 0.034865 0.000000
vt  0.900547 0.034865 0.000000
vt  0.900547 0.097280 0.000000
vt  0.784309 0.097280 0.000000
vt  0.784309 0.097280 0.000000
vt  0.784309 0.034865 0.000000
vt  0.900547 0.034865 0.000000
vt  0.725520 0.034578 0.000000
vt  0.725520 0.077408 0.000000
vt  0.767902 0.077408 0.000000
vt  0.767902 0.077408 0.000000
vt  0.767902 0.034578 0.000000
vt  0.725520 0.034578 0.000000
vt  0.767902 0.034578 0.000000
vt  0.767902 0.077408 0.000000
vt  0.784309 0.097280 0.000000
vt  0.784309 0.097280 0.000000
vt  0.784309 0.034865 0.000000
vt  0.767902 0.034578 0.000000
vt  0.784309 0.034865 0.000000
vt  0.784309 0.097280 0.000000
vt  0.900547 0.097280 0.000000
vt  0.900547 0.097280 0.000000
vt  0.900547 0.034865 0.000000
vt  0.784309 0.034865 0.000000
vt  0.919861 0.034878 0.000000
vt  0.919861 0.077708 0.000000
vt  0.900547 0.097280 0.000000
vt  0.900547 0.097280 0.000000
vt  0.900547 0.034865 0.000000
vt  0.919861 0.034878 0.000000
vt  0.900547 0.034865 0.000000
vt  0.900547 0.097280 0.000000
vt  0.919861 0.077708 0.000000
vt  0.919861 0.077708 0.000000
vt  0.919861 0.034878 0.000000
vt  0.900547 0.034865 0.000000
vt  0.989023 0.034879 0.000000
vt  0.989023 0.077708 0.000000
vt  0.919861 0.077708 0.000000
vt  0.919861 0.077708 0.000000
vt  0.919861 0.034878 0.000000
vt  0.989023 0.034879 0.000000
vt  0.090941 0.038981 0.000000
vt  0.090941 0.080833 0.000000
vt  0.107927 0.149118 0.000000
vt  0.107927 0.149118 0.000000
vt  0.107927 0.039037 0.000000
vt  0.090941 0.038981 0.000000
vt  0.071677 0.038981 0.000000
vt  0.071677 0.080833 0.000000
vt  0.090941 0.080833 0.000000
vt  0.090941 0.038981 0.000000
vt  0.107927 0.039037 0.000000
vt  0.107927 0.149118 0.000000
vt  0.090941 0.080833 0.000000
vt  0.090941 0.080833 0.000000
vt  0.090941 0.038981 0.000000
vt  0.107927 0.039037 0.000000
vt  0.090941 0.038981 0.000000
vt  0.090941 0.080833 0.000000
vt  0.071677 0.080833 0.000000
vt  0.071677 0.038981 0.000000
vt  0.170306 0.039287 0.000000
vt  0.170306 0.149083 0.000000
vt  0.185158 0.080890 0.000000
vt  0.185158 0.080890 0.000000
vt  0.185158 0.039038 0.000000
vt  0.170306 0.039287 0.000000
vt  0.034157 0.826787 0.000000
vt  0.070948 0.952644 0.000000
vt  0.124477 0.965827 0.000000
vt  0.034157 0.826787 0.000000
vt  0.124477 0.965827 0.000000
vt  0.185610 0.965827 0.000000
vt  0.039005 0.823281 0.000000
vt  0.034157 0.826787 0.000000
vt  0.185610 0.965827 0.000000
vt  0.039005 0.823281 0.000000
vt  0.185610 0.965827 0.000000
vt  0.271970 0.744557 0.000000
vt  0.039005 0.823281 0.000000
vt  0.271970 0.744557 0.000000
vt  0.124475 0.601765 0.000000
vt  0.039005 0.744558 0.000000
vt  0.039005 0.823281 0.000000
vt  0.124475 0.601765 0.000000
vt  0.005162 0.649331 0.000000
vt  0.005184 0.741362 0.000000
vt  0.034157 0.741059 0.000000
vt  0.005162 0.649331 0.000000
vt  0.034157 0.741059 0.000000
vt  0.039005 0.744558 0.000000
vt  0.036730 0.649283 0.000000
vt  0.005162 0.649331 0.000000
vt  0.039005 0.744558 0.000000
vt  0.036730 0.649283 0.000000
vt  0.039005 0.744558 0.000000
vt  0.124475 0.601765 0.000000
vt  0.036730 0.649283 0.000000
vt  0.124475 0.601765 0.000000
vt  0.120957 0.597008 0.000000
vt  0.036730 0.649283 0.000000
vt  0.120957 0.597008 0.000000
vt  0.120919 0.574004 0.000000
vt  0.036730 0.649283 0.000000
vt  0.120919 0.574004 0.000000
vt  0.070947 0.614948 0.000000
vt  0.725520 0.034578 0.000000
vt  0.725520 0.077408 0.000000
vt  0.767902 0.077408 0.000000
vt  0.767902 0.077408 0.000000
vt  0.767902 0.034578 0.000000
vt  0.725520 0.034578 0.000000
vt  0.767902 0.034578 0.000000
vt  0.767902 0.077408 0.000000
vt  0.784309 0.097280 0.000000
vt  0.784309 0.097280 0.000000
vt  0.784309 0.034865 0.000000
vt  0.767902 0.034578 0.000000
vt  0.784309 0.034865 0.000000
vt  0.784309 0.097280 0.000000
vt  0.900547 0.097280 0.000000
vt  0.900547 0.097280 0.000000
vt  0.900547 0.034865 0.000000
vt  0.784309 0.034865 0.000000
vt  0.767902 0.034578 0.000000
vt  0.767902 0.077408 0.000000
vt  0.725520 0.077408 0.000000
vt  0.725520 0.077408 0.000000
vt  0.725520 0.034578 0.000000
vt  0.767902 0.034578 0.000000
vt  0.784309 0.034865 0.000000
vt  0.784309 0.097280 0.000000
vt  0.767902 0.077408 0.000000
vt  0.767902 0.077408 0.000000
vt  0.767902 0.034578 0.000000
vt  0.784309 0.034865 0.000000
vt  0.900547 0.034865 0.000000
vt  0.900547 0.097280 0.000000
vt  0.784309 0.097280 0.000000
vt  0.784309 0.097280 0.000000
vt  0.784309 0.034865 0.000000
vt  0.900547 0.034865 0.000000
vt  0.900547 0.034865 0.000000
vt  0.900547 0.097280 0.000000
vt  0.919861 0.077708 0.000000
vt  0.919861 0.077708 0.000000
vt  0.919861 0.034878 0.000000
vt  0.900547 0.034865 0.000000
vt  0.919861 0.034878 0.000000
vt  0.919861 0.077708 0.000000
vt  0.900547 0.097280 0.000000
vt  0.900547 0.097280 0.000000
vt  0.900547 0.034865 0.000000
vt  0.919861 0.034878 0.000000
vt  0.919861 0.034878 0.000000
vt  0.919861 0.077708 0.000000
vt  0.989023 0.077708 0.000000
vt  0.092219 0.438386 0.000000
vt  0.092219 0.372208 0.000000
vt  0.112878 0.372208 0.000000
vt  0.112878 0.372208 0.000000
vt  0.099274 0.438386 0.000000
vt  0.092219 0.438386 0.000000
vt  0.107927 0.039037 0.000000
vt  0.107927 0.149118 0.000000
vt  0.170306 0.149083 0.000000
vt  0.170306 0.149083 0.000000
vt  0.170306 0.039287 0.000000
vt  0.107927 0.039037 0.000000
vt  0.107927 0.149118 0.000000
vt  0.107927 0.039037 0.000000
vt  0.170306 0.039287 0.000000
vt  0.170306 0.039287 0.000000
vt  0.170306 0.149083 0.000000
vt  0.107927 0.149118 0.000000
vt  0.272547 0.479975 0.000000
vt  0.200688 0.479975 0.000000
vt  0.200688 0.474021 0.000000
vt  0.200688 0.474021 0.000000
vt  0.272547 0.474021 0.000000
vt  0.272547 0.479975 0.000000
vt  0.298887 0.252369 0.000000
vt  0.298887 0.271228 0.000000
vt  0.308167 0.271228 0.000000
vt  0.308167 0.271228 0.000000
vt  0.324915 0.252369 0.000000
vt  0.298887 0.252369 0.000000
vt  0.298887 0.252369 0.000000
vt  0.298941 0.207391 0.000000
vt  0.324454 0.207390 0.000000
vt  0.324454 0.207390 0.000000
vt  0.324915 0.252369 0.000000
vt  0.298887 0.252369 0.000000
vt  0.298887 0.271228 0.000000
vt  0.298887 0.252369 0.000000
vt  0.324915 0.252369 0.000000
vt  0.324915 0.252369 0.000000
vt  0.308167 0.271228 0.000000
vt  0.298887 0.271228 0.000000
vt  0.182877 0.479975 0.000000
vt  0.200688 0.479975 0.000000
vt  0.200688 0.474021 0.000000
vt  0.200688 0.474021 0.000000
vt  0.182877 0.474021 0.000000
vt  0.182877 0.479975 0.000000
vt  0.200688 0.479975 0.000000
vt  0.272547 0.479975 0.000000
vt  0.272547 0.474021 0.000000
vt  0.272547 0.474021 0.000000
vt  0.200688 0.474021 0.000000
vt  0.200688 0.479975 0.000000
vt  0.156676 0.479975 0.000000
vt  0.182877 0.479975 0.000000
vt  0.182877 0.474021 0.000000
vt  0.156676 0.474021 0.000000
vt  0.133031 0.439402 0.000000
vt  0.133031 0.451481 0.000000
vt  0.137591 0.451481 0.000000
vt  0.137591 0.439402 0.000000
vt  0.118284 0.468206 0.000000
vt  0.118284 0.449519 0.000000
vt  0.122844 0.449519 0.000000
vt  0.122844 0.468206 0.000000
vt  0.168130 0.490900 0.000000
vt  0.141929 0.490900 0.000000
vt  0.141929 0.484040 0.000000
vt  0.168130 0.484040 0.000000
vt  0.133031 0.451481 0.000000
vt  0.133031 0.439402 0.000000
vt  0.137591 0.439402 0.000000
vt  0.137591 0.451481 0.000000
vt  0.182877 0.479975 0.000000
vt  0.156676 0.479975 0.000000
vt  0.156676 0.474021 0.000000
vt  0.182877 0.474021 0.000000
vt  0.185158 0.039038 0.000000
vt  0.185158 0.080890 0.000000
vt  0.170306 0.149083 0.000000
vt  0.170306 0.149083 0.000000
vt  0.170306 0.039287 0.000000
vt  0.185158 0.039038 0.000000
vt  0.185158 0.039038 0.000000
vt  0.185158 0.080890 0.000000
vt  0.241039 0.080890 0.000000
vt  0.241039 0.080890 0.000000
vt  0.241039 0.039038 0.000000
vt  0.185158 0.039038 0.000000
vt  0.090941 0.038981 0.000000
vt  0.090941 0.080833 0.000000
vt  0.071677 0.080833 0.000000
vt  0.071677 0.038981 0.000000
vt  0.107927 0.039037 0.000000
vt  0.107927 0.149118 0.000000
vt  0.090941 0.080833 0.000000
vt  0.090941 0.080833 0.000000
vt  0.090941 0.038981 0.000000
vt  0.107927 0.039037 0.000000
vt  0.090941 0.038981 0.000000
vt  0.090941 0.080833 0.000000
vt  0.107927 0.149118 0.000000
vt  0.107927 0.149118 0.000000
vt  0.107927 0.039037 0.000000
vt  0.090941 0.038981 0.000000
vt  0.071677 0.038981 0.000000
vt  0.071677 0.080833 0.000000
vt  0.090941 0.080833 0.000000
vt  0.090941 0.080833 0.000000
vt  0.090941 0.038981 0.000000
vt  0.071677 0.038981 0.000000
vt  0.185158 0.039038 0.000000
vt  0.185158 0.080890 0.000000
vt  0.170306 0.149083 0.000000
vt  0.170306 0.149083 0.000000
vt  0.170306 0.039287 0.000000
vt  0.185158 0.039038 0.000000
vt  0.241039 0.039038 0.000000
vt  0.241039 0.080890 0.000000
vt  0.185158 0.080890 0.000000
vt  0.185158 0.039038 0.000000
vt  0.170306 0.039287 0.000000
vt  0.170306 0.149083 0.000000
vt  0.185158 0.080890 0.000000
vt  0.185158 0.080890 0.000000
vt  0.185158 0.039038 0.000000
vt  0.170306 0.039287 0.000000
vt  0.170306 0.039287 0.000000
vt  0.170306 0.149083 0.000000
vt  0.107927 0.149118 0.000000
vt  0.107927 0.149118 0.000000
vt  0.107927 0.039037 0.000000
vt  0.170306 0.039287 0.000000
vt  0.107927 0.039037 0.000000
vt  0.107927 0.149118 0.000000
vt  0.170306 0.149083 0.000000
vt  0.170306 0.149083 0.000000
vt  0.170306 0.039287 0.000000
vt  0.107927 0.039037 0.000000
vt  0.118284 0.449519 0.000000
vt  0.118284 0.408199 0.000000
vt  0.122844 0.408199 0.000000
vt  0.122844 0.449519 0.000000
vt  0.133031 0.401911 0.000000
vt  0.133031 0.439402 0.000000
vt  0.137591 0.439402 0.000000
vt  0.137591 0.439402 0.000000
vt  0.137591 0.401911 0.000000
vt  0.133031 0.401911 0.000000
vt  0.092219 0.372208 0.000000
vt  0.092219 0.438371 0.000000
vt  0.099274 0.438371 0.000000
vt  0.099274 0.438371 0.000000
vt  0.112878 0.372208 0.000000
vt  0.092219 0.372208 0.000000
vt  0.075828 0.374809 0.000000
vt  0.023374 0.374809 0.000000
vt  0.023374 0.374809 0.000000
vt  0.023374 0.374809 0.000000
vt  0.075828 0.374809 0.000000
vt  0.075828 0.374809 0.000000
vt  0.175809 0.297122 0.000000
vt  0.147853 0.297226 0.000000
vt  0.147852 0.240612 0.000000
vt  0.147852 0.240612 0.000000
vt  0.175832 0.220413 0.000000
vt  0.175809 0.297122 0.000000
vt  0.175832 0.220413 0.000000
vt  0.147852 0.240612 0.000000
vt  0.147853 0.297226 0.000000
vt  0.147853 0.297226 0.000000
vt  0.175809 0.297122 0.000000
vt  0.175832 0.220413 0.000000
vt  0.175832 0.220413 0.000000
vt  0.147852 0.240612 0.000000
vt  0.147853 0.297226 0.000000
vt  0.147853 0.297226 0.000000
vt  0.175809 0.297123 0.000000
vt  0.175832 0.220413 0.000000
vt  0.175807 0.390328 0.000000
vt  0.147854 0.390329 0.000000
vt  0.147855 0.450163 0.000000
vt  0.147855 0.450163 0.000000
vt  0.175834 0.469569 0.000000
vt  0.175807 0.390328 0.000000
vt  0.175809 0.297122 0.000000
vt  0.147853 0.297226 0.000000
vt  0.147852 0.240612 0.000000
vt  0.147852 0.240612 0.000000
vt  0.175832 0.220413 0.000000
vt  0.175809 0.297122 0.000000
vt  0.175834 0.469569 0.000000
vt  0.147855 0.450163 0.000000
vt  0.147854 0.390329 0.000000
vt  0.147854 0.390329 0.000000
vt  0.175807 0.390328 0.000000
vt  0.175834 0.469569 0.000000
vt  0.175834 0.469569 0.000000
vt  0.147855 0.450163 0.000000
vt  0.147854 0.390329 0.000000
vt  0.147854 0.390329 0.000000
vt  0.175807 0.390328 0.000000
vt  0.175834 0.469569 0.000000
vt  0.175807 0.390328 0.000000
vt  0.147854 0.390329 0.000000
vt  0.147855 0.450163 0.000000
vt  0.147855 0.450163 0.000000
vt  0.175834 0.469569 0.000000
vt  0.175807 0.390328 0.000000
vt  0.102788 0.518103 0.000000
vt  0.120872 0.518103 0.000000
vt  0.120872 0.501151 0.000000
vt  0.120872 0.501151 0.000000
vt  0.090993 0.501095 0.000000
vt  0.102788 0.518103 0.000000
vt  0.307300 0.401161 0.000000
vt  0.298889 0.384029 0.000000
vt  0.334187 0.384084 0.000000
vt  0.334187 0.384084 0.000000
vt  0.334187 0.401160 0.000000
vt  0.307300 0.401161 0.000000
vt  0.102788 0.518103 0.000000
vt  0.090993 0.501095 0.000000
vt  0.120872 0.501151 0.000000
vt  0.120872 0.501151 0.000000
vt  0.120872 0.518103 0.000000
vt  0.102788 0.518103 0.000000
vt  0.307300 0.401161 0.000000
vt  0.334187 0.401160 0.000000
vt  0.334187 0.384084 0.000000
vt  0.334187 0.384084 0.000000
vt  0.298889 0.384029 0.000000
vt  0.307300 0.401161 0.000000
vt  0.307300 0.401161 0.000000
vt  0.298889 0.384029 0.000000
vt  0.334187 0.384084 0.000000
vt  0.334187 0.384084 0.000000
vt  0.334187 0.401160 0.000000
vt  0.307300 0.401161 0.000000
vt  0.102788 0.518103 0.000000
vt  0.120872 0.518103 0.000000
vt  0.120872 0.501151 0.000000
vt  0.120872 0.501151 0.000000
vt  0.090993 0.501095 0.000000
vt  0.102788 0.518103 0.000000
vt  0.307300 0.401161 0.000000
vt  0.334187 0.401160 0.000000
vt  0.334187 0.384084 0.000000
vt  0.284950 0.408109 0.000000
vt  0.180587 0.408111 0.000000
vt  0.180587 0.435919 0.000000
vt  0.280632 0.441874 0.000000
vt  0.284951 0.435917 0.000000
vt  0.284950 0.408109 0.000000
vt  0.280632 0.441874 0.000000
vt  0.284950 0.408109 0.000000
vt  0.180587 0.435919 0.000000
vt  0.184907 0.441875 0.000000
vt  0.280632 0.441874 0.000000
vt  0.180587 0.435919 0.000000
vt  0.044103 0.262083 0.000000
vt  0.065402 0.244832 0.000000
vt  0.084113 0.244832 0.000000
vt  0.130094 0.292351 0.000000
vt  0.080526 0.341881 0.000000
vt  0.044103 0.341881 0.000000
vt  0.130131 0.244832 0.000000
vt  0.130094 0.292351 0.000000
vt  0.044103 0.341881 0.000000
vt  0.130131 0.244832 0.000000
vt  0.044103 0.341881 0.000000
vt  0.044103 0.322997 0.000000
vt  0.130131 0.244832 0.000000
vt  0.044103 0.322997 0.000000
vt  0.044103 0.274595 0.000000
vt  0.130131 0.244832 0.000000
vt  0.044103 0.274595 0.000000
vt  0.044103 0.262083 0.000000
vt  0.130131 0.244832 0.000000
vt  0.044103 0.262083 0.000000
vt  0.084113 0.244832 0.000000
vt  0.284951 0.435917 0.000000
vt  0.280632 0.441874 0.000000
vt  0.184907 0.441875 0.000000
vt  0.284950 0.408109 0.000000
vt  0.284951 0.435917 0.000000
vt  0.184907 0.441875 0.000000
vt  0.180587 0.408111 0.000000
vt  0.284950 0.408109 0.000000
vt  0.184907 0.441875 0.000000
vt  0.180587 0.435919 0.000000
vt  0.180587 0.408111 0.000000
vt  0.184907 0.441875 0.000000
vt  0.044103 0.322997 0.000000
vt  0.044103 0.341881 0.000000
vt  0.080526 0.341881 0.000000
vt  0.044103 0.274595 0.000000
vt  0.044103 0.322997 0.000000
vt  0.080526 0.341881 0.000000
vt  0.065402 0.244832 0.000000
vt  0.044103 0.262083 0.000000
vt  0.044103 0.274595 0.000000
vt  0.065402 0.244832 0.000000
vt  0.044103 0.274595 0.000000
vt  0.080526 0.341881 0.000000
vt  0.084113 0.244832 0.000000
vt  0.065402 0.244832 0.000000
vt  0.080526 0.341881 0.000000
vt  0.130131 0.244832 0.000000
vt  0.084113 0.244832 0.000000
vt  0.080526 0.341881 0.000000
vt  0.130094 0.292351 0.000000
vt  0.130131 0.244832 0.000000
vt  0.080526 0.341881 0.000000
vt  0.016360 0.525522 0.000000
vt  0.083187 0.525522 0.000000
vt  0.083094 0.542531 0.000000
vt  0.019854 0.548084 0.000000
vt  0.016415 0.542530 0.000000
vt  0.016360 0.525522 0.000000
vt  0.019854 0.548084 0.000000
vt  0.016360 0.525522 0.000000
vt  0.083094 0.542531 0.000000
vt  0.079654 0.548085 0.000000
vt  0.019854 0.548084 0.000000
vt  0.083094 0.542531 0.000000
vt  0.079654 0.548085 0.000000
vt  0.083094 0.542531 0.000000
vt  0.083187 0.525522 0.000000
vt  0.016415 0.542530 0.000000
vt  0.019854 0.548084 0.000000
vt  0.079654 0.548085 0.000000
vt  0.016415 0.542530 0.000000
vt  0.079654 0.548085 0.000000
vt  0.083187 0.525522 0.000000
vt  0.016360 0.525522 0.000000
vt  0.016415 0.542530 0.000000
vt  0.083187 0.525522 0.000000
vt  0.088919 0.558601 0.000000
vt  0.083094 0.542531 0.000000
vt  0.079654 0.548085 0.000000
vt  0.437412 0.400917 0.000000
vt  0.437412 0.384003 0.000000
vt  0.442484 0.384000 0.000000
vt  0.442484 0.384000 0.000000
vt  0.442505 0.400917 0.000000
vt  0.437412 0.400917 0.000000
vt  0.340280 0.384005 0.000000
vt  0.340280 0.400918 0.000000
vt  0.334055 0.400918 0.000000
vt  0.334055 0.400918 0.000000
vt  0.334067 0.384002 0.000000
vt  0.340280 0.384005 0.000000
vt  0.120919 0.574004 0.000000
vt  0.070865 0.574026 0.000000
vt  0.070947 0.614948 0.000000
vt  0.239974 0.574025 0.000000
vt  0.189255 0.574004 0.000000
vt  0.189131 0.597008 0.000000
vt  0.239967 0.614947 0.000000
vt  0.239974 0.574025 0.000000
vt  0.189131 0.597008 0.000000
vt  0.239967 0.614947 0.000000
vt  0.189131 0.597008 0.000000
vt  0.185608 0.601765 0.000000
vt  0.306454 0.741361 0.000000
vt  0.306422 0.649330 0.000000
vt  0.274245 0.649282 0.000000
vt  0.306454 0.741361 0.000000
vt  0.274245 0.649282 0.000000
vt  0.239967 0.614947 0.000000
vt  0.276819 0.741058 0.000000
vt  0.306454 0.741361 0.000000
vt  0.239967 0.614947 0.000000
vt  0.276819 0.741058 0.000000
vt  0.239967 0.614947 0.000000
vt  0.185608 0.601765 0.000000
vt  0.276819 0.741058 0.000000
vt  0.185608 0.601765 0.000000
vt  0.124475 0.601765 0.000000
vt  0.271970 0.744557 0.000000
vt  0.276819 0.741058 0.000000
vt  0.124475 0.601765 0.000000
vt  0.306423 0.918452 0.000000
vt  0.306454 0.826611 0.000000
vt  0.276819 0.826787 0.000000
vt  0.306423 0.918452 0.000000
vt  0.276819 0.826787 0.000000
vt  0.271971 0.823280 0.000000
vt  0.274246 0.918407 0.000000
vt  0.306423 0.918452 0.000000
vt  0.271971 0.823280 0.000000
vt  0.189256 0.995288 0.000000
vt  0.239902 0.995257 0.000000
vt  0.239936 0.952644 0.000000
vt  0.189256 0.995288 0.000000
vt  0.239936 0.952644 0.000000
vt  0.274246 0.918407 0.000000
vt  0.189132 0.970583 0.000000
vt  0.189256 0.995288 0.000000
vt  0.274246 0.918407 0.000000
vt  0.189132 0.970583 0.000000
vt  0.274246 0.918407 0.000000
vt  0.271971 0.823280 0.000000
vt  0.189132 0.970583 0.000000
vt  0.271971 0.823280 0.000000
vt  0.271970 0.744557 0.000000
vt  0.185610 0.965827 0.000000
vt  0.189132 0.970583 0.000000
vt  0.271970 0.744557 0.000000
vt  0.070867 0.995257 0.000000
vt  0.120920 0.995288 0.000000
vt  0.120958 0.970584 0.000000
vt  0.070948 0.952644 0.000000
vt  0.070867 0.995257 0.000000
vt  0.120958 0.970584 0.000000
vt  0.070948 0.952644 0.000000
vt  0.120958 0.970584 0.000000
vt  0.124477 0.965827 0.000000
vt  0.005185 0.826612 0.000000
vt  0.005163 0.918453 0.000000
vt  0.036731 0.918409 0.000000
vt  0.005185 0.826612 0.000000
vt  0.036731 0.918409 0.000000
vt  0.070948 0.952644 0.000000
vt  0.034157 0.826787 0.000000
vt  0.005185 0.826612 0.000000
vt  0.070948 0.952644 0.000000
vt  0.334187 0.384084 0.000000
vt  0.298889 0.384029 0.000000
vt  0.307300 0.401161 0.000000
vt  0.102788 0.518103 0.000000
vt  0.090993 0.501095 0.000000
vt  0.120872 0.501151 0.000000
vt  0.120872 0.501151 0.000000
vt  0.120872 0.518103 0.000000
vt  0.102788 0.518103 0.000000
vt  0.019854 0.548084 0.000000
vt  0.013426 0.564154 0.000000
vt  0.084807 0.564155 0.000000
vt  0.084807 0.564155 0.000000
vt  0.079654 0.548085 0.000000
vt  0.019854 0.548084 0.000000
vt  0.437412 0.400917 0.000000
vt  0.437412 0.384003 0.000000
vt  0.340280 0.384005 0.000000
vt  0.340280 0.384005 0.000000
vt  0.340280 0.400918 0.000000
vt  0.437412 0.400917 0.000000
vt  0.437412 0.384003 0.000000
vt  0.437412 0.400917 0.000000
vt  0.340280 0.400918 0.000000
vt  0.340280 0.400918 0.000000
vt  0.340280 0.384005 0.000000
vt  0.437412 0.384003 0.000000
vt  0.013426 0.564154 0.000000
vt  0.019854 0.548084 0.000000
vt  0.079654 0.548085 0.000000
vt  0.079654 0.548085 0.000000
vt  0.084807 0.564155 0.000000
vt  0.013426 0.564154 0.000000
vt  0.175809 0.297123 0.000000
vt  0.147853 0.297226 0.000000
vt  0.147854 0.390329 0.000000
vt  0.147854 0.390329 0.000000
vt  0.175807 0.390328 0.000000
vt  0.175809 0.297123 0.000000
vt  0.175807 0.390328 0.000000
vt  0.147854 0.390329 0.000000
vt  0.147853 0.297226 0.000000
vt  0.147853 0.297226 0.000000
vt  0.175809 0.297122 0.000000
vt  0.175807 0.390328 0.000000
vt  0.175807 0.390328 0.000000
vt  0.147854 0.390329 0.000000
vt  0.147853 0.297226 0.000000
vt  0.147853 0.297226 0.000000
vt  0.175809 0.297122 0.000000
vt  0.175807 0.390328 0.000000
vt  0.175809 0.297122 0.000000
vt  0.147853 0.297226 0.000000
vt  0.147854 0.390329 0.000000
vt  0.147854 0.390329 0.000000
vt  0.175807 0.390328 0.000000
vt  0.175809 0.297122 0.000000
vt  0.437412 0.384003 0.000000
vt  0.437412 0.400917 0.000000
vt  0.442505 0.400917 0.000000
vt  0.442505 0.400917 0.000000
vt  0.442484 0.384000 0.000000
vt  0.437412 0.384003 0.000000
vt  0.340280 0.400918 0.000000
vt  0.340280 0.384005 0.000000
vt  0.334067 0.384002 0.000000
vt  0.334067 0.384002 0.000000
vt  0.334055 0.400918 0.000000
vt  0.340280 0.400918 0.000000
vt  0.013426 0.564154 0.000000
vt  0.019854 0.548084 0.000000
vt  0.016415 0.542530 0.000000
vt  0.016415 0.542530 0.000000
vt  0.009318 0.558600 0.000000
vt  0.013426 0.564154 0.000000
vt  0.019854 0.548084 0.000000
vt  0.013426 0.564154 0.000000
vt  0.009318 0.558600 0.000000
vt  0.009318 0.558600 0.000000
vt  0.016415 0.542530 0.000000
vt  0.019854 0.548084 0.000000
vt  0.084807 0.564155 0.000000
vt  0.079654 0.548085 0.000000
vt  0.083094 0.542531 0.000000
vt  0.083094 0.542531 0.000000
vt  0.088919 0.558601 0.000000
vt  0.084807 0.564155 0.000000
vt  0.079654 0.548085 0.000000
vt  0.084807 0.564155 0.000000
vt  0.088919 0.558601 0.000000
# 2764 texture vertices

g Material__2
usemtl box_tank_building
f 2238/8391 2240/8393 2239/8392
f 2241/8394 2243/8396 2242/8395
f 2243/8397 2241/8399 2244/8398
f 2245/8400 2239/8402 2240/8401
f 2239/8403 2245/8405 2246/8404
f 2247/8406 2249/8408 2248/8407
f 2249/8409 2247/8411 2250/8410
f 2251/8412 2247/8414 2252/8413
f 2247/8415 2251/8417 2250/8416
f 2253/8418 2252/8420 2254/8419
f 2252/8421 2253/8423 2251/8422
f 2255/8424 2248/8426 2249/8425
f 2248/8427 2255/8429 2256/8428
f 2257/8430 2259/8432 2258/8431
f 2259/8433 2257/8435 2260/8434
f 2261/8436 2257/8438 2258/8437
f 2257/8439 2261/8441 2262/8440
f 2263/8442 2262/8444 2261/8443
f 2262/8445 2263/8447 2264/8446
f 2265/8448 2259/8450 2260/8449
f 2259/8451 2265/8453 2266/8452
f 2267/8454 2264/8456 2263/8455
f 2264/8457 2267/8459 2268/8458
f 2268/8460 2262/8462 2264/8461
f 2262/8463 2268/8465 2269/8464
f 2269/8466 2257/8468 2262/8467
f 2257/8469 2269/8471 2270/8470
f 2270/8472 2260/8474 2257/8473
f 2260/8475 2270/8477 2271/8476
f 2272/8478 2274/8480 2273/8479
f 2275/8481 2277/8483 2276/8482
f 2277/8484 2275/8486 2278/8485
f 2278/8487 2279/8489 2277/8488
f 2279/8490 2278/8492 2280/8491
f 2280/8493 2281/8495 2279/8494
f 2281/8496 2280/8498 2282/8497
f 2283/8499 2285/8501 2284/8500
f 2285/8502 2283/8504 2286/8503
f 2287/8505 2289/8507 2288/8506
f 2289/8508 2287/8510 2290/8509
f 2282/8511 2291/8513 2281/8512
f 2291/8514 2282/8516 2292/8515
f 2293/8517 2276/8519 2294/8518
f 2276/8520 2293/8522 2275/8521
f 2295/8523 2297/8525 2296/8524
f 2297/8525 2295/8523 2298/8526
f 2299/8527 2296/8529 2300/8528
f 2296/8529 2299/8527 2295/8530
f 2301/8531 2300/8533 2302/8532
f 2300/8534 2301/8536 2299/8535
f 2303/8537 2298/8539 2304/8538
f 2298/8540 2303/8542 2297/8541
f 2305/8543 2301/8545 2302/8544
f 2301/8546 2305/8548 2306/8547
f 2307/8549 2242/8551 2243/8550
f 2242/8552 2307/8554 2308/8553
f 2309/8555 2308/8557 2307/8556
f 2308/8557 2309/8555 2238/8558
f 2240/8559 2238/8561 2309/8560
f 2310/8562 2240/8564 2309/8563
f 2240/8564 2310/8562 2311/8565
f 2311/8566 2245/8568 2240/8567
f 2245/8569 2311/8571 2312/8570
f 2312/8572 2246/8574 2245/8573
f 2246/8575 2312/8577 2313/8576
f 2314/8578 2305/8580 2302/8579
f 2305/8581 2314/8583 2315/8582
f 2315/8584 2306/8586 2305/8585
f 2306/8587 2315/8589 2316/8588
f 2316/8590 2301/8592 2306/8591
f 2301/8593 2316/8595 2317/8594
f 2317/8596 2299/8598 2301/8597
f 2299/8598 2317/8596 2318/8599
f 2318/8600 2295/8602 2299/8601
f 2295/8603 2318/8605 2319/8604
f 2319/8606 2298/8608 2295/8607
f 2298/8609 2319/8611 2320/8610
f 2320/8612 2304/8614 2298/8613
f 2304/8615 2320/8617 2321/8616
f 2321/8618 2303/8620 2304/8619
f 2303/8620 2321/8618 2322/8621
f 2322/8622 2297/8624 2303/8623
f 2297/8625 2322/8627 2323/8626
f 2323/8628 2296/8630 2297/8629
f 2296/8631 2323/8633 2324/8632
f 2324/8634 2300/8636 2296/8635
f 2300/8636 2324/8634 2325/8637
f 2325/8638 2302/8640 2300/8639
f 2302/8640 2325/8638 2314/8641
f 2271/8642 2265/8644 2260/8643
f 2265/8645 2271/8647 2326/8646
f 2326/8648 2266/8650 2265/8649
f 2266/8651 2326/8653 2327/8652
f 2327/8654 2259/8656 2266/8655
f 2259/8657 2327/8659 2328/8658
f 2328/8660 2258/8662 2259/8661
f 2258/8663 2328/8665 2329/8664
f 2329/8666 2261/8668 2258/8667
f 2261/8669 2329/8671 2330/8670
f 2330/8672 2263/8674 2261/8673
f 2263/8675 2330/8677 2267/8676
f 2313/8678 2239/8680 2246/8679
f 2239/8681 2313/8683 2331/8682
f 2331/8684 2238/8686 2239/8685
f 2238/8687 2331/8689 2332/8688
f 2332/8690 2308/8692 2238/8691
f 2308/8692 2332/8690 2333/8693
f 2333/8694 2242/8696 2308/8695
f 2242/8697 2333/8699 2334/8698
f 2334/8700 2241/8702 2242/8701
f 2241/8703 2334/8705 2335/8704
f 2335/8706 2244/8708 2241/8707
f 2244/8708 2335/8706 2336/8709
f 2336/8710 2243/8712 2244/8711
f 2243/8713 2336/8715 2337/8714
f 2337/8716 2307/8718 2243/8717
f 2307/8719 2337/8721 2338/8720
f 2338/8722 2309/8724 2307/8723
f 2309/8725 2338/8727 2310/8726
f 2339/8728 2341/8730 2340/8729
f 2341/8731 2339/8733 2342/8732
f 2343/8734 2345/8736 2344/8735
f 2345/8737 2343/8739 2346/8738
f 2347/8740 2349/8742 2348/8741
f 2349/8743 2347/8745 2350/8744
f 2351/8746 2353/8748 2352/8747
f 2353/8749 2351/8751 2354/8750
f 2354/8752 2355/8754 2353/8753
f 2355/8755 2354/8757 2356/8756
f 2353/8758 2357/8760 2352/8759
f 2357/8761 2353/8763 2355/8762
f 2352/8764 2358/8766 2351/8765
f 2358/8767 2352/8769 2357/8768
f 2350/8770 2359/8772 2349/8771
f 2359/8773 2350/8775 2360/8774
f 2349/8776 2361/8778 2348/8777
f 2361/8779 2349/8781 2359/8780
f 2348/8782 2362/8784 2347/8783
f 2362/8785 2348/8787 2361/8786
f 2346/8788 2329/8790 2345/8789
f 2329/8791 2346/8793 2330/8792
f 2345/8794 2363/8796 2344/8795
f 2363/8797 2345/8799 2329/8798
f 2344/8800 2364/8802 2343/8801
f 2364/8803 2344/8805 2363/8804
f 2342/8806 2365/8808 2341/8807
f 2365/8809 2342/8811 2366/8810
f 2341/8812 2270/8814 2340/8813
f 2367/8815 2369/8817 2368/8816
f 2369/8817 2367/8815 2370/8818
f 2267/8819 2371/8821 2268/8820
f 2371/8821 2267/8819 2372/8822
f 2330/8823 2372/8825 2267/8824
f 2372/8826 2330/8828 2346/8827
f 2373/8829 2343/8831 2364/8830
f 2343/8832 2373/8834 2374/8833
f 2375/8835 2377/8837 2376/8836
f 2377/8837 2375/8835 2378/8838
f 2379/8839 2381/8841 2380/8840
f 2381/8842 2379/8844 2382/8843
f 2366/8845 2378/8847 2375/8846
f 2378/8848 2366/8850 2342/8849
f 2268/8851 2339/8853 2269/8852
f 2339/8854 2268/8856 2371/8855
f 2383/8857 2385/8859 2384/8858
f 2385/8860 2383/8862 2386/8861
f 2337/8863 2386/8865 2383/8864
f 2386/8866 2337/8868 2387/8867
f 2336/8869 2387/8871 2337/8870
f 2387/8872 2336/8874 2388/8873
f 2335/8875 2388/8877 2336/8876
f 2388/8878 2335/8880 2389/8879
f 2334/8881 2389/8883 2335/8882
f 2389/8884 2334/8886 2390/8885
f 2391/8887 2390/8889 2334/8888
f 2390/8890 2391/8892 2392/8891
f 2380/8893 2392/8895 2391/8894
f 2392/8896 2380/8898 2381/8897
f 2393/8899 2395/8901 2394/8900
f 2396/8902 2398/8904 2397/8903
f 2398/8905 2396/8907 2395/8906
f 2399/8908 2401/8910 2400/8909
f 2401/8911 2399/8913 2402/8912
f 2403/8914 2397/8916 2404/8915
f 2397/8917 2403/8919 2396/8918
f 2402/8920 2404/8922 2401/8921
f 2404/8923 2402/8925 2403/8924
f 2290/8926 2405/8928 2289/8927
f 2405/8929 2290/8931 2406/8930
f 2406/8932 2407/8934 2405/8933
f 2407/8935 2406/8937 2408/8936
f 2409/8938 2284/8940 2410/8939
f 2284/8941 2409/8943 2283/8942
f 2411/8944 2410/8946 2412/8945
f 2410/8947 2411/8949 2409/8948
f 2413/8950 2288/8952 2414/8951
f 2288/8953 2413/8955 2287/8954
f 2286/8956 2415/8958 2285/8957
f 2415/8959 2286/8961 2416/8960
f 2416/8962 2414/8964 2415/8963
f 2414/8965 2416/8967 2413/8966
f 2417/8968 2419/8970 2418/8969
f 2419/8971 2417/8973 2420/8972
f 2420/8974 2294/8976 2419/8975
f 2294/8977 2420/8979 2293/8978
f 2292/8980 2421/8982 2291/8981
f 2421/8983 2292/8985 2274/8984
f 2274/8986 2272/8988 2421/8987
f 2270/8989 2341/8991 2365/8990
f 2340/8992 2269/8994 2339/8993
f 2269/8995 2340/8997 2270/8996
f 2422/8998 2424/9000 2423/8999
f 2424/9001 2422/9003 2425/9002
f 2426/9004 2423/9006 2427/9005
f 2423/9007 2426/9009 2422/9008
f 2428/9010 2427/9012 2429/9011
f 2427/9013 2428/9015 2426/9014
f 2430/9016 2432/9018 2431/9017
f 2432/9019 2430/9021 2433/9020
f 2433/9022 2434/9024 2432/9023
f 2434/9025 2433/9027 2435/9026
f 2435/9028 2436/9030 2434/9029
f 2436/9031 2435/9033 2437/9032
f 2438/9034 2429/9036 2439/9035
f 2429/9037 2438/9039 2428/9038
f 2437/9040 2440/9042 2436/9041
f 2440/9043 2437/9045 2441/9044
f 2441/9046 2439/9048 2440/9047
f 2439/9049 2441/9051 2438/9050
f 2442/9052 2444/9054 2443/9053
f 2444/9055 2442/9057 2445/9056
f 2445/9058 2446/9060 2444/9059
f 2446/9061 2445/9063 2447/9062
f 2447/9064 2400/9066 2446/9065
f 2400/9067 2447/9069 2399/9068
f 2394/9070 2448/9072 2393/9071
f 2448/9073 2394/9075 2449/9074
f 2395/9076 2393/9078 2398/9077
f 2450/9079 2452/9081 2451/9080
f 2450/9082 2453/9084 2452/9083
f 2450/9085 2454/9087 2453/9086
f 2452/9088 2455/9090 2451/9089
f 2455/9091 2452/9093 2456/9092
f 2450/9094 2455/9096 2457/9095
f 2455/9097 2450/9099 2451/9098
f 2450/9100 2458/9102 2454/9101
f 2458/9102 2450/9100 2457/9103
f 2459/9104 2458/9106 2460/9105
f 2458/9107 2459/9109 2454/9108
f 2453/9110 2460/9112 2461/9111
f 2460/9113 2453/9115 2459/9114
f 2452/9116 2461/9118 2456/9117
f 2461/9119 2452/9121 2453/9120
f 2455/9122 2458/9124 2457/9123
f 2461/9125 2455/9127 2456/9126
f 2461/9128 2458/9130 2455/9129
f 2460/9131 2458/9133 2461/9132
f 2462/9134 2464/9136 2463/9135
f 2465/9137 2467/9139 2466/9138
f 2465/9140 2462/9142 2467/9141
f 2465/9143 2464/9145 2462/9144
f 2467/9146 2468/9148 2466/9147
f 2468/9149 2467/9151 2469/9150
f 2465/9152 2468/9154 2470/9153
f 2468/9155 2465/9157 2466/9156
f 2465/9158 2471/9160 2464/9159
f 2471/9161 2465/9163 2470/9162
f 2472/9164 2474/9166 2473/9165
f 2475/9167 2477/9169 2476/9168
f 2477/9170 2475/9172 2478/9171
f 2479/9173 2477/9175 2480/9174
f 2481/9176 2479/9178 2482/9177
f 2472/9179 2481/9181 2483/9180
f 2472/9182 2479/9184 2481/9183
f 2472/9185 2477/9187 2479/9186
f 2476/9188 2477/9190 2472/9189
f 2484/9191 2486/9193 2485/9192
f 2487/9194 2486/9196 2484/9195
f 2488/9197 2487/9199 2489/9198
f 2488/9200 2486/9202 2487/9201
f 2488/9203 2491/9205 2490/9204
f 2491/9205 2488/9203 2489/9206
f 2487/9207 2491/9209 2489/9208
f 2491/9210 2487/9212 2492/9211
f 2487/9213 2493/9215 2492/9214
f 2493/9216 2487/9218 2484/9217
f 2485/9219 2493/9221 2484/9220
f 2493/9222 2485/9224 2494/9223
f 2486/9225 2494/9227 2485/9226
f 2494/9228 2486/9230 2495/9229
f 2488/9231 2495/9233 2486/9232
f 2495/9233 2488/9231 2490/9234
f 2495/9235 2493/9237 2494/9236
f 2491/9238 2495/9240 2490/9239
f 2491/9241 2493/9243 2495/9242
f 2492/9244 2493/9246 2491/9245
f 2453/9247 2454/9249 2459/9248
f 2496/9250 2498/9252 2497/9251
f 2499/9253 2496/9255 2500/9254
f 2501/9256 2499/9258 2502/9257
f 2501/9259 2496/9261 2499/9260
f 2501/9262 2498/9264 2496/9263
f 2503/9265 2498/9267 2501/9266
f 2504/9268 2506/9270 2505/9269
f 2506/9270 2504/9268 2507/9271
f 2508/9272 2510/9274 2509/9273
f 2510/9274 2508/9272 2511/9275
f 2505/9276 2513/9278 2512/9277
f 2513/9279 2505/9281 2506/9280
f 2504/9282 2512/9284 2514/9283
f 2512/9285 2504/9287 2505/9286
f 2507/9288 2514/9290 2515/9289
f 2514/9291 2507/9293 2504/9292
f 2506/9294 2515/9296 2513/9295
f 2515/9297 2506/9299 2507/9298
f 2509/9300 2517/9302 2516/9301
f 2517/9303 2509/9305 2510/9304
f 2508/9306 2516/9308 2518/9307
f 2516/9309 2508/9311 2509/9310
f 2511/9312 2518/9314 2519/9313
f 2518/9315 2511/9317 2508/9316
f 2510/9318 2519/9320 2517/9319
f 2519/9321 2510/9323 2511/9322
f 2512/9324 2515/9326 2514/9325
f 2515/9326 2512/9324 2513/9327
f 2516/9328 2519/9330 2518/9329
f 2519/9331 2516/9333 2517/9332
f 2463/9334 2471/9336 2520/9335
f 2471/9337 2463/9339 2464/9338
f 2462/9340 2520/9342 2521/9341
f 2520/9343 2462/9345 2463/9344
f 2467/9346 2521/9348 2469/9347
f 2521/9348 2467/9346 2462/9349
f 2468/9350 2471/9352 2470/9351
f 2521/9353 2468/9355 2469/9354
f 2521/9356 2471/9358 2468/9357
f 2520/9359 2471/9361 2521/9360
f 2522/9362 2524/9364 2523/9363
f 2525/9365 2524/9367 2522/9366
f 2526/9368 2525/9370 2527/9369
f 2526/9371 2524/9373 2525/9372
f 2526/9374 2529/9376 2528/9375
f 2529/9377 2526/9379 2527/9378
f 2525/9380 2529/9382 2527/9381
f 2529/9383 2525/9385 2530/9384
f 2525/9386 2531/9388 2530/9387
f 2531/9388 2525/9386 2522/9389
f 2523/9390 2531/9392 2522/9391
f 2531/9393 2523/9395 2532/9394
f 2524/9396 2532/9398 2523/9397
f 2532/9399 2524/9401 2533/9400
f 2526/9402 2533/9404 2524/9403
f 2533/9405 2526/9407 2528/9406
f 2533/9408 2531/9410 2532/9409
f 2529/9411 2533/9413 2528/9412
f 2529/9414 2531/9416 2533/9415
f 2530/9417 2531/9419 2529/9418
f 2272/9420 2442/9422 2443/9421
f 2442/9423 2272/9425 2273/9424
f 2534/9426 2536/9428 2535/9427
f 2537/9429 2536/9431 2534/9430
f 2538/9432 2536/9434 2537/9433
f 2539/9435 2536/9437 2538/9436
f 2418/9438 2425/9440 2417/9439
f 2425/9441 2418/9443 2424/9442
f 2417/9444 2541/9446 2540/9445
f 2541/9447 2417/9449 2425/9448
f 2430/9450 2543/9452 2542/9451
f 2543/9453 2430/9455 2408/9454
f 2430/9456 2407/9458 2408/9457
f 2407/9459 2430/9461 2431/9460
f 2542/9462 2545/9464 2544/9463
f 2543/9465 2545/9467 2542/9466
f 2546/9468 2545/9470 2543/9469
f 2547/9471 2545/9473 2546/9472
f 2412/9474 2393/9476 2448/9475
f 2410/9477 2393/9479 2412/9478
f 2415/9480 2284/9482 2285/9481
f 2415/9483 2410/9485 2284/9484
f 2289/9486 2414/9488 2288/9487
f 2405/9489 2414/9491 2289/9490
f 2431/9492 2405/9494 2407/9493
f 2432/9495 2405/9497 2431/9496
f 2432/9498 2414/9500 2405/9499
f 2432/9501 2415/9503 2414/9502
f 2440/9504 2434/9506 2436/9505
f 2548/9507 2253/9509 2254/9508
f 2253/9510 2548/9512 2549/9511
f 2549/9513 2251/9515 2253/9514
f 2251/9516 2549/9518 2358/9517
f 2358/9519 2250/9521 2251/9520
f 2250/9522 2358/9524 2357/9523
f 2357/9525 2249/9527 2250/9526
f 2249/9527 2357/9525 2550/9528
f 2550/9529 2255/9531 2249/9530
f 2255/9532 2550/9534 2551/9533
f 2551/9535 2256/9537 2255/9536
f 2256/9538 2551/9540 2552/9539
f 2552/9541 2248/9543 2256/9542
f 2248/9544 2552/9546 2553/9545
f 2553/9547 2247/9549 2248/9548
f 2247/9549 2553/9547 2359/9550
f 2359/9551 2252/9553 2247/9552
f 2252/9554 2359/9556 2360/9555
f 2360/9557 2254/9559 2252/9558
f 2254/9560 2360/9562 2548/9561
f 2412/9563 2449/9565 2411/9564
f 2449/9566 2412/9568 2448/9567
f 2411/9569 2382/9571 2377/9570
f 2382/9572 2411/9574 2449/9573
f 2379/9575 2377/9577 2382/9576
f 2554/9578 2377/9580 2379/9579
f 2555/9581 2377/9583 2554/9582
f 2376/9584 2377/9586 2555/9585
f 2273/9587 2534/9589 2442/9588
f 2534/9590 2273/9592 2537/9591
f 2556/9593 2540/9595 2557/9594
f 2558/9596 2503/9598 2501/9597
f 2503/9599 2558/9601 2559/9600
f 2474/9602 2502/9604 2499/9603
f 2502/9605 2474/9607 2560/9606
f 2475/9608 2500/9610 2496/9609
f 2500/9611 2475/9613 2473/9612
f 2561/9614 2497/9616 2498/9615
f 2497/9617 2561/9619 2478/9618
f 2559/9620 2498/9622 2503/9621
f 2498/9623 2559/9625 2561/9624
f 2560/9626 2501/9628 2502/9627
f 2501/9629 2560/9631 2558/9630
f 2473/9632 2499/9634 2500/9633
f 2499/9635 2473/9637 2474/9636
f 2478/9638 2496/9640 2497/9639
f 2496/9640 2478/9638 2475/9641
f 2559/9642 2482/9644 2479/9643
f 2482/9645 2559/9647 2558/9646
f 2560/9648 2483/9650 2481/9649
f 2483/9651 2560/9653 2474/9652
f 2473/9654 2476/9656 2472/9655
f 2476/9657 2473/9659 2475/9658
f 2478/9660 2480/9662 2477/9661
f 2480/9663 2478/9665 2561/9664
f 2561/9666 2479/9668 2480/9667
f 2479/9669 2561/9671 2559/9670
f 2558/9672 2481/9674 2482/9673
f 2481/9675 2558/9677 2560/9676
f 2474/9678 2472/9680 2483/9679
f 2440/9681 2432/9683 2434/9682
f 2440/9684 2415/9686 2432/9685
f 2427/9687 2439/9689 2429/9688
f 2418/9690 2423/9692 2424/9691
f 2418/9693 2427/9695 2423/9694
f 2418/9696 2439/9698 2427/9697
f 2418/9699 2440/9701 2439/9700
f 2277/9702 2294/9704 2276/9703
f 2277/9705 2419/9707 2294/9706
f 2277/9708 2418/9710 2419/9709
f 2277/9711 2440/9713 2418/9712
f 2291/9714 2279/9716 2281/9715
f 2421/9717 2279/9719 2291/9718
f 2443/9720 2421/9722 2272/9721
f 2444/9723 2421/9725 2443/9724
f 2444/9726 2279/9728 2421/9727
f 2444/9729 2277/9731 2279/9730
f 2401/9732 2446/9734 2400/9733
f 2401/9735 2444/9737 2446/9736
f 2401/9738 2277/9740 2444/9739
f 2401/9741 2440/9743 2277/9742
f 2401/9744 2415/9746 2440/9745
f 2401/9747 2410/9749 2415/9748
f 2404/9750 2410/9752 2401/9751
f 2404/9753 2393/9755 2410/9754
f 2398/9756 2404/9758 2397/9757
f 2398/9759 2393/9761 2404/9760
f 2562/9762 2540/9764 2541/9763
f 2557/9765 2562/9767 2563/9766
f 2557/9768 2540/9770 2562/9769
f 2564/9771 2566/9773 2565/9772
f 2567/9774 2569/9776 2568/9775
f 2569/9776 2567/9774 2570/9777
f 2555/9778 2572/9780 2571/9779
f 2572/9781 2555/9783 2554/9782
f 2573/9784 2575/9786 2574/9785
f 2575/9787 2573/9789 2576/9788
f 2577/9790 2579/9792 2578/9791
f 2579/9793 2577/9795 2580/9794
f 2581/9796 2583/9798 2582/9797
f 2583/9798 2581/9796 2584/9799
f 2585/9800 2582/9802 2583/9801
f 2582/9803 2585/9805 2586/9804
f 2581/9806 2587/9808 2584/9807
f 2587/9809 2581/9811 2588/9810
f 2570/9812 2574/9814 2575/9813
f 2574/9815 2570/9817 2567/9816
f 2573/9818 2572/9820 2576/9819
f 2572/9821 2573/9823 2571/9822
f 2589/9824 2590/9826 2564/9825
f 2590/9827 2589/9829 2591/9828
f 2566/9830 2592/9832 2565/9831
f 2592/9833 2566/9835 2593/9834
f 2577/9836 2594/9838 2580/9837
f 2594/9839 2577/9841 2595/9840
f 2596/9842 2578/9844 2579/9843
f 2578/9845 2596/9847 2597/9846
f 2598/9848 2600/9850 2599/9849
f 2600/9851 2598/9853 2601/9852
f 2379/9854 2602/9856 2576/9855
f 2603/9857 2575/9859 2604/9858
f 2575/9860 2603/9862 2605/9861
f 2576/9863 2604/9865 2575/9864
f 2604/9866 2576/9868 2602/9867
f 2606/9869 2380/9871 2391/9870
f 2380/9872 2606/9874 2602/9873
f 2607/9875 2604/9877 2608/9876
f 2604/9878 2607/9880 2603/9879
f 2608/9881 2602/9883 2606/9882
f 2602/9884 2608/9886 2604/9885
f 2333/9887 2391/9889 2334/9888
f 2391/9890 2333/9892 2606/9891
f 2331/9893 2608/9895 2332/9894
f 2608/9896 2331/9898 2607/9897
f 2332/9899 2606/9901 2333/9900
f 2606/9902 2332/9904 2608/9903
f 2539/9905 2596/9907 2536/9906
f 2596/9908 2539/9910 2597/9909
f 2609/9911 2594/9913 2595/9912
f 2594/9913 2609/9911 2610/9914
f 2586/9915 2612/9917 2611/9916
f 2612/9917 2586/9915 2585/9918
f 2557/9919 2587/9921 2588/9920
f 2587/9922 2557/9924 2563/9923
f 2613/9925 2592/9927 2593/9926
f 2592/9928 2613/9930 2614/9929
f 2591/9931 2545/9933 2547/9932
f 2545/9934 2591/9936 2589/9935
f 2566/9937 2564/9939 2590/9938
f 2615/9940 2617/9942 2616/9941
f 2617/9943 2615/9945 2618/9944
f 2619/9946 2569/9948 2605/9947
f 2569/9949 2619/9951 2620/9950
f 2621/9952 2605/9954 2603/9953
f 2605/9955 2621/9957 2619/9956
f 2622/9958 2603/9960 2607/9959
f 2603/9961 2622/9963 2621/9962
f 2623/9964 2610/9966 2609/9965
f 2610/9967 2623/9969 2624/9968
f 2625/9970 2611/9972 2612/9971
f 2611/9973 2625/9975 2626/9974
f 2627/9976 2614/9978 2613/9977
f 2614/9979 2627/9981 2628/9980
f 2620/9982 2568/9984 2569/9983
f 2568/9985 2620/9987 2629/9986
f 2625/9988 2630/9990 2626/9989
f 2631/9991 2633/9993 2632/9992
f 2634/9994 2633/9996 2631/9995
f 2634/9997 2635/9999 2633/9998
f 2634/10000 2636/10002 2635/10001
f 2634/10003 2625/10005 2636/10004
f 2634/10006 2630/10008 2625/10007
f 2627/10009 2637/10011 2628/10010
f 2638/10012 2598/10014 2639/10013
f 2640/10015 2598/10017 2638/10016
f 2640/10018 2601/10020 2598/10019
f 2640/10021 2627/10023 2601/10022
f 2641/10024 2627/10026 2640/10025
f 2641/10027 2637/10029 2627/10028
f 2642/10030 2644/10032 2643/10031
f 2644/10033 2642/10035 2645/10034
f 2629/10036 2643/10038 2568/10037
f 2643/10039 2629/10041 2642/10040
f 2601/10042 2613/10044 2600/10043
f 2613/10045 2601/10047 2627/10046
f 2630/10048 2647/10050 2646/10049
f 2647/10051 2630/10053 2634/10052
f 2648/10054 2650/10056 2649/10055
f 2650/10057 2648/10059 2651/10058
f 2651/10060 2609/10062 2650/10061
f 2609/10063 2651/10065 2623/10064
f 2626/10066 2646/10068 2611/10067
f 2646/10069 2626/10071 2630/10070
f 2636/10072 2612/10074 2652/10073
f 2612/10075 2636/10077 2625/10076
f 2635/10078 2652/10080 2653/10079
f 2652/10081 2635/10083 2636/10082
f 2633/10084 2653/10086 2654/10085
f 2653/10087 2633/10089 2635/10088
f 2628/10090 2655/10092 2614/10091
f 2655/10093 2628/10095 2637/10094
f 2637/10096 2656/10098 2655/10097
f 2656/10099 2637/10101 2641/10100
f 2641/10102 2657/10104 2656/10103
f 2657/10105 2641/10107 2640/10106
f 2624/10108 2658/10110 2610/10109
f 2658/10111 2624/10113 2659/10112
f 2659/10114 2616/10116 2658/10115
f 2616/10117 2659/10119 2615/10118
f 2357/10120 2647/10122 2550/10121
f 2647/10123 2357/10125 2355/10124
f 2361/10126 2553/10128 2649/10127
f 2553/10129 2361/10131 2359/10130
f 2577/10132 2649/10134 2650/10133
f 2649/10135 2577/10137 2361/10136
f 2362/10138 2577/10140 2578/10139
f 2577/10141 2362/10143 2361/10142
f 2660/10144 2578/10146 2538/10145
f 2578/10147 2660/10149 2362/10148
f 2595/10150 2650/10152 2609/10151
f 2650/10152 2595/10150 2577/10153
f 2539/10154 2578/10156 2597/10155
f 2578/10157 2539/10159 2538/10158
f 2588/10160 2556/10162 2557/10161
f 2556/10163 2588/10165 2581/10164
f 2611/10166 2582/10168 2586/10167
f 2582/10169 2611/10171 2646/10170
f 2584/10172 2563/10174 2562/10173
f 2563/10175 2584/10177 2587/10176
f 2652/10178 2585/10180 2583/10179
f 2585/10181 2652/10183 2612/10182
f 2661/10184 2562/10186 2662/10185
f 2562/10187 2661/10189 2584/10188
f 2653/10190 2583/10192 2663/10191
f 2583/10193 2653/10195 2652/10194
f 2584/10196 2663/10198 2583/10197
f 2663/10199 2584/10201 2661/10200
f 2664/10202 2662/10204 2665/10203
f 2363/10205 2590/10207 2364/10206
f 2590/10207 2363/10205 2566/10208
f 2546/10209 2364/10211 2590/10210
f 2364/10212 2546/10214 2373/10213
f 2599/10215 2566/10217 2363/10216
f 2566/10218 2599/10220 2600/10219
f 2329/10221 2599/10223 2363/10222
f 2599/10224 2329/10226 2328/10225
f 2365/10227 2271/10229 2270/10228
f 2271/10230 2365/10232 2644/10231
f 2574/10233 2644/10235 2365/10234
f 2644/10236 2574/10238 2643/10237
f 2366/10239 2574/10241 2365/10240
f 2574/10242 2366/10244 2573/10243
f 2375/10245 2573/10247 2366/10246
f 2573/10248 2375/10250 2376/10249
f 2567/10251 2643/10253 2574/10252
f 2643/10253 2567/10251 2568/10254
f 2555/10255 2573/10257 2376/10256
f 2573/10258 2555/10260 2571/10259
f 2591/10261 2546/10263 2590/10262
f 2546/10264 2591/10266 2547/10265
f 2613/10267 2566/10269 2600/10268
f 2566/10270 2613/10272 2593/10271
f 2355/10273 2581/10275 2582/10274
f 2581/10276 2355/10278 2356/10277
f 2556/10279 2356/10281 2666/10280
f 2356/10282 2556/10284 2581/10283
f 2647/10285 2582/10287 2646/10286
f 2582/10288 2647/10290 2355/10289
f 2667/10291 2314/10293 2325/10292
f 2325/10294 2668/10296 2667/10295
f 2668/10297 2325/10299 2324/10298
f 2579/10300 2536/10302 2596/10301
f 2536/10303 2579/10305 2535/10304
f 2658/10306 2594/10308 2610/10307
f 2594/10309 2658/10311 2580/10310
f 2669/10312 2535/10314 2579/10313
f 2535/10315 2669/10317 2384/10316
f 2616/10318 2580/10320 2658/10319
f 2580/10321 2616/10323 2670/10322
f 2579/10324 2670/10326 2669/10325
f 2670/10326 2579/10324 2580/10327
f 2671/10328 2384/10330 2669/10329
f 2384/10331 2671/10333 2383/10332
f 2617/10334 2670/10336 2616/10335
f 2670/10337 2617/10339 2672/10338
f 2672/10340 2669/10342 2670/10341
f 2669/10343 2672/10345 2671/10344
f 2338/10346 2383/10348 2671/10347
f 2383/10349 2338/10351 2337/10350
f 2311/10352 2672/10354 2617/10353
f 2672/10355 2311/10357 2310/10356
f 2310/10358 2671/10360 2672/10359
f 2671/10361 2310/10363 2338/10362
f 2576/10364 2554/10366 2379/10365
f 2554/10367 2576/10369 2572/10368
f 2605/10370 2570/10372 2575/10371
f 2570/10372 2605/10370 2569/10373
f 2602/10374 2379/10376 2380/10375
f 2662/10377 2664/10379 2661/10378
f 2654/10380 2663/10382 2673/10381
f 2663/10383 2654/10385 2653/10384
f 2673/10386 2661/10388 2664/10387
f 2661/10389 2673/10391 2663/10390
f 2319/10392 2665/10394 2320/10393
f 2665/10395 2319/10397 2664/10396
f 2317/10398 2673/10400 2318/10399
f 2673/10401 2317/10403 2654/10402
f 2318/10404 2664/10406 2319/10405
f 2664/10407 2318/10409 2673/10408
f 2564/10410 2545/10412 2589/10411
f 2545/10413 2564/10415 2544/10414
f 2655/10416 2592/10418 2614/10417
f 2592/10418 2655/10416 2565/10419
f 2674/10420 2544/10422 2564/10421
f 2544/10423 2674/10425 2368/10424
f 2656/10426 2565/10428 2655/10427
f 2565/10428 2656/10426 2675/10429
f 2564/10430 2675/10432 2674/10431
f 2675/10433 2564/10435 2565/10434
f 2668/10436 2368/10438 2674/10437
f 2368/10439 2668/10441 2367/10440
f 2657/10442 2675/10444 2656/10443
f 2675/10445 2657/10447 2667/10446
f 2667/10448 2674/10450 2675/10449
f 2674/10451 2667/10453 2668/10452
f 2324/10454 2367/10456 2668/10455
f 2367/10457 2324/10459 2323/10458
f 2314/10460 2667/10462 2657/10461
f 2676/10463 2438/10465 2441/10464
f 2445/10466 2534/10468 2385/10467
f 2534/10469 2445/10471 2442/10470
f 2447/10472 2385/10474 2386/10473
f 2385/10475 2447/10477 2445/10476
f 2399/10478 2386/10480 2387/10479
f 2386/10481 2399/10483 2447/10482
f 2449/10484 2381/10486 2382/10485
f 2381/10487 2449/10489 2394/10488
f 2394/10490 2392/10492 2381/10491
f 2392/10493 2394/10495 2395/10494
f 2395/10496 2390/10498 2392/10497
f 2390/10499 2395/10501 2396/10500
f 2402/10502 2387/10504 2388/10503
f 2387/10505 2402/10507 2399/10506
f 2396/10508 2389/10510 2390/10509
f 2389/10511 2396/10513 2403/10512
f 2403/10514 2388/10516 2389/10515
f 2388/10517 2403/10519 2402/10518
f 2406/10520 2343/10522 2374/10521
f 2343/10523 2406/10525 2290/10524
f 2408/10526 2374/10528 2543/10527
f 2374/10528 2408/10526 2406/10529
f 2283/10530 2378/10532 2342/10531
f 2378/10533 2283/10535 2409/10534
f 2409/10536 2377/10538 2378/10537
f 2377/10538 2409/10536 2411/10539
f 2287/10540 2372/10542 2346/10541
f 2372/10543 2287/10545 2413/10544
f 2677/10546 2679/10548 2678/10547
f 2677/10549 2680/10551 2679/10550
f 2681/10552 2680/10554 2677/10553
f 2681/10555 2682/10557 2680/10556
f 2681/10558 2683/10560 2682/10559
f 2684/10561 2683/10563 2681/10562
f 2657/10564 2685/10566 2314/10565
f 2657/10567 2684/10569 2685/10568
f 2686/10570 2684/10572 2657/10571
f 2686/10573 2683/10575 2684/10574
f 2686/10576 2687/10578 2683/10577
f 2686/10579 2328/10581 2687/10580
f 2686/10582 2688/10584 2328/10583
f 2425/10585 2689/10587 2541/10586
f 2689/10588 2425/10590 2422/10589
f 2422/10591 2690/10593 2689/10592
f 2690/10594 2422/10596 2426/10595
f 2426/10597 2691/10599 2690/10598
f 2691/10600 2426/10602 2428/10601
f 2433/10603 2542/10605 2369/10604
f 2542/10606 2433/10608 2430/10607
f 2435/10609 2369/10611 2370/10610
f 2369/10612 2435/10614 2433/10613
f 2437/10615 2370/10617 2692/10616
f 2370/10618 2437/10620 2435/10619
f 2428/10621 2693/10623 2691/10622
f 2693/10624 2428/10626 2438/10625
f 2441/10627 2692/10629 2676/10628
f 2692/10630 2441/10632 2437/10631
f 2438/10633 2676/10635 2693/10634
f 2360/10636 2694/10638 2548/10637
f 2694/10639 2360/10641 2350/10640
f 2292/10642 2350/10644 2347/10643
f 2350/10645 2292/10647 2282/10646
f 2354/10648 2275/10650 2293/10649
f 2275/10651 2354/10653 2351/10652
f 2323/10654 2370/10656 2367/10655
f 2370/10657 2323/10659 2692/10658
f 2322/10660 2692/10662 2323/10661
f 2692/10663 2322/10665 2676/10664
f 2321/10666 2676/10668 2322/10667
f 2676/10669 2321/10671 2693/10670
f 2320/10672 2693/10674 2321/10673
f 2693/10675 2320/10677 2691/10676
f 2662/10678 2690/10680 2665/10679
f 2690/10681 2662/10683 2689/10682
f 2665/10684 2691/10686 2320/10685
f 2691/10687 2665/10689 2690/10688
f 2562/10690 2689/10692 2662/10691
f 2689/10692 2562/10690 2541/10693
f 2666/10694 2540/10696 2556/10695
f 2540/10696 2666/10694 2695/10697
f 2538/10698 2696/10700 2660/10699
f 2696/10700 2538/10698 2537/10701
f 2384/10702 2534/10704 2535/10703
f 2534/10704 2384/10702 2385/10705
f 2546/10706 2374/10708 2373/10707
f 2374/10708 2546/10706 2543/10709
f 2368/10710 2542/10712 2544/10711
f 2542/10712 2368/10710 2369/10713
f 2416/10714 2339/10716 2371/10715
f 2339/10717 2416/10719 2286/10718
f 2413/10720 2371/10722 2372/10721
f 2371/10723 2413/10725 2416/10724
f 2420/10726 2540/10728 2695/10727
f 2540/10728 2420/10726 2417/10729
f 2293/10730 2695/10732 2354/10731
f 2695/10733 2293/10735 2420/10734
f 2274/10736 2347/10738 2696/10737
f 2347/10739 2274/10741 2292/10740
f 2273/10742 2696/10744 2537/10743
f 2696/10745 2273/10747 2274/10746
f 2278/10748 2351/10750 2697/10749
f 2351/10751 2278/10753 2275/10752
f 2280/10754 2697/10756 2694/10755
f 2697/10756 2280/10754 2278/10757
f 2282/10758 2694/10760 2350/10759
f 2694/10761 2282/10763 2280/10762
f 2286/10764 2342/10766 2339/10765
f 2342/10767 2286/10769 2283/10768
f 2290/10770 2346/10772 2343/10771
f 2346/10773 2290/10775 2287/10774
f 2660/10776 2347/10778 2362/10777
f 2347/10778 2660/10776 2696/10779
f 2356/10780 2695/10782 2666/10781
f 2695/10783 2356/10785 2354/10784
f 2549/10786 2351/10788 2358/10787
f 2351/10789 2549/10791 2697/10790
f 2548/10792 2697/10794 2549/10793
f 2697/10795 2548/10797 2694/10796
f 2686/10798 2640/10800 2638/10799
f 2640/10801 2686/10803 2657/10802
f 2654/10804 2632/10806 2633/10805
f 2632/10807 2654/10809 2698/10808
f 2607/10810 2699/10812 2622/10811
f 2699/10813 2607/10815 2700/10814
f 2701/10816 2645/10818 2702/10817
f 2645/10819 2701/10821 2644/10820
f 2703/10822 2618/10824 2704/10823
f 2618/10825 2703/10827 2617/10826
f 2649/10828 2705/10830 2648/10829
f 2705/10831 2649/10833 2706/10832
f 2599/10834 2639/10836 2598/10835
f 2639/10837 2599/10839 2688/10838
f 2678/10840 2634/10842 2631/10841
f 2634/10843 2678/10845 2647/10844
f 2326/10846 2708/10848 2707/10847
f 2708/10849 2326/10851 2271/10850
f 2313/10852 2709/10854 2331/10853
f 2709/10855 2313/10857 2710/10856
f 2552/10858 2711/10860 2553/10859
f 2711/10861 2552/10863 2712/10862
f 2315/10864 2685/10866 2713/10865
f 2685/10867 2315/10869 2314/10868
f 2316/10870 2677/10872 2317/10871
f 2677/10873 2316/10875 2714/10874
f 2551/10876 2716/10878 2715/10877
f 2716/10879 2551/10881 2550/10880
f 2312/10882 2718/10884 2717/10883
f 2315/10885 2714/10887 2316/10886
f 2719/10888 2315/10890 2713/10889
f 2719/10891 2714/10893 2315/10892
f 2720/10894 2714/10896 2719/10895
f 2620/10897 2642/10899 2629/10898
f 2702/10900 2622/10902 2699/10901
f 2645/10903 2622/10905 2702/10904
f 2645/10906 2621/10908 2622/10907
f 2645/10909 2619/10911 2621/10910
f 2645/10912 2620/10914 2619/10913
f 2645/10915 2642/10917 2620/10916
f 2710/10918 2722/10920 2721/10919
f 2313/10921 2722/10923 2710/10922
f 2312/10924 2722/10926 2313/10925
f 2717/10927 2722/10929 2312/10928
f 2615/10930 2704/10932 2618/10931
f 2659/10933 2704/10935 2615/10934
f 2623/10936 2659/10938 2624/10937
f 2623/10939 2704/10941 2659/10940
f 2651/10942 2704/10944 2623/10943
f 2648/10945 2704/10947 2651/10946
f 2705/10948 2704/10950 2648/10949
f 2551/10951 2712/10953 2552/10952
f 2723/10954 2551/10956 2715/10955
f 2723/10957 2712/10959 2551/10958
f 2724/10960 2712/10962 2723/10961
f 2725/10963 2326/10965 2707/10964
f 2726/10966 2725/10968 2727/10967
f 2726/10969 2326/10971 2725/10970
f 2327/10972 2326/10974 2726/10973
f 2708/10975 2725/10977 2707/10976
f 2719/10978 2685/10980 2684/10979
f 2685/10981 2719/10983 2713/10982
f 2681/10984 2714/10986 2720/10985
f 2714/10987 2681/10989 2677/10988
f 2328/10990 2688/10992 2599/10991
f 2644/10993 2708/10995 2271/10994
f 2701/10996 2708/10998 2644/10997
f 2701/10999 2728/11001 2708/11000
f 2331/11002 2700/11004 2607/11003
f 2331/11005 2701/11007 2700/11006
f 2709/11008 2701/11010 2331/11009
f 2709/11011 2728/11013 2701/11012
f 2709/11014 2683/11016 2728/11015
f 2682/11017 2683/11019 2709/11018
f 2617/11020 2718/11022 2311/11021
f 2617/11023 2729/11025 2718/11024
f 2703/11026 2729/11028 2617/11027
f 2553/11029 2706/11031 2649/11030
f 2553/11032 2703/11034 2706/11033
f 2711/11035 2703/11037 2553/11036
f 2711/11038 2729/11040 2703/11039
f 2711/11041 2682/11043 2729/11042
f 2680/11044 2682/11046 2711/11045
f 2647/11047 2716/11049 2550/11048
f 2678/11050 2716/11052 2647/11051
f 2678/11053 2679/11055 2716/11054
f 2317/11056 2698/11058 2654/11057
f 2317/11059 2678/11061 2698/11060
f 2677/11062 2678/11064 2317/11063
f 2718/11065 2312/11067 2311/11066
f 2327/11068 2687/11070 2328/11069
f 2687/11071 2327/11073 2726/11072
f 2727/11074 2728/11076 2683/11075
f 2728/11077 2727/11079 2725/11078
f 2721/11080 2729/11082 2682/11081
f 2729/11083 2721/11085 2722/11084
f 2684/11086 2720/11088 2719/11087
f 2720/11089 2684/11091 2681/11090
f 2679/11092 2724/11094 2723/11093
f 2724/11095 2679/11097 2680/11096
f 2700/11098 2702/11100 2699/11099
f 2702/11101 2700/11103 2701/11102
f 2706/11104 2704/11106 2705/11105
f 2704/11107 2706/11109 2703/11108
f 2688/11110 2638/11112 2639/11111
f 2638/11113 2688/11115 2686/11114
f 2698/11116 2631/11118 2632/11117
f 2631/11119 2698/11121 2678/11120
f 2682/11122 2710/11124 2721/11123
f 2710/11125 2682/11127 2709/11126
f 2722/11128 2718/11130 2729/11129
f 2718/11131 2722/11133 2717/11132
f 2683/11134 2726/11136 2727/11135
f 2726/11137 2683/11139 2687/11138
f 2723/11140 2716/11142 2679/11141
f 2716/11143 2723/11145 2715/11144
f 2680/11146 2712/11148 2724/11147
f 2712/11149 2680/11151 2711/11150
f 2725/11152 2708/11154 2728/11153
# 952 faces

g
